{
	"editor": {
		"collapsedPaths": "Root/origin/small24,Root/origin/small,Root/origin/small22",
		"allAngles": true,
		"entityTextureMode": false
	},
	"textureWidth": 16,
	"textureHeight": 16,
	"textureSizes": {
	},
	"textures": {
		"mycelium2": "block/plant/mushroom/mycelium2",
		"pigtail": "block/plant/mushroom/pigtail/pigtail",
		"pores": "block/plant/mushroom/pores"
	},
	"elements": [
		{
			"name": "origin",
			"from": [ 8.0, 0.0, 8.0 ],
			"to": [ 8.0, 0.0, 8.0 ],
			"rotationOrigin": [ 8.0, 0.0, 8.0 ],
			"faces": {
			},
			"children": [
				{
					"name": "mycelium",
					"from": [ -2.0, 0.1, -2.0 ],
					"to": [ 2.0, 0.1, 2.0 ],
					"renderPass": 3,
					"rotationOrigin": [ 0.0, 0.1, 0.0 ],
					"faces": {
						"up": { "texture": "#mycelium2", "uv": [ 6.0, 6.0, 10.0, 10.0 ] }
					}
				},
				{
					"name": "stem8",
					"from": [ -0.24, -0.42, -0.84 ],
					"to": [ 0.96, 2.38, 0.36 ],
					"rotationOrigin": [ 0.4, -0.42, -0.2 ],
					"rotationX": 0.0,
					"rotationY": -114.0,
					"rotationZ": 0.0,
					"faces": {
						"north": { "texture": "#pigtail", "uv": [ 0.5, 7.0, 1.5, 9.5 ] },
						"east": { "texture": "#pigtail", "uv": [ 1.0, 9.0, 2.0, 11.5 ] },
						"south": { "texture": "#pigtail", "uv": [ 1.0, 9.5, 2.0, 12.0 ] },
						"west": { "texture": "#pigtail", "uv": [ 1.0, 8.0, 2.0, 10.5 ] },
						"up": { "texture": "#pigtail", "uv": [ 0.0, 0.0, 1.0, 1.0 ] }
					},
					"children": [
						{
							"name": "stem9",
							"from": [ -0.0189, 2.2936, -0.1386 ],
							"to": [ 1.1811, 5.0936, 1.0614 ],
							"rotationOrigin": [ 0.6211, 2.2936, 0.5014 ],
							"rotationX": 50.82,
							"rotationY": -16.36,
							"rotationZ": 23.88,
							"faces": {
								"north": { "texture": "#pigtail", "uv": [ 0.5, 7.0, 1.7, 9.8 ] },
								"east": { "texture": "#pigtail", "uv": [ 1.0, 9.0, 2.2, 11.8 ] },
								"south": { "texture": "#pigtail", "uv": [ 1.0, 9.5, 2.2, 12.3 ] },
								"west": { "texture": "#pigtail", "uv": [ 1.0, 8.0, 2.2, 10.8 ] },
								"up": { "texture": "#pigtail", "uv": [ 0.0, 0.0, 1.2, 1.2 ] }
							},
							"children": [
								{
									"name": "stem10",
									"from": [ 0.2, 2.3, 0.0 ],
									"to": [ 1.4, 5.1, 1.2 ],
									"rotationOrigin": [ 0.84, 2.3, 0.64 ],
									"rotationX": -12.0,
									"rotationY": 3.0,
									"rotationZ": 48.0,
									"faces": {
										"north": { "texture": "#pigtail", "uv": [ 0.5, 7.0, 1.5, 9.5 ] },
										"east": { "texture": "#pigtail", "uv": [ 1.0, 9.0, 2.0, 11.5 ] },
										"south": { "texture": "#pigtail", "uv": [ 1.0, 9.5, 2.0, 12.0 ] },
										"west": { "texture": "#pigtail", "uv": [ 1.0, 8.0, 2.0, 10.5 ] },
										"up": { "texture": "#pigtail", "uv": [ 0.0, 0.0, 1.0, 1.0 ] }
									},
									"children": [
										{
											"name": "stem11",
											"from": [ -0.016, 2.256, 0.0 ],
											"to": [ 1.184, 5.056, 1.2 ],
											"rotationOrigin": [ 0.6266, 2.2598, 0.64 ],
											"rotationX": -44.91,
											"rotationY": -2.49,
											"rotationZ": 4.06,
											"faces": {
												"north": { "texture": "#pigtail", "uv": [ 0.5, 7.0, 1.7, 9.8 ] },
												"east": { "texture": "#pigtail", "uv": [ 1.0, 9.0, 2.2, 11.8 ] },
												"south": { "texture": "#pigtail", "uv": [ 1.0, 9.5, 2.2, 12.3 ] },
												"west": { "texture": "#pigtail", "uv": [ 1.0, 8.0, 2.2, 10.8 ] },
												"up": { "texture": "#pigtail", "uv": [ 0.0, 0.0, 1.2, 1.2 ] }
											},
											"children": [
												{
													"name": "stem12",
													"from": [ -0.3962, 2.5594, -0.4662 ],
													"to": [ 1.6038, 3.7594, 1.5338 ],
													"rotationOrigin": [ 0.2438, 2.5594, 0.1738 ],
													"faces": {
														"north": { "texture": "#pigtail", "uv": [ 0.5, 7.0, 2.5, 8.2 ] },
														"east": { "texture": "#pigtail", "uv": [ 1.0, 9.0, 3.0, 10.2 ] },
														"south": { "texture": "#pigtail", "uv": [ 1.0, 9.5, 3.0, 10.7 ] },
														"west": { "texture": "#pigtail", "uv": [ 1.0, 8.0, 3.0, 9.2 ] },
														"up": { "texture": "#pigtail", "uv": [ 0.0, 0.0, 2.0, 2.0 ] },
														"down": { "texture": "#pigtail", "uv": [ 1.5, 6.0, 3.5, 8.0 ] }
													}
												}
											]
										}
									]
								}
							]
						}
					]
				},
				{
					"name": "stem13",
					"from": [ -1.12, -0.38, 0.54 ],
					"to": [ -0.04, 2.14, 1.62 ],
					"rotationOrigin": [ -0.54, -0.378, 1.12 ],
					"rotationX": 180.0,
					"rotationY": -11.0,
					"rotationZ": -164.0,
					"faces": {
						"north": { "texture": "#pigtail", "uv": [ 0.5, 7.0, 1.5, 9.5 ] },
						"east": { "texture": "#pigtail", "uv": [ 1.0, 9.0, 2.0, 11.5 ] },
						"south": { "texture": "#pigtail", "uv": [ 1.0, 9.5, 2.0, 12.0 ] },
						"west": { "texture": "#pigtail", "uv": [ 1.0, 8.0, 2.0, 10.5 ] },
						"up": { "texture": "#pigtail", "uv": [ 0.0, 0.0, 1.0, 1.0 ] }
					},
					"children": [
						{
							"name": "stem14",
							"from": [ -0.12, 2.06, -0.02 ],
							"to": [ 0.96, 4.58, 1.06 ],
							"rotationOrigin": [ 0.459, 2.0642, 0.5512 ],
							"rotationX": -24.82,
							"rotationY": -16.0,
							"rotationZ": -23.0,
							"faces": {
								"north": { "texture": "#pigtail", "uv": [ 0.5, 7.0, 1.5, 9.5 ] },
								"east": { "texture": "#pigtail", "uv": [ 1.0, 9.0, 2.0, 11.5 ] },
								"south": { "texture": "#pigtail", "uv": [ 1.0, 9.5, 2.0, 12.0 ] },
								"west": { "texture": "#pigtail", "uv": [ 1.0, 8.0, 2.0, 10.5 ] },
								"up": { "texture": "#pigtail", "uv": [ 0.0, 0.0, 1.0, 1.0 ] }
							},
							"children": [
								{
									"name": "stem15",
									"from": [ 0.18, 2.07, 0.0 ],
									"to": [ 1.26, 4.59, 1.08 ],
									"rotationOrigin": [ 0.756, 2.07, 0.576 ],
									"rotationX": -12.0,
									"rotationY": 3.0,
									"rotationZ": -48.0,
									"faces": {
										"north": { "texture": "#pigtail", "uv": [ 0.5, 7.0, 1.4, 9.25 ] },
										"east": { "texture": "#pigtail", "uv": [ 1.0, 9.0, 1.9, 11.25 ] },
										"south": { "texture": "#pigtail", "uv": [ 1.0, 9.5, 1.9, 11.75 ] },
										"west": { "texture": "#pigtail", "uv": [ 1.0, 8.0, 1.9, 10.25 ] },
										"up": { "texture": "#pigtail", "uv": [ 0.0, 0.0, 0.9, 0.9 ] }
									},
									"children": [
										{
											"name": "stem16",
											"from": [ -0.0144, 2.0304, 0.0 ],
											"to": [ 1.0656, 4.5504, 1.08 ],
											"rotationOrigin": [ 0.564, 2.0339, 0.576 ],
											"rotationX": 44.91,
											"rotationY": -2.49,
											"rotationZ": 4.06,
											"faces": {
												"north": { "texture": "#pigtail", "uv": [ 0.5, 7.0, 1.4, 9.25 ] },
												"east": { "texture": "#pigtail", "uv": [ 1.0, 9.0, 1.9, 11.25 ] },
												"south": { "texture": "#pigtail", "uv": [ 1.0, 9.5, 1.9, 11.75 ] },
												"west": { "texture": "#pigtail", "uv": [ 1.0, 8.0, 1.9, 10.25 ] },
												"up": { "texture": "#pigtail", "uv": [ 0.0, 0.0, 0.9, 0.9 ] }
											},
											"children": [
												{
													"name": "stem17",
													"from": [ -0.3566, 2.3034, -0.4196 ],
													"to": [ 1.4434, 3.3834, 1.3804 ],
													"rotationOrigin": [ 0.2194, 2.3034, 0.1564 ],
													"faces": {
														"north": { "texture": "#pigtail", "uv": [ 0.5, 7.0, 2.3, 7.9 ] },
														"east": { "texture": "#pigtail", "uv": [ 1.0, 9.0, 2.8, 9.9 ] },
														"south": { "texture": "#pigtail", "uv": [ 1.0, 9.5, 2.8, 10.4 ] },
														"west": { "texture": "#pigtail", "uv": [ 1.0, 8.0, 2.8, 8.9 ] },
														"up": { "texture": "#pigtail", "uv": [ 0.0, 0.0, 1.8, 1.8 ] },
														"down": { "texture": "#pigtail", "uv": [ 1.5, 6.0, 3.3, 7.8 ] }
													}
												}
											]
										}
									]
								}
							]
						}
					]
				}
			]
		}
	]}