{
	"editor": {
		"allAngles": true,
		"entityTextureMode": false
	},
	"textureWidth": 16,
	"textureHeight": 16,
	"textureSizes": {
	},
	"textures": {
		"zubarf": "block/plant/mushroom/zubarf/zubarf",
		"gills": "block/plant/mushroom/gills"
	},
	"elements": [
		{
			"name": "origin",
			"from": [ 8.0, 0.0, 8.0 ], 
			"to": [ 8.0, 0.0, 8.0 ], 
			"rotationOrigin": [ 8.0, 0.0, 8.0 ],
			"faces": {
				"north": { "texture": "#null", "uv": [ 0.0, 0.0, 0.5, 0.5 ], "enabled": false },
				"east": { "texture": "#null", "uv": [ 0.0, 0.0, 0.5, 0.5 ], "enabled": false },
				"south": { "texture": "#null", "uv": [ 0.0, 0.0, 0.5, 0.5 ], "enabled": false },
				"west": { "texture": "#null", "uv": [ 0.0, 0.0, 0.5, 0.5 ], "enabled": false },
				"up": { "texture": "#null", "uv": [ 0.0, 0.0, 0.5, 0.5 ], "enabled": false },
				"down": { "texture": "#null", "uv": [ 0.0, 0.0, 0.5, 0.5 ], "enabled": false }
			},
			"children": [
				{
					"name": "stem1",
					"from": [ -5.1, -0.3, -6.5 ], 
					"to": [ -4.1, 0.7, -5.5 ], 
					"rotationOrigin": [ -4.6, -0.2, -6.0 ],
					"rotationY": 28.0,
					"rotationZ": -6.0,
					"faces": {
						"north": { "texture": "#zubarf", "uv": [ 9.0, 9.5, 10.0, 10.5 ] },
						"east": { "texture": "#zubarf", "uv": [ 11.0, 8.5, 12.0, 9.5 ] },
						"south": { "texture": "#zubarf", "uv": [ 11.5, 8.5, 12.5, 9.5 ] },
						"west": { "texture": "#zubarf", "uv": [ 9.5, 11.0, 10.5, 12.0 ] },
						"up": { "texture": "#zubarf", "uv": [ 10.0, 9.0, 11.0, 10.0 ], "windMode": [-1,-1,-1,-1] },
						"down": { "texture": "#zubarf", "uv": [ 11.5, 11.5, 12.5, 12.5 ] }
					}
				},
				{
					"name": "stem8",
					"from": [ 0.5, -0.2, -0.5 ], 
					"to": [ 1.5, 0.8, 0.5 ], 
					"rotationOrigin": [ 1.0, -0.1, 0.0 ],
					"rotationY": -42.0,
					"rotationZ": -14.0,
					"faces": {
						"north": { "texture": "#zubarf", "uv": [ 10.0, 10.5, 11.0, 11.5 ] },
						"east": { "texture": "#zubarf", "uv": [ 9.5, 11.5, 10.5, 12.5 ] },
						"south": { "texture": "#zubarf", "uv": [ 9.0, 11.0, 10.0, 12.0 ] },
						"west": { "texture": "#zubarf", "uv": [ 9.5, 11.5, 10.5, 12.5 ] },
						"up": { "texture": "#zubarf", "uv": [ 8.5, 10.0, 9.5, 11.0 ], "windMode": [-1,-1,-1,-1] },
						"down": { "texture": "#zubarf", "uv": [ 8.5, 12.5, 9.5, 13.5 ] }
					}
				},
				{
					"name": "stem10",
					"from": [ -5.5, -0.2, 4.5 ], 
					"to": [ -4.5, 0.3, 5.5 ], 
					"rotationOrigin": [ -5.0, -0.1, 5.0 ],
					"rotationY": 36.0,
					"rotationZ": -6.0,
					"faces": {
						"north": { "texture": "#zubarf", "uv": [ 14.0, 9.5, 15.0, 10.0 ] },
						"east": { "texture": "#zubarf", "uv": [ 12.5, 11.5, 13.5, 12.0 ] },
						"south": { "texture": "#zubarf", "uv": [ 12.5, 12.0, 13.5, 12.5 ] },
						"west": { "texture": "#zubarf", "uv": [ 12.0, 13.0, 13.0, 13.5 ] },
						"up": { "texture": "#zubarf", "uv": [ 7.0, 10.0, 8.0, 11.0 ], "windMode": [-1,-1,-1,-1] },
						"down": { "texture": "#zubarf", "uv": [ 12.5, 11.5, 13.5, 12.5 ] }
					}
				},
				{
					"name": "stem13",
					"from": [ -1.5, -0.2, 1.5 ], 
					"to": [ -0.5, 0.8, 2.5 ], 
					"rotationOrigin": [ -1.0, -0.1, 2.0 ],
					"rotationX": -6.0,
					"rotationY": 3.0,
					"rotationZ": 6.0,
					"faces": {
						"north": { "texture": "#zubarf", "uv": [ 7.5, 10.0, 8.5, 11.0 ] },
						"east": { "texture": "#zubarf", "uv": [ 12.0, 9.5, 13.0, 10.5 ] },
						"south": { "texture": "#zubarf", "uv": [ 11.0, 9.5, 12.0, 10.5 ] },
						"west": { "texture": "#zubarf", "uv": [ 11.5, 10.5, 12.5, 11.5 ] },
						"up": { "texture": "#zubarf", "uv": [ 10.5, 10.0, 11.5, 11.0 ], "windMode": [-1,-1,-1,-1] },
						"down": { "texture": "#zubarf", "uv": [ 8.5, 11.0, 9.5, 12.0 ] }
					}
				},
				{
					"name": "stem16",
					"from": [ 1.5, -0.2, 3.5 ], 
					"to": [ 2.5, 0.8, 4.5 ], 
					"rotationOrigin": [ 2.0, -0.1, 4.0 ],
					"rotationX": -6.0,
					"rotationY": 17.0,
					"rotationZ": 3.0,
					"faces": {
						"north": { "texture": "#zubarf", "uv": [ 9.5, 11.5, 10.5, 12.5 ] },
						"east": { "texture": "#zubarf", "uv": [ 10.0, 11.5, 11.0, 12.5 ] },
						"south": { "texture": "#zubarf", "uv": [ 9.5, 12.0, 10.5, 13.0 ] },
						"west": { "texture": "#zubarf", "uv": [ 10.5, 11.5, 11.5, 12.5 ] },
						"up": { "texture": "#zubarf", "uv": [ 8.0, 8.0, 9.0, 9.0 ], "windMode": [-1,-1,-1,-1] },
						"down": { "texture": "#zubarf", "uv": [ 8.5, 11.5, 9.5, 12.5 ] }
					}
				},
				{
					"name": "stem17",
					"from": [ 4.5, -0.2, -6.5 ], 
					"to": [ 5.5, 1.3, -5.5 ], 
					"rotationOrigin": [ 5.0, -0.1, -6.0 ],
					"rotationY": -75.0,
					"rotationZ": -3.0,
					"faces": {
						"north": { "texture": "#zubarf", "uv": [ 10.0, 12.0, 11.0, 13.5 ] },
						"east": { "texture": "#zubarf", "uv": [ 8.5, 10.5, 9.5, 12.0 ] },
						"south": { "texture": "#zubarf", "uv": [ 8.5, 9.5, 9.5, 11.0 ] },
						"west": { "texture": "#zubarf", "uv": [ 11.0, 9.5, 12.0, 11.0 ] },
						"up": { "texture": "#zubarf", "uv": [ 11.0, 9.5, 12.0, 10.5 ], "windMode": [-1,-1,-1,-1] },
						"down": { "texture": "#zubarf", "uv": [ 12.0, 9.5, 13.0, 10.5 ] }
					}
				},
				{
					"name": "stem18",
					"from": [ -2.4, -0.2, -4.4 ], 
					"to": [ -1.6, 0.8, -3.6 ], 
					"rotationOrigin": [ -2.0, -0.1, -4.0 ],
					"rotationX": -6.0,
					"rotationY": 17.0,
					"rotationZ": 3.0,
					"faces": {
						"north": { "texture": "#zubarf", "uv": [ 8.5, 10.0, 9.0, 11.0 ] },
						"east": { "texture": "#zubarf", "uv": [ 10.0, 11.0, 10.5, 12.0 ] },
						"south": { "texture": "#zubarf", "uv": [ 9.0, 10.0, 9.5, 11.0 ] },
						"west": { "texture": "#zubarf", "uv": [ 9.0, 9.0, 9.5, 10.0 ] },
						"up": { "texture": "#zubarf", "uv": [ 9.0, 12.0, 9.5, 12.5 ], "windMode": [-1,-1,-1,-1] },
						"down": { "texture": "#zubarf", "uv": [ 11.0, 11.0, 11.5, 11.5 ] }
					}
				},
				{
					"name": "stem20",
					"from": [ -0.4, -0.2, 5.6 ], 
					"to": [ 0.4, 0.8, 6.4 ], 
					"rotationOrigin": [ 0.0, -0.1, 6.0 ],
					"rotationX": -6.0,
					"rotationY": -19.0,
					"rotationZ": 3.0,
					"faces": {
						"north": { "texture": "#zubarf", "uv": [ 10.0, 10.5, 10.5, 11.5 ] },
						"east": { "texture": "#zubarf", "uv": [ 9.0, 11.5, 9.5, 12.5 ] },
						"south": { "texture": "#zubarf", "uv": [ 9.0, 11.5, 9.5, 12.5 ] },
						"west": { "texture": "#zubarf", "uv": [ 10.0, 10.5, 10.5, 11.5 ] },
						"up": { "texture": "#zubarf", "uv": [ 10.0, 10.5, 10.5, 11.0 ], "windMode": [-1,-1,-1,-1] },
						"down": { "texture": "#zubarf", "uv": [ 8.5, 10.5, 9.0, 11.0 ], "windMode": [-1,-1,-1,-1] }
					},
					"children": [
						{
							"name": "cap21",
							"from": [ -0.2, 0.8, -0.2 ], 
							"to": [ 1.0, 1.8, 1.0 ], 
							"rotationOrigin": [ 0.5, 0.8, 0.5 ],
							"rotationY": 6.0,
							"faces": {
								"north": { "texture": "#zubarf", "uv": [ 7.5, 1.0, 8.5, 2.0 ] },
								"east": { "texture": "#zubarf", "uv": [ 8.0, 0.5, 9.0, 1.5 ] },
								"south": { "texture": "#zubarf", "uv": [ 8.0, 1.5, 9.0, 2.5 ] },
								"west": { "texture": "#zubarf", "uv": [ 8.0, 1.0, 9.0, 2.0 ] },
								"up": { "texture": "#zubarf", "uv": [ 7.5, 4.0, 8.5, 5.0 ] },
								"down": { "texture": "#gills", "uv": [ 13.5, 9.0, 14.5, 10.0 ] }
							}
						}
					]
				}
			]
		}
	]}