{
	"editor": {
		"allAngles": true,
		"entityTextureMode": false
	},
	"textureWidth": 16,
	"textureHeight": 16,
	"textureSizes": {
	},
	"textures": {
		"zubarf": "block/plant/mushroom/zubarf/zubarf"
	},
	"elements": [
		{
			"name": "origin",
			"from": [ 8.0, 0.0, 8.0 ], 
			"to": [ 8.0, 0.0, 8.0 ], 
			"rotationOrigin": [ 8.0, 0.0, 8.0 ],
			"faces": {
				"north": { "texture": "#null", "uv": [ 0.0, 0.0, 0.5, 0.5 ], "enabled": false },
				"east": { "texture": "#null", "uv": [ 0.0, 0.0, 0.5, 0.5 ], "enabled": false },
				"south": { "texture": "#null", "uv": [ 0.0, 0.0, 0.5, 0.5 ], "enabled": false },
				"west": { "texture": "#null", "uv": [ 0.0, 0.0, 0.5, 0.5 ], "enabled": false },
				"up": { "texture": "#null", "uv": [ 0.0, 0.0, 0.5, 0.5 ], "enabled": false },
				"down": { "texture": "#null", "uv": [ 0.0, 0.0, 0.5, 0.5 ], "enabled": false }
			},
			"children": [
				{
					"name": "stem1",
					"from": [ -1.1, -0.3, -0.5 ], 
					"to": [ -0.1, 0.7, 0.5 ], 
					"rotationOrigin": [ -0.6, -0.2, 0.0 ],
					"rotationY": 28.0,
					"rotationZ": 14.0,
					"faces": {
						"north": { "texture": "#zubarf", "uv": [ 14.0, 12.5, 15.0, 13.5 ] },
						"east": { "texture": "#zubarf", "uv": [ 14.0, 13.5, 15.0, 14.5 ] },
						"south": { "texture": "#zubarf", "uv": [ 13.5, 12.0, 14.5, 13.0 ] },
						"west": { "texture": "#zubarf", "uv": [ 14.0, 10.5, 15.0, 11.5 ] },
						"up": { "texture": "#zubarf", "uv": [ 14.5, 14.0, 15.5, 15.0 ], "windMode": [-1,-1,-1,-1] },
						"down": { "texture": "#zubarf", "uv": [ 14.0, 13.0, 15.0, 14.0 ] }
					}
				},
				{
					"name": "stem5",
					"from": [ 3.5, -0.4, -4.5 ], 
					"to": [ 4.5, 0.6, -3.5 ], 
					"rotationOrigin": [ 4.0, -0.3, -4.0 ],
					"rotationX": 14.0,
					"rotationZ": -3.0,
					"faces": {
						"north": { "texture": "#zubarf", "uv": [ 10.0, 13.0, 11.0, 14.0 ] },
						"east": { "texture": "#zubarf", "uv": [ 10.0, 9.5, 11.0, 10.5 ] },
						"south": { "texture": "#zubarf", "uv": [ 9.0, 11.5, 10.0, 12.5 ] },
						"west": { "texture": "#zubarf", "uv": [ 8.0, 8.0, 9.0, 9.0 ] },
						"up": { "texture": "#zubarf", "uv": [ 8.5, 9.0, 9.5, 10.0 ], "windMode": [-1,-1,-1,-1] },
						"down": { "texture": "#zubarf", "uv": [ 7.5, 9.0, 8.5, 10.0 ] }
					}
				},
				{
					"name": "stem8",
					"from": [ -5.5, -0.1, 3.5 ], 
					"to": [ -4.5, 0.9, 4.5 ], 
					"rotationOrigin": [ -5.0, 0.0, 4.0 ],
					"rotationY": 6.0,
					"rotationZ": 8.0,
					"faces": {
						"north": { "texture": "#zubarf", "uv": [ 9.5, 10.0, 10.5, 11.0 ] },
						"east": { "texture": "#zubarf", "uv": [ 10.5, 10.0, 11.5, 11.0 ] },
						"south": { "texture": "#zubarf", "uv": [ 9.5, 11.5, 10.5, 12.5 ] },
						"west": { "texture": "#zubarf", "uv": [ 9.0, 11.5, 10.0, 12.5 ] },
						"up": { "texture": "#zubarf", "uv": [ 9.0, 8.0, 10.0, 9.0 ], "windMode": [-1,-1,-1,-1] },
						"down": { "texture": "#zubarf", "uv": [ 9.0, 10.5, 10.0, 11.5 ] }
					}
				},
				{
					"name": "stem10",
					"from": [ 1.5, -0.2, 2.5 ], 
					"to": [ 2.5, 0.3, 3.5 ], 
					"rotationOrigin": [ 2.0, -0.1, 3.0 ],
					"rotationY": 36.0,
					"rotationZ": -6.0,
					"faces": {
						"north": { "texture": "#zubarf", "uv": [ 12.0, 9.0, 13.0, 9.5 ] },
						"east": { "texture": "#zubarf", "uv": [ 12.0, 9.0, 13.0, 9.5 ] },
						"south": { "texture": "#zubarf", "uv": [ 7.5, 9.0, 8.5, 9.5 ] },
						"west": { "texture": "#zubarf", "uv": [ 0.0, 8.0, 1.0, 8.5 ], "windMode": [-1,-1,-1,-1] },
						"up": { "texture": "#zubarf", "uv": [ 8.5, 9.0, 9.5, 10.0 ], "windMode": [-1,-1,-1,-1] },
						"down": { "texture": "#zubarf", "uv": [ 9.0, 10.5, 10.0, 11.5 ], "windMode": [-1,-1,-1,-1] }
					}
				},
				{
					"name": "stem13",
					"from": [ -4.5, -0.2, -3.5 ], 
					"to": [ -3.5, 0.8, -2.5 ], 
					"rotationOrigin": [ -4.0, -0.1, -3.0 ],
					"rotationX": -6.0,
					"rotationY": 3.0,
					"rotationZ": 14.0,
					"faces": {
						"north": { "texture": "#zubarf", "uv": [ 9.0, 11.0, 10.0, 12.0 ] },
						"east": { "texture": "#zubarf", "uv": [ 9.5, 11.0, 10.5, 12.0 ] },
						"south": { "texture": "#zubarf", "uv": [ 9.5, 10.5, 10.5, 11.5 ] },
						"west": { "texture": "#zubarf", "uv": [ 9.0, 12.5, 10.0, 13.5 ] },
						"up": { "texture": "#zubarf", "uv": [ 10.0, 11.0, 11.0, 12.0 ], "windMode": [-1,-1,-1,-1] },
						"down": { "texture": "#zubarf", "uv": [ 8.5, 10.0, 9.5, 11.0 ] }
					}
				},
				{
					"name": "stem16",
					"from": [ -0.5, -0.2, 5.5 ], 
					"to": [ 0.5, 0.8, 6.5 ], 
					"rotationOrigin": [ 0.0, -0.1, 6.0 ],
					"rotationX": -6.0,
					"rotationY": 44.0,
					"rotationZ": 3.0,
					"faces": {
						"north": { "texture": "#zubarf", "uv": [ 1.0, 10.5, 2.0, 11.5 ] },
						"east": { "texture": "#zubarf", "uv": [ 6.0, 10.0, 7.0, 11.0 ] },
						"south": { "texture": "#zubarf", "uv": [ 0.0, 9.0, 1.0, 10.0 ] },
						"west": { "texture": "#zubarf", "uv": [ 4.5, 10.0, 5.5, 11.0 ] },
						"up": { "texture": "#zubarf", "uv": [ 5.5, 12.5, 6.5, 13.5 ], "windMode": [-1,-1,-1,-1] },
						"down": { "texture": "#zubarf", "uv": [ 2.5, 12.5, 3.5, 13.5 ], "windMode": [-1,-1,-1,-1] }
					}
				},
				{
					"name": "stem19",
					"from": [ 5.5, -0.2, -0.5 ], 
					"to": [ 6.5, 0.8, 0.5 ], 
					"rotationOrigin": [ 6.0, -0.1, 0.0 ],
					"rotationX": -6.0,
					"rotationY": 3.0,
					"rotationZ": 3.0,
					"faces": {
						"north": { "texture": "#zubarf", "uv": [ 2.5, 8.5, 3.5, 9.5 ] },
						"east": { "texture": "#zubarf", "uv": [ 4.0, 8.5, 5.0, 9.5 ] },
						"south": { "texture": "#zubarf", "uv": [ 3.0, 8.0, 4.0, 9.0 ] },
						"west": { "texture": "#zubarf", "uv": [ 2.5, 8.5, 3.5, 9.5 ] },
						"up": { "texture": "#zubarf", "uv": [ 6.5, 8.0, 7.5, 9.0 ], "windMode": [-1,-1,-1,-1] },
						"down": { "texture": "#zubarf", "uv": [ 7.0, 11.0, 8.0, 12.0 ] }
					}
				}
			]
		}
	]}