{
	"editor": {
		"collapsedPaths": "Root/stem1",
		"allAngles": true,
		"entityTextureMode": false
	},
	"textureWidth": 16,
	"textureHeight": 16,
	"textureSizes": {
	},
	"textures": {
		"zubarf": "block/plant/mushroom/zubarf/zubarf",
		"gills": "block/plant/mushroom/gills"		
	},
	"elements": [
		{
			"name": "origin",
			"from": [ 8.0, 0.0, 8.0 ],
			"to": [ 8.0, 0.0, 8.0 ],
			"rotationOrigin": [ 8.0, 0.0, 8.0 ],
			"faces": {
			},
			"children": [
				{
					"name": "stem8",
					"from": [ 3.38, 8.96, 8.0 ],
					"to": [ 3.98, 10.76, 8.6 ],
					"rotationOrigin": [ 3.68, 9.02, 8.3 ],
					"rotationX": -36.0,
					"rotationY": -280.0,
					"rotationZ": -14.0,
					"faces": {
						"north": { "texture": "#zubarf", "uv": [ 10.0, 10.5, 10.5, 12.0 ] },
						"east": { "texture": "#zubarf", "uv": [ 9.5, 11.5, 10.0, 13.0 ] },
						"south": { "texture": "#zubarf", "uv": [ 9.0, 11.0, 9.5, 12.5 ] },
						"west": { "texture": "#zubarf", "uv": [ 9.5, 11.5, 10.0, 13.0 ] },
						"up": { "texture": "#zubarf", "uv": [ 8.5, 10.0, 9.0, 10.5 ], "windMode": [-1,-1,-1,-1] },
						"down": { "texture": "#zubarf", "uv": [ 8.5, 12.5, 9.0, 13.0 ] }
					},
					"children": [
						{
							"name": "cap9",
							"from": [ -0.48, 1.5, -0.48 ],
							"to": [ 1.02, 2.1, 1.02 ],
							"rotationOrigin": [ 0.3, 1.5, 0.3 ],
							"rotationX": -14.0,
							"rotationZ": 19.0,
							"faces": {
								"north": { "texture": "#zubarf", "uv": [ 4.0, 3.5, 5.5, 4.1 ] },
								"east": { "texture": "#zubarf", "uv": [ 8.0, 2.5, 9.5, 3.1 ] },
								"south": { "texture": "#zubarf", "uv": [ 11.5, 3.5, 13.0, 4.1 ] },
								"west": { "texture": "#zubarf", "uv": [ 11.0, 6.0, 12.5, 6.6 ] },
								"up": { "texture": "#zubarf", "uv": [ 9.0, 3.5, 10.5, 5.0 ] },
								"down": { "texture": "#gills", "uv": [ 10.5, 10.0, 12.0, 11.5 ] }
							},
							"children": [
								{
									"name": "tip9",
									"from": [ 0.3, 0.6, 0.3 ],
									"to": [ 1.2, 1.5, 1.2 ],
									"rotationOrigin": [ 0.3, 0.6, 0.3 ],
									"faces": {
										"north": { "texture": "#zubarf", "uv": [ 9.5, 3.0, 10.4, 3.9 ] },
										"east": { "texture": "#zubarf", "uv": [ 8.0, 1.5, 8.9, 2.4 ] },
										"south": { "texture": "#zubarf", "uv": [ 3.0, 1.5, 3.9, 2.4 ] },
										"west": { "texture": "#zubarf", "uv": [ 4.0, 3.0, 4.9, 3.9 ] },
										"up": { "texture": "#zubarf", "uv": [ 4.0, 3.0, 4.9, 3.9 ] }
									}
								}
							]
						}
					]
				},
				{
					"name": "stem10",
					"from": [ -2.6, 3.44, 7.88 ],
					"to": [ -1.8, 6.24, 8.68 ],
					"rotationOrigin": [ -2.2, 3.52, 8.28 ],
					"rotationX": -36.0,
					"rotationY": -180.0,
					"rotationZ": -6.0,
					"faces": {
						"north": { "texture": "#zubarf", "uv": [ 14.0, 9.5, 14.5, 12.0 ] },
						"east": { "texture": "#zubarf", "uv": [ 12.5, 11.5, 13.0, 14.0 ] },
						"south": { "texture": "#zubarf", "uv": [ 12.5, 12.0, 13.0, 14.5 ] },
						"west": { "texture": "#zubarf", "uv": [ 12.0, 13.0, 12.5, 15.5 ] },
						"down": { "texture": "#zubarf", "uv": [ 12.5, 11.5, 13.0, 12.0 ] }
					},
					"children": [
						{
							"name": "cap11",
							"from": [ -0.4, 2.08, -0.32 ],
							"to": [ 1.2, 3.28, 1.28 ],
							"rotationOrigin": [ 0.4, 2.08, 0.48 ],
							"rotationX": -11.0,
							"rotationZ": 8.0,
							"faces": {
								"north": { "texture": "#zubarf", "uv": [ 0.0, 12.0, 1.6, 13.2 ] },
								"east": { "texture": "#zubarf", "uv": [ 2.0, 14.5, 3.6, 15.7 ] },
								"south": { "texture": "#zubarf", "uv": [ 2.5, 14.0, 4.1, 15.2 ] },
								"west": { "texture": "#zubarf", "uv": [ 3.5, 12.0, 5.1, 13.2 ] },
								"up": { "texture": "#zubarf", "uv": [ 5.0, 11.5, 6.6, 13.1 ] },
								"down": { "texture": "#gills", "uv": [ 2.5, 11.0, 4.1, 12.6 ] }
							},
							"children": [
								{
									"name": "tip12",
									"from": [ 0.24, 1.2, 0.24 ],
									"to": [ 1.36, 2.8, 1.36 ],
									"rotationOrigin": [ 0.8, 1.2, 0.8 ],
									"faces": {
										"north": { "texture": "#zubarf", "uv": [ 4.5, 9.5, 5.3, 11.1 ] },
										"east": { "texture": "#zubarf", "uv": [ 2.5, 9.5, 3.3, 11.1 ] },
										"south": { "texture": "#zubarf", "uv": [ 1.5, 10.5, 2.3, 12.1 ] },
										"west": { "texture": "#zubarf", "uv": [ 4.5, 11.5, 5.3, 13.1 ] },
										"up": { "texture": "#zubarf", "uv": [ 5.0, 10.5, 5.8, 11.3 ] }
									}
								}
							]
						}
					]
				}
			]
		},
		{
			"name": "origin",
			"from": [ 8.0, 0.0, 8.0 ],
			"to": [ 8.0, 0.0, 8.0 ],
			"rotationOrigin": [ 8.0, 0.0, 8.0 ],
			"faces": {
			},
			"children": [
				{
					"name": "stem1",
					"from": [ 5.48, 9.96, 8.0 ],
					"to": [ 6.28, 12.36, 8.8 ],
					"rotationOrigin": [ 5.88, 10.04, 8.4 ],
					"rotationX": -22.0,
					"rotationY": -94.0,
					"rotationZ": 14.0,
					"faces": {
						"north": { "texture": "#zubarf", "uv": [ 14.0, 12.5, 14.5, 14.5 ] },
						"east": { "texture": "#zubarf", "uv": [ 13.5, 11.5, 14.0, 13.5 ] },
						"south": { "texture": "#zubarf", "uv": [ 13.5, 12.0, 14.0, 14.0 ] },
						"west": { "texture": "#zubarf", "uv": [ 14.0, 10.5, 14.5, 12.5 ] },
						"up": { "texture": "#zubarf", "uv": [ 14.5, 14.0, 15.0, 14.5 ], "windMode": [-1,-1,-1,-1] },
						"down": { "texture": "#zubarf", "uv": [ 14.0, 13.0, 14.5, 13.5 ] }
					},
					"children": [
						{
							"name": "cap1",
							"from": [ -0.4, 2.24, -0.4 ],
							"to": [ 1.2, 3.84, 1.2 ],
							"rotationOrigin": [ 0.4, 2.24, 0.4 ],
							"rotationZ": -19.0,
							"faces": {
								"north": { "texture": "#zubarf", "uv": [ 1.5, 11.0, 3.1, 12.6 ] },
								"east": { "texture": "#zubarf", "uv": [ 3.0, 11.0, 4.6, 12.6 ] },
								"south": { "texture": "#zubarf", "uv": [ 2.5, 10.5, 4.1, 12.1 ] },
								"west": { "texture": "#zubarf", "uv": [ 4.0, 11.0, 5.6, 12.6 ] },
								"up": { "texture": "#zubarf", "uv": [ 2.5, 9.5, 4.1, 11.1 ] },
								"down": { "texture": "#gills", "uv": [ 4.5, 12.0, 6.1, 13.6 ] }
							},
							"children": [
								{
									"name": "tip1",
									"from": [ 0.24, 1.6, 0.24 ],
									"to": [ 1.36, 3.2, 1.36 ],
									"rotationOrigin": [ 0.8, 1.6, 0.8 ],
									"faces": {
										"north": { "texture": "#zubarf", "uv": [ 3.0, 10.0, 3.8, 11.6 ] },
										"east": { "texture": "#zubarf", "uv": [ 5.5, 12.5, 6.3, 14.1 ] },
										"south": { "texture": "#zubarf", "uv": [ 1.0, 12.0, 1.8, 13.6 ] },
										"west": { "texture": "#zubarf", "uv": [ 4.0, 11.5, 4.8, 13.1 ] },
										"up": { "texture": "#zubarf", "uv": [ 2.5, 13.5, 3.3, 14.3 ] }
									}
								}
							]
						}
					]
				},
				{
					"name": "stem5",
					"from": [ 3.5, 0.6, 8.0 ],
					"to": [ 4.5, 3.6, 9.0 ],
					"rotationOrigin": [ 4.0, 0.7, 8.5 ],
					"rotationX": -40.0,
					"rotationY": 90.0,
					"faces": {
						"north": { "texture": "#zubarf", "uv": [ 10.0, 13.0, 11.0, 16.0 ] },
						"east": { "texture": "#zubarf", "uv": [ 10.0, 9.5, 11.0, 12.5 ] },
						"south": { "texture": "#zubarf", "uv": [ 9.0, 11.5, 10.0, 14.5 ] },
						"west": { "texture": "#zubarf", "uv": [ 8.0, 8.0, 9.0, 11.0 ] },
						"up": { "texture": "#zubarf", "uv": [ 8.5, 9.0, 9.5, 10.0 ], "windMode": [-1,-1,-1,-1] },
						"down": { "texture": "#zubarf", "uv": [ 7.5, 9.0, 8.5, 10.0 ] }
					},
					"children": [
						{
							"name": "cap6",
							"from": [ -0.4, 2.6, -0.5 ],
							"to": [ 1.6, 4.6, 1.5 ],
							"rotationOrigin": [ 0.6, 2.6, 0.5 ],
							"rotationX": -14.0,
							"rotationZ": 17.0,
							"faces": {
								"north": { "texture": "#zubarf", "uv": [ 6.5, 3.0, 8.5, 5.0 ] },
								"east": { "texture": "#zubarf", "uv": [ 6.0, 4.5, 8.0, 6.5 ] },
								"south": { "texture": "#zubarf", "uv": [ 7.0, 4.0, 9.0, 6.0 ] },
								"west": { "texture": "#zubarf", "uv": [ 7.0, 3.5, 9.0, 5.5 ] },
								"up": { "texture": "#zubarf", "uv": [ 5.0, 5.0, 7.0, 7.0 ] },
								"down": { "texture": "#gills", "uv": [ 11.0, 10.5, 13.0, 12.5 ] }
							},
							"children": [
								{
									"name": "tip7",
									"from": [ 0.3, 2.0, 0.3 ],
									"to": [ 1.7, 3.5, 1.7 ],
									"rotationOrigin": [ 1.0, 2.0, 1.0 ],
									"faces": {
										"north": { "texture": "#zubarf", "uv": [ 8.0, 1.5, 9.0, 3.0 ] },
										"east": { "texture": "#zubarf", "uv": [ 7.5, 3.0, 8.5, 4.5 ] },
										"south": { "texture": "#zubarf", "uv": [ 7.0, 1.5, 8.0, 3.0 ] },
										"west": { "texture": "#zubarf", "uv": [ 7.5, 3.5, 8.5, 5.0 ] },
										"up": { "texture": "#zubarf", "uv": [ 8.0, 4.0, 9.0, 5.0 ] }
									}
								}
							]
						}
					]
				},
				{
					"name": "stem6",
					"from": [ -4.2, 3.44, 7.95 ],
					"to": [ -3.8, 4.64, 8.35 ],
					"rotationOrigin": [ -4.0, 3.48, 8.15 ],
					"rotationX": -40.0,
					"rotationY": 82.0,
					"faces": {
						"north": { "texture": "#zubarf", "uv": [ 10.0, 13.0, 10.5, 14.0 ] },
						"east": { "texture": "#zubarf", "uv": [ 10.0, 9.5, 10.5, 10.5 ] },
						"south": { "texture": "#zubarf", "uv": [ 9.0, 11.5, 9.5, 12.5 ] },
						"west": { "texture": "#zubarf", "uv": [ 8.0, 8.0, 8.5, 9.0 ] },
						"up": { "texture": "#zubarf", "uv": [ 8.5, 9.0, 9.0, 9.5 ] },
						"down": { "texture": "#zubarf", "uv": [ 7.5, 9.0, 8.0, 9.5 ] }
					},
					"children": [
						{
							"name": "cap7",
							"from": [ -0.16, 1.04, -0.2 ],
							"to": [ 0.64, 1.84, 0.6 ],
							"rotationOrigin": [ 0.24, 1.04, 0.2 ],
							"rotationX": 12.0,
							"rotationZ": 17.0,
							"faces": {
								"north": { "texture": "#zubarf", "uv": [ 6.5, 3.0, 7.3, 3.8 ] },
								"east": { "texture": "#zubarf", "uv": [ 6.0, 4.5, 6.8, 5.3 ] },
								"south": { "texture": "#zubarf", "uv": [ 7.0, 4.0, 7.8, 4.8 ] },
								"west": { "texture": "#zubarf", "uv": [ 7.0, 3.5, 7.8, 4.3 ] },
								"up": { "texture": "#zubarf", "uv": [ 5.0, 5.0, 5.8, 5.8 ] },
								"down": { "texture": "#gills", "uv": [ 11.0, 10.5, 11.8, 11.3 ] }
							},
							"children": [
								{
									"name": "tip8",
									"from": [ 0.12, 0.8, 0.12 ],
									"to": [ 0.68, 1.4, 0.68 ],
									"rotationOrigin": [ 0.4, 0.8, 0.4 ],
									"faces": {
										"north": { "texture": "#zubarf", "uv": [ 8.0, 1.5, 8.4, 2.1 ] },
										"east": { "texture": "#zubarf", "uv": [ 7.5, 3.0, 7.9, 3.6 ] },
										"south": { "texture": "#zubarf", "uv": [ 7.0, 1.5, 7.4, 2.1 ] },
										"west": { "texture": "#zubarf", "uv": [ 7.5, 3.5, 7.9, 4.1 ] },
										"up": { "texture": "#zubarf", "uv": [ 8.0, 4.0, 8.4, 4.4 ] }
									}
								}
							]
						}
					]
				},
				{
					"name": "stem7",
					"from": [ 0.8, 6.44, 7.95 ],
					"to": [ 1.2, 7.64, 8.35 ],
					"rotationOrigin": [ 1.0, 6.48, 8.15 ],
					"rotationX": -40.0,
					"rotationY": 82.0,
					"faces": {
						"north": { "texture": "#zubarf", "uv": [ 10.0, 13.0, 10.5, 14.0 ] },
						"east": { "texture": "#zubarf", "uv": [ 10.0, 9.5, 10.5, 10.5 ] },
						"south": { "texture": "#zubarf", "uv": [ 9.0, 11.5, 9.5, 12.5 ] },
						"west": { "texture": "#zubarf", "uv": [ 8.0, 8.0, 8.5, 9.0 ] },
						"up": { "texture": "#zubarf", "uv": [ 8.5, 9.0, 9.0, 9.5 ] },
						"down": { "texture": "#zubarf", "uv": [ 7.5, 9.0, 8.0, 9.5 ] }
					},
					"children": [
						{
							"name": "cap8",
							"from": [ -0.16, 1.04, -0.2 ],
							"to": [ 0.64, 1.84, 0.6 ],
							"rotationOrigin": [ 0.24, 1.04, 0.2 ],
							"rotationX": -10.0,
							"rotationZ": 17.0,
							"faces": {
								"north": { "texture": "#zubarf", "uv": [ 6.5, 3.0, 7.0, 3.5 ] },
								"east": { "texture": "#zubarf", "uv": [ 6.0, 4.5, 6.5, 5.0 ] },
								"south": { "texture": "#zubarf", "uv": [ 7.0, 4.0, 7.5, 4.5 ] },
								"west": { "texture": "#zubarf", "uv": [ 7.0, 3.5, 7.5, 4.0 ] },
								"up": { "texture": "#zubarf", "uv": [ 5.0, 5.0, 5.5, 5.5 ] },
								"down": { "texture": "#gills", "uv": [ 11.0, 10.5, 11.5, 11.0 ] }
							},
							"children": [
								{
									"name": "tip10",
									"from": [ 0.12, 0.8, 0.12 ],
									"to": [ 0.68, 1.4, 0.68 ],
									"rotationOrigin": [ 0.4, 0.8, 0.4 ],
									"faces": {
										"north": { "texture": "#zubarf", "uv": [ 8.0, 1.5, 8.5, 2.0 ] },
										"east": { "texture": "#zubarf", "uv": [ 7.5, 3.0, 8.0, 3.5 ] },
										"south": { "texture": "#zubarf", "uv": [ 7.0, 1.5, 7.5, 2.0 ] },
										"west": { "texture": "#zubarf", "uv": [ 7.5, 3.5, 8.0, 4.0 ] },
										"up": { "texture": "#zubarf", "uv": [ 8.0, 4.0, 8.5, 4.5 ] }
									}
								}
							]
						}
					]
				}
			]
		}
	]}