{
	"editor": {
		"collapsedPaths": "Root/stem1",
		"allAngles": true,
		"entityTextureMode": false
	},
	"textureWidth": 16,
	"textureHeight": 16,
	"textureSizes": {
	},
	"textures": {
		"zubarf": "block/plant/mushroom/zubarf/zubarf",
		"gills": "block/plant/mushroom/gills"
	},
	"elements": [
		{
			"name": "origin",
			"from": [ 8.0, 0.0, 8.0 ],
			"to": [ 8.0, 0.0, 8.0 ],
			"rotationOrigin": [ 8.0, 0.0, 8.0 ],
			"faces": {
			},
			"children": [
				{
					"name": "stem1",
					"from": [ -3.4, 3.7, 8.0 ],
					"to": [ -2.4, 6.7, 9.0 ],
					"rotationOrigin": [ -2.9, 3.8, 8.5 ],
					"rotationX": -22.0,
					"rotationY": -94.0,
					"rotationZ": 14.0,
					"faces": {
						"north": { "texture": "#zubarf", "uv": [ 14.0, 12.5, 15.0, 15.5 ] },
						"east": { "texture": "#zubarf", "uv": [ 13.5, 11.5, 14.5, 14.5 ] },
						"south": { "texture": "#zubarf", "uv": [ 13.5, 12.0, 14.5, 15.0 ] },
						"west": { "texture": "#zubarf", "uv": [ 14.0, 10.5, 15.0, 13.5 ] },
						"up": { "texture": "#zubarf", "uv": [ 14.5, 14.0, 15.5, 15.0 ], "windMode": [-1,-1,-1,-1] },
						"down": { "texture": "#zubarf", "uv": [ 14.0, 13.0, 15.0, 14.0 ] }
					},
					"children": [
						{
							"name": "cap1",
							"from": [ -0.5, 2.8, -0.5 ],
							"to": [ 1.5, 4.8, 1.5 ],
							"rotationOrigin": [ 0.5, 2.8, 0.5 ],
							"rotationZ": -19.0,
							"faces": {
								"north": { "texture": "#zubarf", "uv": [ 1.5, 11.0, 3.5, 13.0 ] },
								"east": { "texture": "#zubarf", "uv": [ 3.0, 11.0, 5.0, 13.0 ] },
								"south": { "texture": "#zubarf", "uv": [ 2.5, 10.5, 4.5, 12.5 ] },
								"west": { "texture": "#zubarf", "uv": [ 4.0, 11.0, 6.0, 13.0 ] },
								"up": { "texture": "#zubarf", "uv": [ 2.5, 9.5, 4.5, 11.5 ] },
								"down": { "texture": "#gills", "uv": [ 4.5, 12.0, 6.5, 14.0 ] }
							},
							"children": [
								{
									"name": "tip1",
									"from": [ 0.3, 2.0, 0.3 ],
									"to": [ 1.7, 4.0, 1.7 ],
									"rotationOrigin": [ 1.0, 2.0, 1.0 ],
									"faces": {
										"north": { "texture": "#zubarf", "uv": [ 3.0, 10.0, 4.0, 12.0 ] },
										"east": { "texture": "#zubarf", "uv": [ 5.5, 12.5, 6.5, 14.5 ] },
										"south": { "texture": "#zubarf", "uv": [ 1.0, 12.0, 2.0, 14.0 ] },
										"west": { "texture": "#zubarf", "uv": [ 4.0, 11.5, 5.0, 13.5 ] },
										"up": { "texture": "#zubarf", "uv": [ 2.5, 13.5, 3.5, 14.5 ] }
									}
								}
							]
						}
					]
				},
				{
					"name": "stem5",
					"from": [ 2.5, 0.6, 8.0 ],
					"to": [ 3.5, 3.6, 9.0 ],
					"rotationOrigin": [ 3.0, 0.7, 8.5 ],
					"rotationX": -40.0,
					"rotationY": 90.0,
					"faces": {
						"north": { "texture": "#zubarf", "uv": [ 10.0, 13.0, 11.0, 16.0 ] },
						"east": { "texture": "#zubarf", "uv": [ 10.0, 9.5, 11.0, 12.5 ] },
						"south": { "texture": "#zubarf", "uv": [ 9.0, 11.5, 10.0, 14.5 ] },
						"west": { "texture": "#zubarf", "uv": [ 8.0, 8.0, 9.0, 11.0 ] },
						"up": { "texture": "#zubarf", "uv": [ 8.5, 9.0, 9.5, 10.0 ], "windMode": [-1,-1,-1,-1] },
						"down": { "texture": "#zubarf", "uv": [ 7.5, 9.0, 8.5, 10.0 ] }
					},
					"children": [
						{
							"name": "cap6",
							"from": [ -0.4, 2.6, -0.5 ],
							"to": [ 1.6, 4.6, 1.5 ],
							"rotationOrigin": [ 0.6, 2.6, 0.5 ],
							"rotationX": -14.0,
							"rotationZ": 17.0,
							"faces": {
								"north": { "texture": "#zubarf", "uv": [ 6.5, 3.0, 8.5, 5.0 ] },
								"east": { "texture": "#zubarf", "uv": [ 6.0, 4.5, 8.0, 6.5 ] },
								"south": { "texture": "#zubarf", "uv": [ 7.0, 4.0, 9.0, 6.0 ] },
								"west": { "texture": "#zubarf", "uv": [ 7.0, 3.5, 9.0, 5.5 ] },
								"up": { "texture": "#zubarf", "uv": [ 5.0, 5.0, 7.0, 7.0 ] },
								"down": { "texture": "#gills", "uv": [ 11.0, 10.5, 13.0, 12.5 ] }
							},
							"children": [
								{
									"name": "tip7",
									"from": [ 0.3, 2.0, 0.3 ],
									"to": [ 1.7, 3.5, 1.7 ],
									"rotationOrigin": [ 1.0, 2.0, 1.0 ],
									"faces": {
										"north": { "texture": "#zubarf", "uv": [ 8.0, 1.5, 9.0, 3.0 ] },
										"east": { "texture": "#zubarf", "uv": [ 7.5, 3.0, 8.5, 4.5 ] },
										"south": { "texture": "#zubarf", "uv": [ 7.0, 1.5, 8.0, 3.0 ] },
										"west": { "texture": "#zubarf", "uv": [ 7.5, 3.5, 8.5, 5.0 ] },
										"up": { "texture": "#zubarf", "uv": [ 8.0, 4.0, 9.0, 5.0 ] }
									}
								}
							]
						}
					]
				},
				{
					"name": "stem6",
					"from": [ 4.6, 9.88, 7.9 ],
					"to": [ 5.4, 12.28, 8.7 ],
					"rotationOrigin": [ 5.0, 9.96, 8.3 ],
					"rotationX": -40.0,
					"rotationY": 82.0,
					"faces": {
						"north": { "texture": "#zubarf", "uv": [ 10.0, 13.0, 10.5, 15.0 ] },
						"east": { "texture": "#zubarf", "uv": [ 10.0, 9.5, 10.5, 11.5 ] },
						"south": { "texture": "#zubarf", "uv": [ 9.0, 11.5, 9.5, 13.5 ] },
						"west": { "texture": "#zubarf", "uv": [ 8.0, 8.0, 8.5, 10.0 ] },
						"up": { "texture": "#zubarf", "uv": [ 8.5, 9.0, 9.0, 9.5 ] },
						"down": { "texture": "#zubarf", "uv": [ 7.5, 9.0, 8.0, 9.5 ] }
					},
					"children": [
						{
							"name": "cap7",
							"from": [ -0.32, 2.08, -0.4 ],
							"to": [ 1.28, 3.68, 1.2 ],
							"rotationOrigin": [ 0.48, 2.08, 0.4 ],
							"rotationX": 12.0,
							"rotationZ": 17.0,
							"faces": {
								"north": { "texture": "#zubarf", "uv": [ 6.5, 3.0, 8.1, 4.6 ] },
								"east": { "texture": "#zubarf", "uv": [ 6.0, 4.5, 7.6, 6.1 ] },
								"south": { "texture": "#zubarf", "uv": [ 7.0, 4.0, 8.6, 5.6 ] },
								"west": { "texture": "#zubarf", "uv": [ 7.0, 3.5, 8.6, 5.1 ] },
								"up": { "texture": "#zubarf", "uv": [ 5.0, 5.0, 6.6, 6.6 ] },
								"down": { "texture": "#gills", "uv": [ 11.0, 10.5, 12.6, 12.1 ] }
							},
							"children": [
								{
									"name": "tip8",
									"from": [ 0.24, 1.6, 0.24 ],
									"to": [ 1.36, 2.8, 1.36 ],
									"rotationOrigin": [ 0.8, 1.6, 0.8 ],
									"faces": {
										"north": { "texture": "#zubarf", "uv": [ 8.0, 1.5, 8.8, 2.7 ] },
										"east": { "texture": "#zubarf", "uv": [ 7.5, 3.0, 8.3, 4.2 ] },
										"south": { "texture": "#zubarf", "uv": [ 7.0, 1.5, 7.8, 2.7 ] },
										"west": { "texture": "#zubarf", "uv": [ 7.5, 3.5, 8.3, 4.7 ] },
										"up": { "texture": "#zubarf", "uv": [ 8.0, 4.0, 8.8, 4.8 ] }
									}
								}
							]
						}
					]
				}
			]
		}
	]}