{
	"editor": {
		"collapsedPaths": "Root/origin/metal/metal28/metal33,Root/origin/metal/metal28/metal43,Root/origin/metal/metal28/metal35,Root/origin/metal/metal28/metal45,Root/origin/metal/metal28/metal37,Root/origin/metal/metal28/metal47,Root/origin/metal/metal28/metal39,Root/origin/metal/metal28/metal49,Root/origin/metal/metal16/metal10,Root/origin/metal/metal16,Root/origin/metal/metal28/metal51,Root/origin/metal/metal28/metal31,Root/origin/metal/metal10,Root/origin/metal/metal28/metal41",
		"allAngles": false,
		"entityTextureMode": true
	},
	"textureWidth": 16,
	"textureHeight": 16,
	"textureSizes": {
	},
	"textures": {
		"normal-cherryred": "C:/Users/777/Desktop/KhazadDum/assets/khazaddum/textures/item/book/normal-cherryred",
		"gold": "C:/Users/777/Desktop/KhazadDum/assets/khazaddum/textures/item/gold"
	},
	"elements": [
		{
			"name": "origin",
			"from": [ 8.0, 0.0, 8.0 ],
			"to": [ 8.0, 0.0, 8.0 ],
			"uv": [ 0.0, 0.0 ],
			"rotationOrigin": [ 8.0, 0.0, 8.0 ],
			"faces": {
			},
			"children": [
				{
					"name": "Pages",
					"from": [ -2.0, 0.4, -4.0 ],
					"to": [ 3.0, 1.4, 4.0 ],
					"autoUnwrap": false,
					"uv": [ 0.0, 0.0 ],
					"rotationOrigin": [ 0.0, 0.4, 0.0 ],
					"faces": {
						"north": { "texture": "#normal-cherryred", "uv": [ 5.0, 0.0, 7.0, 6.0 ], "rotation": 90, "autoUv": false, "windMode": [-1,-1,-1,-1] },
						"east": { "texture": "#normal-cherryred", "uv": [ 5.0, 0.0, 7.0, 6.0 ], "rotation": 90, "autoUv": false, "windMode": [-1,-1,-1,-1] },
						"south": { "texture": "#normal-cherryred", "uv": [ 5.0, 0.0, 7.0, 6.0 ], "rotation": 90, "autoUv": false, "windMode": [-1,-1,-1,-1] }
					},
					"children": [
						{
							"name": "CoverTop",
							"from": [ 0.0, 1.0, -0.2 ],
							"to": [ 5.2, 1.4, 8.2 ],
							"autoUnwrap": false,
							"uv": [ 0.0, 7.5 ],
							"rotationOrigin": [ 2.7, 1.0, 4.0 ],
							"faces": {
								"north": { "texture": "#normal-cherryred", "uv": [ 0.0, 15.5, 5.0, 16.0 ], "windMode": [-1,-1,-1,-1] },
								"east": { "texture": "#normal-cherryred", "uv": [ 7.0, 15.5, 15.0, 16.0 ], "windMode": [-1,-1,-1,-1] },
								"south": { "texture": "#normal-cherryred", "uv": [ 6.5, 15.5, 11.5, 16.0 ], "windMode": [-1,-1,-1,-1] },
								"up": { "texture": "#normal-cherryred", "uv": [ 10.5, 7.5, 16.0, 15.5 ], "autoUv": false, "windMode": [-1,-1,-1,-1] },
								"down": { "texture": "#normal-cherryred", "uv": [ 6.0, 7.5, 11.0, 15.5 ], "windMode": [-1,-1,-1,-1] }
							}
						},
						{
							"name": "CoverBottom",
							"from": [ 0.0, -0.4, -0.2 ],
							"to": [ 5.2, 0.0, 8.2 ],
							"autoUnwrap": false,
							"uv": [ 0.0, 7.5 ],
							"rotationOrigin": [ 2.7, -0.4, 4.0 ],
							"faces": {
								"north": { "texture": "#normal-cherryred", "uv": [ 0.0, 15.5, 5.0, 16.0 ], "windMode": [-1,-1,-1,-1] },
								"east": { "texture": "#normal-cherryred", "uv": [ 6.5, 15.5, 14.5, 16.0 ], "windMode": [-1,-1,-1,-1] },
								"south": { "texture": "#normal-cherryred", "uv": [ 5.0, 8.5, 5.5, 13.5 ], "rotation": 90, "windMode": [-1,-1,-1,-1] },
								"up": { "texture": "#normal-cherryred", "uv": [ 6.0, 7.5, 11.0, 15.5 ], "windMode": [-1,-1,-1,-1] },
								"down": { "texture": "#normal-cherryred", "uv": [ 6.0, 7.5, 11.0, 15.5 ], "windMode": [-1,-1,-1,-1] }
							}
						},
						{
							"name": "Back",
							"from": [ -0.3, -0.4, -0.2 ],
							"to": [ 0.0, 1.4, 8.2 ],
							"autoUnwrap": false,
							"uv": [ 1.5, -2.5 ],
							"rotationOrigin": [ -0.3, 0.5, 4.0 ],
							"faces": {
								"north": { "texture": "#normal-cherryred", "uv": [ 1.5, 5.5, 2.0, 7.0 ], "windMode": [-1,-1,-1,-1] },
								"east": { "texture": "#normal-cherryred", "uv": [ 2.0, 5.5, 10.0, 7.0 ], "windMode": [-1,-1,-1,-1] },
								"south": { "texture": "#normal-cherryred", "uv": [ 10.0, 5.5, 10.5, 7.0 ], "windMode": [-1,-1,-1,-1] },
								"west": { "texture": "#normal-cherryred", "uv": [ 9.0, 7.5, 10.5, 15.5 ], "rotation": 90, "windMode": [-1,-1,-1,-1] },
								"up": { "texture": "#normal-cherryred", "uv": [ 10.5, 7.5, 11.0, 15.5 ], "windMode": [-1,-1,-1,-1] },
								"down": { "texture": "#normal-cherryred", "uv": [ 10.5, 7.5, 11.0, 15.5 ], "windMode": [-1,-1,-1,-1] }
							}
						},
						{
							"name": "Backend",
							"from": [ -0.4, -0.2, -0.2 ],
							"to": [ -0.3, 1.2, 8.2 ],
							"autoUnwrap": false,
							"uv": [ 0.0, 6.0 ],
							"rotationOrigin": [ -0.6, 0.5, 4.0 ],
							"faces": {
								"north": { "texture": "#normal-cherryred", "uv": [ 0.0, 6.5, 0.5, 7.5 ], "windMode": [-1,-1,-1,-1] },
								"south": { "texture": "#normal-cherryred", "uv": [ 0.5, 6.5, 1.0, 7.5 ], "windMode": [-1,-1,-1,-1] },
								"west": { "texture": "#normal-cherryred", "uv": [ 0.0, 0.0, 3.5, 7.5 ], "rotation": 90, "autoUv": false, "windMode": [-1,-1,-1,-1] },
								"up": { "texture": "#normal-cherryred", "uv": [ 0.0, 6.0, 8.0, 6.5 ], "rotation": 90, "windMode": [-1,-1,-1,-1] },
								"down": { "texture": "#normal-cherryred", "uv": [ 0.0, 6.0, 8.0, 6.5 ], "rotation": 90, "windMode": [-1,-1,-1,-1] }
							}
						}
					]
				},
				{
					"name": "metal",
					"from": [ -2.6, 1.6, -4.2 ],
					"to": [ -2.3, 1.9, 4.2 ],
					"autoUnwrap": false,
					"uv": [ 0.0, 0.0 ],
					"rotationOrigin": [ -2.0, 1.0, -4.0 ],
					"faces": {
						"north": { "texture": "#gold", "uv": [ 0.0, 1.0, 0.25, 1.5 ] },
						"east": { "texture": "#gold", "uv": [ 0.5, 1.0, 8.75, 1.5 ], "windMode": [-1,-1,-1,-1] },
						"south": { "texture": "#gold", "uv": [ 1.5, 1.0, 1.75, 1.5 ], "windMode": [-1,-1,-1,-1] },
						"west": { "texture": "#gold", "uv": [ 2.0, 1.0, 10.25, 1.5 ], "windMode": [-1,-1,-1,-1] },
						"up": { "texture": "#gold", "uv": [ 0.0, 0.0, 0.25, 8.0 ], "windMode": [-1,-1,-1,-1] },
						"down": { "texture": "#gold", "uv": [ 0.5, 0.0, 0.75, 8.0 ], "windMode": [-1,-1,-1,-1] }
					},
					"children": [
						{
							"name": "metal2",
							"from": [ 0.0, -1.7, 0.0 ],
							"to": [ 0.3, -1.4, 8.4 ],
							"autoUnwrap": false,
							"uv": [ 0.0, 0.0 ],
							"rotationOrigin": [ 0.6, -1.6, 0.2 ],
							"faces": {
								"north": { "texture": "#gold", "uv": [ 0.0, 1.0, 0.25, 1.5 ] },
								"east": { "texture": "#gold", "uv": [ 0.5, 1.0, 8.75, 1.5 ], "windMode": [-1,-1,-1,-1] },
								"south": { "texture": "#gold", "uv": [ 1.5, 1.0, 1.75, 1.5 ], "windMode": [-1,-1,-1,-1] },
								"west": { "texture": "#gold", "uv": [ 2.0, 1.0, 10.25, 1.5 ], "windMode": [-1,-1,-1,-1] },
								"up": { "texture": "#gold", "uv": [ 0.0, 0.0, 0.25, 8.0 ], "windMode": [-1,-1,-1,-1] },
								"down": { "texture": "#gold", "uv": [ 0.5, 0.0, 0.75, 8.0 ], "windMode": [-1,-1,-1,-1] }
							}
						},
						{
							"name": "metal6",
							"from": [ 0.0, -1.7, -0.3 ],
							"to": [ 6.1, -1.4, 0.0 ],
							"autoUnwrap": false,
							"uv": [ 0.0, 0.0 ],
							"rotationOrigin": [ -0.4, -0.6, -0.8 ],
							"faces": {
								"north": { "texture": "#gold", "uv": [ 0.0, 1.0, 6.0, 1.5 ] },
								"east": { "texture": "#gold", "uv": [ 0.5, 1.0, 0.75, 1.5 ], "windMode": [-1,-1,-1,-1] },
								"south": { "texture": "#gold", "uv": [ 1.5, 1.0, 7.5, 1.5 ], "windMode": [-1,-1,-1,-1] },
								"west": { "texture": "#gold", "uv": [ 2.0, 1.0, 2.25, 1.5 ], "windMode": [-1,-1,-1,-1] },
								"up": { "texture": "#gold", "uv": [ 0.0, 0.0, 6.0, 0.5 ], "windMode": [-1,-1,-1,-1] },
								"down": { "texture": "#gold", "uv": [ 0.5, 0.0, 6.5, 0.5 ], "windMode": [-1,-1,-1,-1] }
							}
						},
						{
							"name": "metal7",
							"from": [ 0.0, -1.7, 8.4 ],
							"to": [ 6.1, -1.4, 8.7 ],
							"autoUnwrap": false,
							"uv": [ 0.0, 0.0 ],
							"rotationOrigin": [ -0.4, -0.6, 8.2 ],
							"faces": {
								"north": { "texture": "#gold", "uv": [ 0.0, 1.0, 6.0, 1.5 ] },
								"east": { "texture": "#gold", "uv": [ 0.5, 1.0, 0.75, 1.5 ], "windMode": [-1,-1,-1,-1] },
								"south": { "texture": "#gold", "uv": [ 1.5, 1.0, 7.5, 1.5 ], "windMode": [-1,-1,-1,-1] },
								"west": { "texture": "#gold", "uv": [ 2.0, 1.0, 2.25, 1.5 ], "windMode": [-1,-1,-1,-1] },
								"up": { "texture": "#gold", "uv": [ 0.0, 0.0, 6.0, 0.5 ], "windMode": [-1,-1,-1,-1] },
								"down": { "texture": "#gold", "uv": [ 0.5, 0.0, 6.5, 0.5 ], "windMode": [-1,-1,-1,-1] }
							}
						},
						{
							"name": "metal8",
							"from": [ 0.0, 0.0, 8.4 ],
							"to": [ 6.1, 0.3, 8.7 ],
							"autoUnwrap": false,
							"uv": [ 0.0, 0.0 ],
							"rotationOrigin": [ -0.4, 0.4, 8.2 ],
							"faces": {
								"north": { "texture": "#gold", "uv": [ 0.0, 1.0, 6.0, 1.5 ] },
								"east": { "texture": "#gold", "uv": [ 0.5, 1.0, 0.75, 1.5 ], "windMode": [-1,-1,-1,-1] },
								"south": { "texture": "#gold", "uv": [ 1.5, 1.0, 7.5, 1.5 ], "windMode": [-1,-1,-1,-1] },
								"west": { "texture": "#gold", "uv": [ 2.0, 1.0, 2.25, 1.5 ], "windMode": [-1,-1,-1,-1] },
								"up": { "texture": "#gold", "uv": [ 0.0, 0.0, 6.0, 0.5 ], "windMode": [-1,-1,-1,-1] },
								"down": { "texture": "#gold", "uv": [ 0.5, 0.0, 6.5, 0.5 ], "windMode": [-1,-1,-1,-1] }
							}
						},
						{
							"name": "metal9",
							"from": [ 0.0, -1.4, 8.4 ],
							"to": [ 0.3, 0.0, 8.7 ],
							"autoUnwrap": false,
							"uv": [ 0.0, 0.0 ],
							"rotationOrigin": [ -0.4, -0.6, 8.2 ],
							"faces": {
								"north": { "texture": "#gold", "uv": [ 0.0, 1.0, 0.25, 2.0 ] },
								"east": { "texture": "#gold", "uv": [ 0.5, 1.0, 0.75, 2.0 ], "windMode": [-1,-1,-1,-1] },
								"south": { "texture": "#gold", "uv": [ 1.5, 1.0, 1.75, 2.0 ], "windMode": [-1,-1,-1,-1] },
								"west": { "texture": "#gold", "uv": [ 2.0, 1.0, 2.25, 2.0 ], "windMode": [-1,-1,-1,-1] },
								"up": { "texture": "#gold", "uv": [ 0.0, 0.0, 0.25, 0.5 ], "windMode": [-1,-1,-1,-1] },
								"down": { "texture": "#gold", "uv": [ 0.5, 0.0, 0.75, 0.5 ], "windMode": [-1,-1,-1,-1] }
							}
						},
						{
							"name": "metal16",
							"from": [ 0.1, -1.0, 7.2 ],
							"to": [ 0.2, -0.9, 8.4 ],
							"autoUnwrap": false,
							"uv": [ 0.0, 0.0 ],
							"rotationOrigin": [ -0.4, -0.6, 6.2 ],
							"faces": {
								"north": { "texture": "#gold", "uv": [ 0.0, 1.0, 0.25, 1.5 ] },
								"east": { "texture": "#gold", "uv": [ 0.5, 1.0, 1.5, 1.5 ], "windMode": [-1,-1,-1,-1] },
								"south": { "texture": "#gold", "uv": [ 1.5, 1.0, 1.75, 1.5 ], "windMode": [-1,-1,-1,-1] },
								"west": { "texture": "#gold", "uv": [ 2.0, 1.0, 3.0, 1.5 ], "windMode": [-1,-1,-1,-1] },
								"up": { "texture": "#gold", "uv": [ 0.0, 0.0, 0.25, 1.0 ], "windMode": [-1,-1,-1,-1] },
								"down": { "texture": "#gold", "uv": [ 0.5, 0.0, 0.75, 1.0 ], "windMode": [-1,-1,-1,-1] }
							},
							"children": [
								{
									"name": "metal17",
									"from": [ 0.0, 0.5, 0.0 ],
									"to": [ 0.1, 0.6, 1.2 ],
									"autoUnwrap": false,
									"uv": [ 0.0, 0.0 ],
									"rotationOrigin": [ -0.5, 0.4, -0.8 ],
									"faces": {
										"north": { "texture": "#gold", "uv": [ 0.0, 1.0, 0.25, 1.5 ] },
										"east": { "texture": "#gold", "uv": [ 0.5, 1.0, 1.5, 1.5 ], "windMode": [-1,-1,-1,-1] },
										"south": { "texture": "#gold", "uv": [ 1.5, 1.0, 1.75, 1.5 ], "windMode": [-1,-1,-1,-1] },
										"west": { "texture": "#gold", "uv": [ 2.0, 1.0, 3.0, 1.5 ], "windMode": [-1,-1,-1,-1] },
										"up": { "texture": "#gold", "uv": [ 0.0, 0.0, 0.25, 1.0 ], "windMode": [-1,-1,-1,-1] },
										"down": { "texture": "#gold", "uv": [ 0.5, 0.0, 0.75, 1.0 ], "windMode": [-1,-1,-1,-1] }
									}
								},
								{
									"name": "metal18",
									"from": [ 0.0, 1.2, -0.253 ],
									"to": [ 0.1, 1.3, 0.497 ],
									"autoUnwrap": false,
									"uv": [ 0.0, 0.0 ],
									"rotationOrigin": [ -0.5, 1.2, -1.2 ],
									"rotationX": 45.0,
									"faces": {
										"north": { "texture": "#gold", "uv": [ 0.0, 1.0, 0.25, 1.5 ] },
										"east": { "texture": "#gold", "uv": [ 0.5, 1.0, 1.25, 1.5 ], "windMode": [-1,-1,-1,-1] },
										"south": { "texture": "#gold", "uv": [ 1.5, 1.0, 1.75, 1.5 ], "windMode": [-1,-1,-1,-1] },
										"west": { "texture": "#gold", "uv": [ 2.0, 1.0, 2.75, 1.5 ], "windMode": [-1,-1,-1,-1] },
										"up": { "texture": "#gold", "uv": [ 0.0, 0.0, 0.25, 0.5 ], "windMode": [-1,-1,-1,-1] },
										"down": { "texture": "#gold", "uv": [ 0.5, 0.0, 0.75, 0.5 ], "windMode": [-1,-1,-1,-1] }
									}
								},
								{
									"name": "metal19",
									"from": [ 0.0, -0.588, -0.124 ],
									"to": [ 0.1, -0.488, 0.626 ],
									"autoUnwrap": false,
									"uv": [ 0.0, 0.0 ],
									"rotationOrigin": [ -0.5, -0.7, -1.0 ],
									"rotationX": -45.0,
									"faces": {
										"north": { "texture": "#gold", "uv": [ 0.0, 1.0, 0.25, 1.5 ] },
										"east": { "texture": "#gold", "uv": [ 0.5, 1.0, 1.25, 1.5 ], "windMode": [-1,-1,-1,-1] },
										"south": { "texture": "#gold", "uv": [ 1.5, 1.0, 1.75, 1.5 ], "windMode": [-1,-1,-1,-1] },
										"west": { "texture": "#gold", "uv": [ 2.0, 1.0, 2.75, 1.5 ], "windMode": [-1,-1,-1,-1] },
										"up": { "texture": "#gold", "uv": [ 0.0, 0.0, 0.25, 0.5 ], "windMode": [-1,-1,-1,-1] },
										"down": { "texture": "#gold", "uv": [ 0.5, 0.0, 0.75, 0.5 ], "windMode": [-1,-1,-1,-1] }
									}
								},
								{
									"name": "metal23",
									"from": [ 0.0, 1.298, -0.7526 ],
									"to": [ 0.1, 1.398, -0.1026 ],
									"autoUnwrap": false,
									"uv": [ 0.0, 0.0 ],
									"rotationOrigin": [ -0.5, 1.2, -1.8 ],
									"rotationX": 45.0,
									"faces": {
										"north": { "texture": "#gold", "uv": [ 0.0, 1.0, 0.25, 1.5 ] },
										"east": { "texture": "#gold", "uv": [ 0.5, 1.0, 1.0, 1.5 ], "windMode": [-1,-1,-1,-1] },
										"south": { "texture": "#gold", "uv": [ 1.5, 1.0, 1.75, 1.5 ], "windMode": [-1,-1,-1,-1] },
										"west": { "texture": "#gold", "uv": [ 2.0, 1.0, 2.5, 1.5 ], "windMode": [-1,-1,-1,-1] },
										"up": { "texture": "#gold", "uv": [ 0.0, 0.0, 0.25, 0.5 ], "windMode": [-1,-1,-1,-1] },
										"down": { "texture": "#gold", "uv": [ 0.5, 0.0, 0.75, 0.5 ], "windMode": [-1,-1,-1,-1] }
									}
								},
								{
									"name": "metal24",
									"from": [ 0.0, -0.616, -0.595 ],
									"to": [ 0.1, -0.516, 0.0561 ],
									"autoUnwrap": false,
									"uv": [ 0.0, 0.0 ],
									"rotationOrigin": [ -0.5, -0.7, -1.5 ],
									"rotationX": -45.0,
									"faces": {
										"north": { "texture": "#gold", "uv": [ 0.0, 1.0, 0.25, 1.5 ] },
										"east": { "texture": "#gold", "uv": [ 0.5, 1.0, 1.0, 1.5 ], "windMode": [-1,-1,-1,-1] },
										"south": { "texture": "#gold", "uv": [ 1.5, 1.0, 1.75, 1.5 ], "windMode": [-1,-1,-1,-1] },
										"west": { "texture": "#gold", "uv": [ 2.0, 1.0, 2.5, 1.5 ], "windMode": [-1,-1,-1,-1] },
										"up": { "texture": "#gold", "uv": [ 0.0, 0.0, 0.25, 0.5 ], "windMode": [-1,-1,-1,-1] },
										"down": { "texture": "#gold", "uv": [ 0.5, 0.0, 0.75, 0.5 ], "windMode": [-1,-1,-1,-1] }
									}
								},
								{
									"name": "metal25",
									"from": [ 0.0, 0.5, -3.12 ],
									"to": [ 0.1, 0.6, -0.92 ],
									"autoUnwrap": false,
									"uv": [ 0.0, 0.0 ],
									"rotationOrigin": [ -0.5, 0.4, -3.9 ],
									"faces": {
										"north": { "texture": "#gold", "uv": [ 0.0, 1.0, 0.25, 1.5 ] },
										"east": { "texture": "#gold", "uv": [ 0.5, 1.0, 2.5, 1.5 ], "windMode": [-1,-1,-1,-1] },
										"south": { "texture": "#gold", "uv": [ 1.5, 1.0, 1.75, 1.5 ], "windMode": [-1,-1,-1,-1] },
										"west": { "texture": "#gold", "uv": [ 2.0, 1.0, 4.0, 1.5 ], "windMode": [-1,-1,-1,-1] },
										"up": { "texture": "#gold", "uv": [ 0.0, 0.0, 0.25, 2.0 ], "windMode": [-1,-1,-1,-1] },
										"down": { "texture": "#gold", "uv": [ 0.5, 0.0, 0.75, 2.0 ], "windMode": [-1,-1,-1,-1] }
									}
								},
								{
									"name": "metal26",
									"from": [ 0.0, 0.0, -3.12 ],
									"to": [ 0.1, 0.1, -0.92 ],
									"autoUnwrap": false,
									"uv": [ 0.0, 0.0 ],
									"rotationOrigin": [ -0.5, 0.4, -3.9 ],
									"faces": {
										"north": { "texture": "#gold", "uv": [ 0.0, 1.0, 0.25, 1.5 ] },
										"east": { "texture": "#gold", "uv": [ 0.5, 1.0, 2.5, 1.5 ], "windMode": [-1,-1,-1,-1] },
										"south": { "texture": "#gold", "uv": [ 1.5, 1.0, 1.75, 1.5 ], "windMode": [-1,-1,-1,-1] },
										"west": { "texture": "#gold", "uv": [ 2.0, 1.0, 4.0, 1.5 ], "windMode": [-1,-1,-1,-1] },
										"up": { "texture": "#gold", "uv": [ 0.0, 0.0, 0.25, 2.0 ], "windMode": [-1,-1,-1,-1] },
										"down": { "texture": "#gold", "uv": [ 0.5, 0.0, 0.75, 2.0 ], "windMode": [-1,-1,-1,-1] }
									}
								},
								{
									"name": "metal10",
									"from": [ -0.1, -0.4, -7.5 ],
									"to": [ 0.2, 1.0, -7.2 ],
									"autoUnwrap": false,
									"uv": [ 0.0, 0.0 ],
									"rotationOrigin": [ -0.5, 0.4, -8.0 ],
									"faces": {
										"north": { "texture": "#gold", "uv": [ 0.0, 1.0, 0.25, 2.0 ] },
										"east": { "texture": "#gold", "uv": [ 0.5, 1.0, 0.75, 2.0 ], "windMode": [-1,-1,-1,-1] },
										"south": { "texture": "#gold", "uv": [ 1.5, 1.0, 1.75, 2.0 ], "windMode": [-1,-1,-1,-1] },
										"west": { "texture": "#gold", "uv": [ 2.0, 1.0, 2.25, 2.0 ], "windMode": [-1,-1,-1,-1] },
										"up": { "texture": "#gold", "uv": [ 0.0, 0.0, 0.25, 0.5 ], "windMode": [-1,-1,-1,-1] },
										"down": { "texture": "#gold", "uv": [ 0.5, 0.0, 0.75, 0.5 ], "windMode": [-1,-1,-1,-1] }
									},
									"children": [
										{
											"name": "metal11",
											"from": [ 0.1, 0.4, 0.3 ],
											"to": [ 0.2, 0.5, 1.5 ],
											"autoUnwrap": false,
											"uv": [ 0.0, 0.0 ],
											"rotationOrigin": [ -0.4, 0.8, -0.5 ],
											"faces": {
												"north": { "texture": "#gold", "uv": [ 0.0, 1.0, 0.25, 1.5 ] },
												"east": { "texture": "#gold", "uv": [ 0.5, 1.0, 1.5, 1.5 ], "windMode": [-1,-1,-1,-1] },
												"south": { "texture": "#gold", "uv": [ 1.5, 1.0, 1.75, 1.5 ], "windMode": [-1,-1,-1,-1] },
												"west": { "texture": "#gold", "uv": [ 2.0, 1.0, 3.0, 1.5 ], "windMode": [-1,-1,-1,-1] },
												"up": { "texture": "#gold", "uv": [ 0.0, 0.0, 0.25, 1.0 ], "windMode": [-1,-1,-1,-1] },
												"down": { "texture": "#gold", "uv": [ 0.5, 0.0, 0.75, 1.0 ], "windMode": [-1,-1,-1,-1] }
											}
										},
										{
											"name": "metal12",
											"from": [ 0.1, 0.9, 0.3 ],
											"to": [ 0.2, 1.0, 1.5 ],
											"autoUnwrap": false,
											"uv": [ 0.0, 0.0 ],
											"rotationOrigin": [ -0.4, 0.8, -0.5 ],
											"faces": {
												"north": { "texture": "#gold", "uv": [ 0.0, 1.0, 0.25, 1.5 ] },
												"east": { "texture": "#gold", "uv": [ 0.5, 1.0, 1.5, 1.5 ], "windMode": [-1,-1,-1,-1] },
												"south": { "texture": "#gold", "uv": [ 1.5, 1.0, 1.75, 1.5 ], "windMode": [-1,-1,-1,-1] },
												"west": { "texture": "#gold", "uv": [ 2.0, 1.0, 3.0, 1.5 ], "windMode": [-1,-1,-1,-1] },
												"up": { "texture": "#gold", "uv": [ 0.0, 0.0, 0.25, 1.0 ], "windMode": [-1,-1,-1,-1] },
												"down": { "texture": "#gold", "uv": [ 0.5, 0.0, 0.75, 1.0 ], "windMode": [-1,-1,-1,-1] }
											}
										},
										{
											"name": "metal13",
											"from": [ 0.1, 1.6415, 1.69 ],
											"to": [ 0.2, 1.7415, 2.44 ],
											"autoUnwrap": false,
											"uv": [ 0.0, 0.0 ],
											"rotationOrigin": [ -0.4, 1.6, 0.7 ],
											"rotationX": 45.0,
											"faces": {
												"north": { "texture": "#gold", "uv": [ 0.0, 1.0, 0.25, 1.5 ] },
												"east": { "texture": "#gold", "uv": [ 0.5, 1.0, 1.25, 1.5 ], "windMode": [-1,-1,-1,-1] },
												"south": { "texture": "#gold", "uv": [ 1.5, 1.0, 1.75, 1.5 ], "windMode": [-1,-1,-1,-1] },
												"west": { "texture": "#gold", "uv": [ 2.0, 1.0, 2.75, 1.5 ], "windMode": [-1,-1,-1,-1] },
												"up": { "texture": "#gold", "uv": [ 0.0, 0.0, 0.25, 0.5 ], "windMode": [-1,-1,-1,-1] },
												"down": { "texture": "#gold", "uv": [ 0.5, 0.0, 0.75, 0.5 ], "windMode": [-1,-1,-1,-1] }
											}
										},
										{
											"name": "metal14",
											"from": [ 0.1, -0.229, 1.819 ],
											"to": [ 0.2, -0.129, 2.569 ],
											"autoUnwrap": false,
											"uv": [ 0.0, 0.0 ],
											"rotationOrigin": [ -0.4, -0.3, 0.9 ],
											"rotationX": -45.0,
											"faces": {
												"north": { "texture": "#gold", "uv": [ 0.0, 1.0, 0.25, 1.5 ] },
												"east": { "texture": "#gold", "uv": [ 0.5, 1.0, 1.25, 1.5 ], "windMode": [-1,-1,-1,-1] },
												"south": { "texture": "#gold", "uv": [ 1.5, 1.0, 1.75, 1.5 ], "windMode": [-1,-1,-1,-1] },
												"west": { "texture": "#gold", "uv": [ 2.0, 1.0, 2.75, 1.5 ], "windMode": [-1,-1,-1,-1] },
												"up": { "texture": "#gold", "uv": [ 0.0, 0.0, 0.25, 0.5 ], "windMode": [-1,-1,-1,-1] },
												"down": { "texture": "#gold", "uv": [ 0.5, 0.0, 0.75, 0.5 ], "windMode": [-1,-1,-1,-1] }
											}
										},
										{
											"name": "metal15",
											"from": [ 0.1, -0.172, 2.319 ],
											"to": [ 0.2, -0.072, 2.969 ],
											"autoUnwrap": false,
											"uv": [ 0.0, 0.0 ],
											"rotationOrigin": [ -0.4, -0.2, 1.4 ],
											"rotationX": -45.0,
											"faces": {
												"north": { "texture": "#gold", "uv": [ 0.0, 1.0, 0.25, 1.5 ] },
												"east": { "texture": "#gold", "uv": [ 0.5, 1.0, 1.0, 1.5 ], "windMode": [-1,-1,-1,-1] },
												"south": { "texture": "#gold", "uv": [ 1.5, 1.0, 1.75, 1.5 ], "windMode": [-1,-1,-1,-1] },
												"west": { "texture": "#gold", "uv": [ 2.0, 1.0, 2.5, 1.5 ], "windMode": [-1,-1,-1,-1] },
												"up": { "texture": "#gold", "uv": [ 0.0, 0.0, 0.25, 0.5 ], "windMode": [-1,-1,-1,-1] },
												"down": { "texture": "#gold", "uv": [ 0.5, 0.0, 0.75, 0.5 ], "windMode": [-1,-1,-1,-1] }
											}
										},
										{
											"name": "metal20",
											"from": [ 0.1, 1.6135, 2.26 ],
											"to": [ 0.2, 1.7135, 2.91 ],
											"autoUnwrap": false,
											"uv": [ 0.0, 0.0 ],
											"rotationOrigin": [ -0.4, 1.6, 1.2 ],
											"rotationX": 45.0,
											"faces": {
												"north": { "texture": "#gold", "uv": [ 0.0, 1.0, 0.25, 1.5 ] },
												"east": { "texture": "#gold", "uv": [ 0.5, 1.0, 1.0, 1.5 ], "windMode": [-1,-1,-1,-1] },
												"south": { "texture": "#gold", "uv": [ 1.5, 1.0, 1.75, 1.5 ], "windMode": [-1,-1,-1,-1] },
												"west": { "texture": "#gold", "uv": [ 2.0, 1.0, 2.5, 1.5 ], "windMode": [-1,-1,-1,-1] },
												"up": { "texture": "#gold", "uv": [ 0.0, 0.0, 0.25, 0.5 ], "windMode": [-1,-1,-1,-1] },
												"down": { "texture": "#gold", "uv": [ 0.5, 0.0, 0.75, 0.5 ], "windMode": [-1,-1,-1,-1] }
											}
										},
										{
											"name": "metal21",
											"from": [ 0.1, 0.4, 2.419 ],
											"to": [ 0.2, 0.5, 4.619 ],
											"autoUnwrap": false,
											"uv": [ 0.0, 0.0 ],
											"rotationOrigin": [ -0.4, 0.8, 1.6 ],
											"faces": {
												"north": { "texture": "#gold", "uv": [ 0.0, 1.0, 0.25, 1.5 ] },
												"east": { "texture": "#gold", "uv": [ 0.5, 1.0, 2.5, 1.5 ], "windMode": [-1,-1,-1,-1] },
												"south": { "texture": "#gold", "uv": [ 1.5, 1.0, 1.75, 1.5 ], "windMode": [-1,-1,-1,-1] },
												"west": { "texture": "#gold", "uv": [ 2.0, 1.0, 4.0, 1.5 ], "windMode": [-1,-1,-1,-1] },
												"up": { "texture": "#gold", "uv": [ 0.0, 0.0, 0.25, 2.0 ], "windMode": [-1,-1,-1,-1] },
												"down": { "texture": "#gold", "uv": [ 0.5, 0.0, 0.75, 2.0 ], "windMode": [-1,-1,-1,-1] }
											}
										},
										{
											"name": "metal22",
											"from": [ 0.1, 0.9, 2.419 ],
											"to": [ 0.2, 1.0, 4.619 ],
											"autoUnwrap": false,
											"uv": [ 0.0, 0.0 ],
											"rotationOrigin": [ -0.4, 0.8, 1.6 ],
											"faces": {
												"north": { "texture": "#gold", "uv": [ 0.0, 1.0, 0.25, 1.5 ] },
												"east": { "texture": "#gold", "uv": [ 0.5, 1.0, 2.5, 1.5 ], "windMode": [-1,-1,-1,-1] },
												"south": { "texture": "#gold", "uv": [ 1.5, 1.0, 1.75, 1.5 ], "windMode": [-1,-1,-1,-1] },
												"west": { "texture": "#gold", "uv": [ 2.0, 1.0, 4.0, 1.5 ], "windMode": [-1,-1,-1,-1] },
												"up": { "texture": "#gold", "uv": [ 0.0, 0.0, 0.25, 2.0 ], "windMode": [-1,-1,-1,-1] },
												"down": { "texture": "#gold", "uv": [ 0.5, 0.0, 0.75, 2.0 ], "windMode": [-1,-1,-1,-1] }
											}
										}
									]
								}
							]
						},
						{
							"name": "metal5",
							"from": [ 0.0, 0.0, -0.3 ],
							"to": [ 6.1, 0.3, 0.0 ],
							"autoUnwrap": false,
							"uv": [ 0.0, 0.0 ],
							"rotationOrigin": [ -0.4, 0.4, -0.8 ],
							"faces": {
								"north": { "texture": "#gold", "uv": [ 0.0, 1.0, 6.0, 1.5 ] },
								"east": { "texture": "#gold", "uv": [ 0.5, 1.0, 0.75, 1.5 ], "windMode": [-1,-1,-1,-1] },
								"south": { "texture": "#gold", "uv": [ 1.5, 1.0, 7.5, 1.5 ], "windMode": [-1,-1,-1,-1] },
								"west": { "texture": "#gold", "uv": [ 2.0, 1.0, 2.25, 1.5 ], "windMode": [-1,-1,-1,-1] },
								"up": { "texture": "#gold", "uv": [ 0.0, 0.0, 6.0, 0.5 ], "windMode": [-1,-1,-1,-1] },
								"down": { "texture": "#gold", "uv": [ 0.5, 0.0, 6.5, 0.5 ], "windMode": [-1,-1,-1,-1] }
							}
						},
						{
							"name": "metal4",
							"from": [ 5.8, 0.0, 0.0 ],
							"to": [ 6.1, 0.3, 8.4 ],
							"autoUnwrap": false,
							"uv": [ 0.0, 0.0 ],
							"rotationOrigin": [ 5.6, 0.4, 0.2 ],
							"faces": {
								"north": { "texture": "#gold", "uv": [ 0.0, 1.0, 0.25, 1.5 ] },
								"east": { "texture": "#gold", "uv": [ 0.5, 1.0, 8.75, 1.5 ], "windMode": [-1,-1,-1,-1] },
								"south": { "texture": "#gold", "uv": [ 1.5, 1.0, 1.75, 1.5 ], "windMode": [-1,-1,-1,-1] },
								"west": { "texture": "#gold", "uv": [ 2.0, 1.0, 10.25, 1.5 ], "windMode": [-1,-1,-1,-1] },
								"up": { "texture": "#gold", "uv": [ 0.0, 0.0, 0.25, 8.0 ], "windMode": [-1,-1,-1,-1] },
								"down": { "texture": "#gold", "uv": [ 0.5, 0.0, 0.75, 8.0 ], "windMode": [-1,-1,-1,-1] }
							}
						},
						{
							"name": "metal3",
							"from": [ 5.8, -1.7, 0.0 ],
							"to": [ 6.1, -1.4, 8.4 ],
							"autoUnwrap": false,
							"uv": [ 0.0, 0.0 ],
							"rotationOrigin": [ 5.6, -1.6, 0.2 ],
							"faces": {
								"north": { "texture": "#gold", "uv": [ 0.0, 1.0, 0.25, 1.5 ] },
								"east": { "texture": "#gold", "uv": [ 0.5, 1.0, 8.75, 1.5 ], "windMode": [-1,-1,-1,-1] },
								"south": { "texture": "#gold", "uv": [ 1.5, 1.0, 1.75, 1.5 ], "windMode": [-1,-1,-1,-1] },
								"west": { "texture": "#gold", "uv": [ 2.0, 1.0, 10.25, 1.5 ], "windMode": [-1,-1,-1,-1] },
								"up": { "texture": "#gold", "uv": [ 0.0, 0.0, 0.25, 8.0 ], "windMode": [-1,-1,-1,-1] },
								"down": { "texture": "#gold", "uv": [ 0.5, 0.0, 0.75, 8.0 ], "windMode": [-1,-1,-1,-1] }
							}
						},
						{
							"name": "metal28",
							"from": [ 0.3, 0.2, 0.0 ],
							"to": [ 0.6, 0.21, 8.4 ],
							"autoUnwrap": false,
							"uv": [ 0.0, 0.0 ],
							"rotationOrigin": [ -0.4, 0.4, -0.8 ],
							"faces": {
								"north": { "texture": "#gold", "uv": [ 0.0, 1.0, 0.25, 1.5 ] },
								"east": { "texture": "#gold", "uv": [ 0.5, 1.0, 8.75, 1.5 ], "windMode": [-1,-1,-1,-1] },
								"south": { "texture": "#gold", "uv": [ 1.5, 1.0, 1.75, 1.5 ], "windMode": [-1,-1,-1,-1] },
								"west": { "texture": "#gold", "uv": [ 2.0, 1.0, 10.25, 1.5 ], "windMode": [-1,-1,-1,-1] },
								"up": { "texture": "#gold", "uv": [ 0.0, 0.0, 0.25, 8.0 ], "windMode": [-1,-1,-1,-1] },
								"down": { "texture": "#gold", "uv": [ 0.5, 0.0, 0.75, 8.0 ], "windMode": [-1,-1,-1,-1] }
							},
							"children": [
								{
									"name": "metal27",
									"from": [ 0.3, 0.0, 0.0 ],
									"to": [ 0.6, 0.1, 8.4 ],
									"autoUnwrap": false,
									"uv": [ 0.0, 0.0 ],
									"rotationOrigin": [ -0.7, 0.2, -0.8 ],
									"faces": {
										"north": { "texture": "#gold", "uv": [ 0.0, 1.0, 0.25, 1.5 ] },
										"east": { "texture": "#gold", "uv": [ 0.5, 1.0, 8.75, 1.5 ], "windMode": [-1,-1,-1,-1] },
										"south": { "texture": "#gold", "uv": [ 1.5, 1.0, 1.75, 1.5 ], "windMode": [-1,-1,-1,-1] },
										"west": { "texture": "#gold", "uv": [ 2.0, 1.0, 10.25, 1.5 ], "windMode": [-1,-1,-1,-1] },
										"up": { "texture": "#gold", "uv": [ 0.0, 0.0, 0.25, 8.0 ], "windMode": [-1,-1,-1,-1] },
										"down": { "texture": "#gold", "uv": [ 0.5, 0.0, 0.75, 8.0 ], "windMode": [-1,-1,-1,-1] }
									}
								},
								{
									"name": "metal31",
									"from": [ 0.67, 0.0, -0.11 ],
									"to": [ 0.72, 0.1, 0.79 ],
									"autoUnwrap": false,
									"uv": [ 0.0, 0.0 ],
									"rotationOrigin": [ -0.3, 0.2, -0.9 ],
									"rotationY": -22.5,
									"faces": {
										"north": { "texture": "#gold", "uv": [ 0.0, 1.0, 0.25, 1.5 ] },
										"east": { "texture": "#gold", "uv": [ 0.5, 1.0, 1.25, 1.5 ], "windMode": [-1,-1,-1,-1] },
										"south": { "texture": "#gold", "uv": [ 1.5, 1.0, 1.75, 1.5 ], "windMode": [-1,-1,-1,-1] },
										"west": { "texture": "#gold", "uv": [ 2.0, 1.0, 2.75, 1.5 ], "windMode": [-1,-1,-1,-1] },
										"up": { "texture": "#gold", "uv": [ 0.0, 0.0, 0.25, 0.5 ], "windMode": [-1,-1,-1,-1] },
										"down": { "texture": "#gold", "uv": [ 0.5, 0.0, 0.75, 0.5 ], "windMode": [-1,-1,-1,-1] }
									},
									"children": [
										{
											"name": "metal32",
											"from": [ -0.63, 0.0, 1.06 ],
											"to": [ -0.58, 0.1, 1.96 ],
											"autoUnwrap": false,
											"uv": [ 0.0, 0.0 ],
											"rotationOrigin": [ -1.57, 0.2, 0.215 ],
											"rotationY": 45.0,
											"faces": {
												"north": { "texture": "#gold", "uv": [ 0.0, 1.0, 0.25, 1.5 ] },
												"east": { "texture": "#gold", "uv": [ 0.5, 1.0, 1.25, 1.5 ], "windMode": [-1,-1,-1,-1] },
												"south": { "texture": "#gold", "uv": [ 1.5, 1.0, 1.75, 1.5 ], "windMode": [-1,-1,-1,-1] },
												"west": { "texture": "#gold", "uv": [ 2.0, 1.0, 2.75, 1.5 ], "windMode": [-1,-1,-1,-1] },
												"up": { "texture": "#gold", "uv": [ 0.0, 0.0, 0.25, 0.5 ], "windMode": [-1,-1,-1,-1] },
												"down": { "texture": "#gold", "uv": [ 0.5, 0.0, 0.75, 0.5 ], "windMode": [-1,-1,-1,-1] }
											}
										},
										{
											"name": "metal33",
											"from": [ 0.3061, 0.0, 0.7441 ],
											"to": [ 0.3561, 0.1, 1.6441 ],
											"autoUnwrap": false,
											"uv": [ 0.0, 0.0 ],
											"rotationOrigin": [ -0.6639, 0.2, -0.0459 ],
											"faces": {
												"north": { "texture": "#gold", "uv": [ 0.0, 1.0, 0.25, 1.5 ] },
												"east": { "texture": "#gold", "uv": [ 0.5, 1.0, 1.25, 1.5 ], "windMode": [-1,-1,-1,-1] },
												"south": { "texture": "#gold", "uv": [ 1.5, 1.0, 1.75, 1.5 ], "windMode": [-1,-1,-1,-1] },
												"west": { "texture": "#gold", "uv": [ 2.0, 1.0, 2.75, 1.5 ], "windMode": [-1,-1,-1,-1] },
												"up": { "texture": "#gold", "uv": [ 0.0, 0.0, 0.25, 0.5 ], "windMode": [-1,-1,-1,-1] },
												"down": { "texture": "#gold", "uv": [ 0.5, 0.0, 0.75, 0.5 ], "windMode": [-1,-1,-1,-1] }
											},
											"children": [
												{
													"name": "metal34",
													"from": [ -0.63, 0.0, 1.06 ],
													"to": [ -0.58, 0.1, 1.96 ],
													"autoUnwrap": false,
													"uv": [ 0.0, 0.0 ],
													"rotationOrigin": [ -1.57, 0.2, 0.215 ],
													"rotationY": 45.0,
													"faces": {
														"north": { "texture": "#gold", "uv": [ 0.0, 1.0, 0.25, 1.5 ] },
														"east": { "texture": "#gold", "uv": [ 0.5, 1.0, 1.25, 1.5 ], "windMode": [-1,-1,-1,-1] },
														"south": { "texture": "#gold", "uv": [ 1.5, 1.0, 1.75, 1.5 ], "windMode": [-1,-1,-1,-1] },
														"west": { "texture": "#gold", "uv": [ 2.0, 1.0, 2.75, 1.5 ], "windMode": [-1,-1,-1,-1] },
														"up": { "texture": "#gold", "uv": [ 0.0, 0.0, 0.25, 0.5 ], "windMode": [-1,-1,-1,-1] },
														"down": { "texture": "#gold", "uv": [ 0.5, 0.0, 0.75, 0.5 ], "windMode": [-1,-1,-1,-1] }
													}
												}
											]
										},
										{
											"name": "metal35",
											"from": [ 0.6123, 0.0, 1.4832 ],
											"to": [ 0.6623, 0.1, 2.3832 ],
											"autoUnwrap": false,
											"uv": [ 0.0, 0.0 ],
											"rotationOrigin": [ -0.3577, 0.2, 0.6932 ],
											"faces": {
												"north": { "texture": "#gold", "uv": [ 0.0, 1.0, 0.25, 1.5 ] },
												"east": { "texture": "#gold", "uv": [ 0.5, 1.0, 1.25, 1.5 ], "windMode": [-1,-1,-1,-1] },
												"south": { "texture": "#gold", "uv": [ 1.5, 1.0, 1.75, 1.5 ], "windMode": [-1,-1,-1,-1] },
												"west": { "texture": "#gold", "uv": [ 2.0, 1.0, 2.75, 1.5 ], "windMode": [-1,-1,-1,-1] },
												"up": { "texture": "#gold", "uv": [ 0.0, 0.0, 0.25, 0.5 ], "windMode": [-1,-1,-1,-1] },
												"down": { "texture": "#gold", "uv": [ 0.5, 0.0, 0.75, 0.5 ], "windMode": [-1,-1,-1,-1] }
											},
											"children": [
												{
													"name": "metal36",
													"from": [ -0.63, 0.0, 1.06 ],
													"to": [ -0.58, 0.1, 1.96 ],
													"autoUnwrap": false,
													"uv": [ 0.0, 0.0 ],
													"rotationOrigin": [ -1.57, 0.2, 0.215 ],
													"rotationY": 45.0,
													"faces": {
														"north": { "texture": "#gold", "uv": [ 0.0, 1.0, 0.25, 1.5 ] },
														"east": { "texture": "#gold", "uv": [ 0.5, 1.0, 1.25, 1.5 ], "windMode": [-1,-1,-1,-1] },
														"south": { "texture": "#gold", "uv": [ 1.5, 1.0, 1.75, 1.5 ], "windMode": [-1,-1,-1,-1] },
														"west": { "texture": "#gold", "uv": [ 2.0, 1.0, 2.75, 1.5 ], "windMode": [-1,-1,-1,-1] },
														"up": { "texture": "#gold", "uv": [ 0.0, 0.0, 0.25, 0.5 ], "windMode": [-1,-1,-1,-1] },
														"down": { "texture": "#gold", "uv": [ 0.5, 0.0, 0.75, 0.5 ], "windMode": [-1,-1,-1,-1] }
													}
												}
											]
										},
										{
											"name": "metal37",
											"from": [ 0.9184, 0.0, 2.2223 ],
											"to": [ 0.9684, 0.1, 3.1223 ],
											"autoUnwrap": false,
											"uv": [ 0.0, 0.0 ],
											"rotationOrigin": [ -0.0516, 0.2, 1.4323 ],
											"faces": {
												"north": { "texture": "#gold", "uv": [ 0.0, 1.0, 0.25, 1.5 ] },
												"east": { "texture": "#gold", "uv": [ 0.5, 1.0, 1.25, 1.5 ], "windMode": [-1,-1,-1,-1] },
												"south": { "texture": "#gold", "uv": [ 1.5, 1.0, 1.75, 1.5 ], "windMode": [-1,-1,-1,-1] },
												"west": { "texture": "#gold", "uv": [ 2.0, 1.0, 2.75, 1.5 ], "windMode": [-1,-1,-1,-1] },
												"up": { "texture": "#gold", "uv": [ 0.0, 0.0, 0.25, 0.5 ], "windMode": [-1,-1,-1,-1] },
												"down": { "texture": "#gold", "uv": [ 0.5, 0.0, 0.75, 0.5 ], "windMode": [-1,-1,-1,-1] }
											},
											"children": [
												{
													"name": "metal38",
													"from": [ -0.63, 0.0, 1.06 ],
													"to": [ -0.58, 0.1, 1.96 ],
													"autoUnwrap": false,
													"uv": [ 0.0, 0.0 ],
													"rotationOrigin": [ -1.57, 0.2, 0.215 ],
													"rotationY": 45.0,
													"faces": {
														"north": { "texture": "#gold", "uv": [ 0.0, 1.0, 0.25, 1.5 ] },
														"east": { "texture": "#gold", "uv": [ 0.5, 1.0, 1.25, 1.5 ], "windMode": [-1,-1,-1,-1] },
														"south": { "texture": "#gold", "uv": [ 1.5, 1.0, 1.75, 1.5 ], "windMode": [-1,-1,-1,-1] },
														"west": { "texture": "#gold", "uv": [ 2.0, 1.0, 2.75, 1.5 ], "windMode": [-1,-1,-1,-1] },
														"up": { "texture": "#gold", "uv": [ 0.0, 0.0, 0.25, 0.5 ], "windMode": [-1,-1,-1,-1] },
														"down": { "texture": "#gold", "uv": [ 0.5, 0.0, 0.75, 0.5 ], "windMode": [-1,-1,-1,-1] }
													}
												}
											]
										},
										{
											"name": "metal39",
											"from": [ 1.2246, 0.0, 2.9614 ],
											"to": [ 1.2746, 0.1, 3.8614 ],
											"autoUnwrap": false,
											"uv": [ 0.0, 0.0 ],
											"rotationOrigin": [ 0.2546, 0.2, 2.1714 ],
											"faces": {
												"north": { "texture": "#gold", "uv": [ 0.0, 1.0, 0.25, 1.5 ] },
												"east": { "texture": "#gold", "uv": [ 0.5, 1.0, 1.25, 1.5 ], "windMode": [-1,-1,-1,-1] },
												"south": { "texture": "#gold", "uv": [ 1.5, 1.0, 1.75, 1.5 ], "windMode": [-1,-1,-1,-1] },
												"west": { "texture": "#gold", "uv": [ 2.0, 1.0, 2.75, 1.5 ], "windMode": [-1,-1,-1,-1] },
												"up": { "texture": "#gold", "uv": [ 0.0, 0.0, 0.25, 0.5 ], "windMode": [-1,-1,-1,-1] },
												"down": { "texture": "#gold", "uv": [ 0.5, 0.0, 0.75, 0.5 ], "windMode": [-1,-1,-1,-1] }
											},
											"children": [
												{
													"name": "metal40",
													"from": [ -0.63, 0.0, 1.06 ],
													"to": [ -0.58, 0.1, 1.96 ],
													"autoUnwrap": false,
													"uv": [ 0.0, 0.0 ],
													"rotationOrigin": [ -1.57, 0.2, 0.215 ],
													"rotationY": 45.0,
													"faces": {
														"north": { "texture": "#gold", "uv": [ 0.0, 1.0, 0.25, 1.5 ] },
														"east": { "texture": "#gold", "uv": [ 0.5, 1.0, 1.25, 1.5 ], "windMode": [-1,-1,-1,-1] },
														"south": { "texture": "#gold", "uv": [ 1.5, 1.0, 1.75, 1.5 ], "windMode": [-1,-1,-1,-1] },
														"west": { "texture": "#gold", "uv": [ 2.0, 1.0, 2.75, 1.5 ], "windMode": [-1,-1,-1,-1] },
														"up": { "texture": "#gold", "uv": [ 0.0, 0.0, 0.25, 0.5 ], "windMode": [-1,-1,-1,-1] },
														"down": { "texture": "#gold", "uv": [ 0.5, 0.0, 0.75, 0.5 ], "windMode": [-1,-1,-1,-1] }
													}
												}
											]
										},
										{
											"name": "metal41",
											"from": [ 1.5307, 0.0, 3.7005 ],
											"to": [ 1.5807, 0.1, 4.6005 ],
											"autoUnwrap": false,
											"uv": [ 0.0, 0.0 ],
											"rotationOrigin": [ 0.5607, 0.2, 2.9105 ],
											"faces": {
												"north": { "texture": "#gold", "uv": [ 0.0, 1.0, 0.25, 1.5 ] },
												"east": { "texture": "#gold", "uv": [ 0.5, 1.0, 1.25, 1.5 ], "windMode": [-1,-1,-1,-1] },
												"south": { "texture": "#gold", "uv": [ 1.5, 1.0, 1.75, 1.5 ], "windMode": [-1,-1,-1,-1] },
												"west": { "texture": "#gold", "uv": [ 2.0, 1.0, 2.75, 1.5 ], "windMode": [-1,-1,-1,-1] },
												"up": { "texture": "#gold", "uv": [ 0.0, 0.0, 0.25, 0.5 ], "windMode": [-1,-1,-1,-1] },
												"down": { "texture": "#gold", "uv": [ 0.5, 0.0, 0.75, 0.5 ], "windMode": [-1,-1,-1,-1] }
											},
											"children": [
												{
													"name": "metal42",
													"from": [ -0.63, 0.0, 1.06 ],
													"to": [ -0.58, 0.1, 1.96 ],
													"autoUnwrap": false,
													"uv": [ 0.0, 0.0 ],
													"rotationOrigin": [ -1.57, 0.2, 0.215 ],
													"rotationY": 45.0,
													"faces": {
														"north": { "texture": "#gold", "uv": [ 0.0, 1.0, 0.25, 1.5 ] },
														"east": { "texture": "#gold", "uv": [ 0.5, 1.0, 1.25, 1.5 ], "windMode": [-1,-1,-1,-1] },
														"south": { "texture": "#gold", "uv": [ 1.5, 1.0, 1.75, 1.5 ], "windMode": [-1,-1,-1,-1] },
														"west": { "texture": "#gold", "uv": [ 2.0, 1.0, 2.75, 1.5 ], "windMode": [-1,-1,-1,-1] },
														"up": { "texture": "#gold", "uv": [ 0.0, 0.0, 0.25, 0.5 ], "windMode": [-1,-1,-1,-1] },
														"down": { "texture": "#gold", "uv": [ 0.5, 0.0, 0.75, 0.5 ], "windMode": [-1,-1,-1,-1] }
													}
												}
											]
										},
										{
											"name": "metal43",
											"from": [ 1.8369, 0.0, 4.4396 ],
											"to": [ 1.8869, 0.1, 5.3396 ],
											"autoUnwrap": false,
											"uv": [ 0.0, 0.0 ],
											"rotationOrigin": [ 0.8669, 0.2, 3.6496 ],
											"faces": {
												"north": { "texture": "#gold", "uv": [ 0.0, 1.0, 0.25, 1.5 ] },
												"east": { "texture": "#gold", "uv": [ 0.5, 1.0, 1.25, 1.5 ], "windMode": [-1,-1,-1,-1] },
												"south": { "texture": "#gold", "uv": [ 1.5, 1.0, 1.75, 1.5 ], "windMode": [-1,-1,-1,-1] },
												"west": { "texture": "#gold", "uv": [ 2.0, 1.0, 2.75, 1.5 ], "windMode": [-1,-1,-1,-1] },
												"up": { "texture": "#gold", "uv": [ 0.0, 0.0, 0.25, 0.5 ], "windMode": [-1,-1,-1,-1] },
												"down": { "texture": "#gold", "uv": [ 0.5, 0.0, 0.75, 0.5 ], "windMode": [-1,-1,-1,-1] }
											},
											"children": [
												{
													"name": "metal44",
													"from": [ -0.63, 0.0, 1.06 ],
													"to": [ -0.58, 0.1, 1.96 ],
													"autoUnwrap": false,
													"uv": [ 0.0, 0.0 ],
													"rotationOrigin": [ -1.57, 0.2, 0.215 ],
													"rotationY": 45.0,
													"faces": {
														"north": { "texture": "#gold", "uv": [ 0.0, 1.0, 0.25, 1.5 ] },
														"east": { "texture": "#gold", "uv": [ 0.5, 1.0, 1.25, 1.5 ], "windMode": [-1,-1,-1,-1] },
														"south": { "texture": "#gold", "uv": [ 1.5, 1.0, 1.75, 1.5 ], "windMode": [-1,-1,-1,-1] },
														"west": { "texture": "#gold", "uv": [ 2.0, 1.0, 2.75, 1.5 ], "windMode": [-1,-1,-1,-1] },
														"up": { "texture": "#gold", "uv": [ 0.0, 0.0, 0.25, 0.5 ], "windMode": [-1,-1,-1,-1] },
														"down": { "texture": "#gold", "uv": [ 0.5, 0.0, 0.75, 0.5 ], "windMode": [-1,-1,-1,-1] }
													}
												}
											]
										},
										{
											"name": "metal45",
											"from": [ 2.143, 0.0, 5.1787 ],
											"to": [ 2.193, 0.1, 6.0787 ],
											"autoUnwrap": false,
											"uv": [ 0.0, 0.0 ],
											"rotationOrigin": [ 1.173, 0.2, 4.3887 ],
											"faces": {
												"north": { "texture": "#gold", "uv": [ 0.0, 1.0, 0.25, 1.5 ] },
												"east": { "texture": "#gold", "uv": [ 0.5, 1.0, 1.25, 1.5 ], "windMode": [-1,-1,-1,-1] },
												"south": { "texture": "#gold", "uv": [ 1.5, 1.0, 1.75, 1.5 ], "windMode": [-1,-1,-1,-1] },
												"west": { "texture": "#gold", "uv": [ 2.0, 1.0, 2.75, 1.5 ], "windMode": [-1,-1,-1,-1] },
												"up": { "texture": "#gold", "uv": [ 0.0, 0.0, 0.25, 0.5 ], "windMode": [-1,-1,-1,-1] },
												"down": { "texture": "#gold", "uv": [ 0.5, 0.0, 0.75, 0.5 ], "windMode": [-1,-1,-1,-1] }
											},
											"children": [
												{
													"name": "metal46",
													"from": [ -0.63, 0.0, 1.06 ],
													"to": [ -0.58, 0.1, 1.96 ],
													"autoUnwrap": false,
													"uv": [ 0.0, 0.0 ],
													"rotationOrigin": [ -1.57, 0.2, 0.215 ],
													"rotationY": 45.0,
													"faces": {
														"north": { "texture": "#gold", "uv": [ 0.0, 1.0, 0.25, 1.5 ] },
														"east": { "texture": "#gold", "uv": [ 0.5, 1.0, 1.25, 1.5 ], "windMode": [-1,-1,-1,-1] },
														"south": { "texture": "#gold", "uv": [ 1.5, 1.0, 1.75, 1.5 ], "windMode": [-1,-1,-1,-1] },
														"west": { "texture": "#gold", "uv": [ 2.0, 1.0, 2.75, 1.5 ], "windMode": [-1,-1,-1,-1] },
														"up": { "texture": "#gold", "uv": [ 0.0, 0.0, 0.25, 0.5 ], "windMode": [-1,-1,-1,-1] },
														"down": { "texture": "#gold", "uv": [ 0.5, 0.0, 0.75, 0.5 ], "windMode": [-1,-1,-1,-1] }
													}
												}
											]
										},
										{
											"name": "metal47",
											"from": [ 2.4492, 0.0, 5.9178 ],
											"to": [ 2.4992, 0.1, 6.8178 ],
											"autoUnwrap": false,
											"uv": [ 0.0, 0.0 ],
											"rotationOrigin": [ 1.4792, 0.2, 5.1278 ],
											"faces": {
												"north": { "texture": "#gold", "uv": [ 0.0, 1.0, 0.25, 1.5 ] },
												"east": { "texture": "#gold", "uv": [ 0.5, 1.0, 1.25, 1.5 ], "windMode": [-1,-1,-1,-1] },
												"south": { "texture": "#gold", "uv": [ 1.5, 1.0, 1.75, 1.5 ], "windMode": [-1,-1,-1,-1] },
												"west": { "texture": "#gold", "uv": [ 2.0, 1.0, 2.75, 1.5 ], "windMode": [-1,-1,-1,-1] },
												"up": { "texture": "#gold", "uv": [ 0.0, 0.0, 0.25, 0.5 ], "windMode": [-1,-1,-1,-1] },
												"down": { "texture": "#gold", "uv": [ 0.5, 0.0, 0.75, 0.5 ], "windMode": [-1,-1,-1,-1] }
											},
											"children": [
												{
													"name": "metal48",
													"from": [ -0.63, 0.0, 1.06 ],
													"to": [ -0.58, 0.1, 1.96 ],
													"autoUnwrap": false,
													"uv": [ 0.0, 0.0 ],
													"rotationOrigin": [ -1.57, 0.2, 0.215 ],
													"rotationY": 45.0,
													"faces": {
														"north": { "texture": "#gold", "uv": [ 0.0, 1.0, 0.25, 1.5 ] },
														"east": { "texture": "#gold", "uv": [ 0.5, 1.0, 1.25, 1.5 ], "windMode": [-1,-1,-1,-1] },
														"south": { "texture": "#gold", "uv": [ 1.5, 1.0, 1.75, 1.5 ], "windMode": [-1,-1,-1,-1] },
														"west": { "texture": "#gold", "uv": [ 2.0, 1.0, 2.75, 1.5 ], "windMode": [-1,-1,-1,-1] },
														"up": { "texture": "#gold", "uv": [ 0.0, 0.0, 0.25, 0.5 ], "windMode": [-1,-1,-1,-1] },
														"down": { "texture": "#gold", "uv": [ 0.5, 0.0, 0.75, 0.5 ], "windMode": [-1,-1,-1,-1] }
													}
												}
											]
										},
										{
											"name": "metal49",
											"from": [ 2.7553, 0.0, 6.6569 ],
											"to": [ 2.8053, 0.1, 7.5569 ],
											"autoUnwrap": false,
											"uv": [ 0.0, 0.0 ],
											"rotationOrigin": [ 1.7853, 0.2, 5.8669 ],
											"faces": {
												"north": { "texture": "#gold", "uv": [ 0.0, 1.0, 0.25, 1.5 ] },
												"east": { "texture": "#gold", "uv": [ 0.5, 1.0, 1.25, 1.5 ], "windMode": [-1,-1,-1,-1] },
												"south": { "texture": "#gold", "uv": [ 1.5, 1.0, 1.75, 1.5 ], "windMode": [-1,-1,-1,-1] },
												"west": { "texture": "#gold", "uv": [ 2.0, 1.0, 2.75, 1.5 ], "windMode": [-1,-1,-1,-1] },
												"up": { "texture": "#gold", "uv": [ 0.0, 0.0, 0.25, 0.5 ], "windMode": [-1,-1,-1,-1] },
												"down": { "texture": "#gold", "uv": [ 0.5, 0.0, 0.75, 0.5 ], "windMode": [-1,-1,-1,-1] }
											},
											"children": [
												{
													"name": "metal50",
													"from": [ -0.63, 0.0, 1.06 ],
													"to": [ -0.58, 0.1, 1.96 ],
													"autoUnwrap": false,
													"uv": [ 0.0, 0.0 ],
													"rotationOrigin": [ -1.57, 0.2, 0.215 ],
													"rotationY": 45.0,
													"faces": {
														"north": { "texture": "#gold", "uv": [ 0.0, 1.0, 0.25, 1.5 ] },
														"east": { "texture": "#gold", "uv": [ 0.5, 1.0, 1.25, 1.5 ], "windMode": [-1,-1,-1,-1] },
														"south": { "texture": "#gold", "uv": [ 1.5, 1.0, 1.75, 1.5 ], "windMode": [-1,-1,-1,-1] },
														"west": { "texture": "#gold", "uv": [ 2.0, 1.0, 2.75, 1.5 ], "windMode": [-1,-1,-1,-1] },
														"up": { "texture": "#gold", "uv": [ 0.0, 0.0, 0.25, 0.5 ], "windMode": [-1,-1,-1,-1] },
														"down": { "texture": "#gold", "uv": [ 0.5, 0.0, 0.75, 0.5 ], "windMode": [-1,-1,-1,-1] }
													}
												}
											]
										}
									]
								},
								{
									"name": "metal51",
									"from": [ 5.87, 0.0, -0.11 ],
									"to": [ 5.92, 0.1, 0.79 ],
									"autoUnwrap": false,
									"uv": [ 0.0, 0.0 ],
									"rotationOrigin": [ 4.9, 0.2, -0.9 ],
									"rotationY": -22.5,
									"faces": {
										"north": { "texture": "#gold", "uv": [ 0.0, 1.0, 0.25, 1.5 ] },
										"east": { "texture": "#gold", "uv": [ 0.5, 1.0, 1.25, 1.5 ], "windMode": [-1,-1,-1,-1] },
										"south": { "texture": "#gold", "uv": [ 1.5, 1.0, 1.75, 1.5 ], "windMode": [-1,-1,-1,-1] },
										"west": { "texture": "#gold", "uv": [ 2.0, 1.0, 2.75, 1.5 ], "windMode": [-1,-1,-1,-1] },
										"up": { "texture": "#gold", "uv": [ 0.0, 0.0, 0.25, 0.5 ], "windMode": [-1,-1,-1,-1] },
										"down": { "texture": "#gold", "uv": [ 0.5, 0.0, 0.75, 0.5 ], "windMode": [-1,-1,-1,-1] }
									},
									"children": [
										{
											"name": "metal52",
											"from": [ -0.63, 0.0, 1.06 ],
											"to": [ -0.58, 0.1, 1.96 ],
											"autoUnwrap": false,
											"uv": [ 0.0, 0.0 ],
											"rotationOrigin": [ -1.57, 0.2, 0.215 ],
											"rotationY": 45.0,
											"faces": {
												"north": { "texture": "#gold", "uv": [ 0.0, 1.0, 0.25, 1.5 ] },
												"east": { "texture": "#gold", "uv": [ 0.5, 1.0, 1.25, 1.5 ], "windMode": [-1,-1,-1,-1] },
												"south": { "texture": "#gold", "uv": [ 1.5, 1.0, 1.75, 1.5 ], "windMode": [-1,-1,-1,-1] },
												"west": { "texture": "#gold", "uv": [ 2.0, 1.0, 2.75, 1.5 ], "windMode": [-1,-1,-1,-1] },
												"up": { "texture": "#gold", "uv": [ 0.0, 0.0, 0.25, 0.5 ], "windMode": [-1,-1,-1,-1] },
												"down": { "texture": "#gold", "uv": [ 0.5, 0.0, 0.75, 0.5 ], "windMode": [-1,-1,-1,-1] }
											}
										},
										{
											"name": "metal53",
											"from": [ 0.3061, 0.0, 0.7441 ],
											"to": [ 0.3561, 0.1, 1.6441 ],
											"autoUnwrap": false,
											"uv": [ 0.0, 0.0 ],
											"rotationOrigin": [ -0.6639, 0.2, -0.0459 ],
											"faces": {
												"north": { "texture": "#gold", "uv": [ 0.0, 1.0, 0.25, 1.5 ] },
												"east": { "texture": "#gold", "uv": [ 0.5, 1.0, 1.25, 1.5 ], "windMode": [-1,-1,-1,-1] },
												"south": { "texture": "#gold", "uv": [ 1.5, 1.0, 1.75, 1.5 ], "windMode": [-1,-1,-1,-1] },
												"west": { "texture": "#gold", "uv": [ 2.0, 1.0, 2.75, 1.5 ], "windMode": [-1,-1,-1,-1] },
												"up": { "texture": "#gold", "uv": [ 0.0, 0.0, 0.25, 0.5 ], "windMode": [-1,-1,-1,-1] },
												"down": { "texture": "#gold", "uv": [ 0.5, 0.0, 0.75, 0.5 ], "windMode": [-1,-1,-1,-1] }
											},
											"children": [
												{
													"name": "metal54",
													"from": [ -0.63, 0.0, 1.06 ],
													"to": [ -0.58, 0.1, 1.96 ],
													"autoUnwrap": false,
													"uv": [ 0.0, 0.0 ],
													"rotationOrigin": [ -1.57, 0.2, 0.215 ],
													"rotationY": 45.0,
													"faces": {
														"north": { "texture": "#gold", "uv": [ 0.0, 1.0, 0.25, 1.5 ] },
														"east": { "texture": "#gold", "uv": [ 0.5, 1.0, 1.25, 1.5 ], "windMode": [-1,-1,-1,-1] },
														"south": { "texture": "#gold", "uv": [ 1.5, 1.0, 1.75, 1.5 ], "windMode": [-1,-1,-1,-1] },
														"west": { "texture": "#gold", "uv": [ 2.0, 1.0, 2.75, 1.5 ], "windMode": [-1,-1,-1,-1] },
														"up": { "texture": "#gold", "uv": [ 0.0, 0.0, 0.25, 0.5 ], "windMode": [-1,-1,-1,-1] },
														"down": { "texture": "#gold", "uv": [ 0.5, 0.0, 0.75, 0.5 ], "windMode": [-1,-1,-1,-1] }
													}
												}
											]
										},
										{
											"name": "metal55",
											"from": [ 0.6123, 0.0, 1.4832 ],
											"to": [ 0.6623, 0.1, 2.3832 ],
											"autoUnwrap": false,
											"uv": [ 0.0, 0.0 ],
											"rotationOrigin": [ -0.3577, 0.2, 0.6932 ],
											"faces": {
												"north": { "texture": "#gold", "uv": [ 0.0, 1.0, 0.25, 1.5 ] },
												"east": { "texture": "#gold", "uv": [ 0.5, 1.0, 1.25, 1.5 ], "windMode": [-1,-1,-1,-1] },
												"south": { "texture": "#gold", "uv": [ 1.5, 1.0, 1.75, 1.5 ], "windMode": [-1,-1,-1,-1] },
												"west": { "texture": "#gold", "uv": [ 2.0, 1.0, 2.75, 1.5 ], "windMode": [-1,-1,-1,-1] },
												"up": { "texture": "#gold", "uv": [ 0.0, 0.0, 0.25, 0.5 ], "windMode": [-1,-1,-1,-1] },
												"down": { "texture": "#gold", "uv": [ 0.5, 0.0, 0.75, 0.5 ], "windMode": [-1,-1,-1,-1] }
											},
											"children": [
												{
													"name": "metal56",
													"from": [ -0.63, 0.0, 1.06 ],
													"to": [ -0.58, 0.1, 1.96 ],
													"autoUnwrap": false,
													"uv": [ 0.0, 0.0 ],
													"rotationOrigin": [ -1.57, 0.2, 0.215 ],
													"rotationY": 45.0,
													"faces": {
														"north": { "texture": "#gold", "uv": [ 0.0, 1.0, 0.25, 1.5 ] },
														"east": { "texture": "#gold", "uv": [ 0.5, 1.0, 1.25, 1.5 ], "windMode": [-1,-1,-1,-1] },
														"south": { "texture": "#gold", "uv": [ 1.5, 1.0, 1.75, 1.5 ], "windMode": [-1,-1,-1,-1] },
														"west": { "texture": "#gold", "uv": [ 2.0, 1.0, 2.75, 1.5 ], "windMode": [-1,-1,-1,-1] },
														"up": { "texture": "#gold", "uv": [ 0.0, 0.0, 0.25, 0.5 ], "windMode": [-1,-1,-1,-1] },
														"down": { "texture": "#gold", "uv": [ 0.5, 0.0, 0.75, 0.5 ], "windMode": [-1,-1,-1,-1] }
													}
												}
											]
										},
										{
											"name": "metal57",
											"from": [ 0.9184, 0.0, 2.2223 ],
											"to": [ 0.9684, 0.1, 3.1223 ],
											"autoUnwrap": false,
											"uv": [ 0.0, 0.0 ],
											"rotationOrigin": [ -0.0516, 0.2, 1.4323 ],
											"faces": {
												"north": { "texture": "#gold", "uv": [ 0.0, 1.0, 0.25, 1.5 ] },
												"east": { "texture": "#gold", "uv": [ 0.5, 1.0, 1.25, 1.5 ], "windMode": [-1,-1,-1,-1] },
												"south": { "texture": "#gold", "uv": [ 1.5, 1.0, 1.75, 1.5 ], "windMode": [-1,-1,-1,-1] },
												"west": { "texture": "#gold", "uv": [ 2.0, 1.0, 2.75, 1.5 ], "windMode": [-1,-1,-1,-1] },
												"up": { "texture": "#gold", "uv": [ 0.0, 0.0, 0.25, 0.5 ], "windMode": [-1,-1,-1,-1] },
												"down": { "texture": "#gold", "uv": [ 0.5, 0.0, 0.75, 0.5 ], "windMode": [-1,-1,-1,-1] }
											},
											"children": [
												{
													"name": "metal58",
													"from": [ -0.63, 0.0, 1.06 ],
													"to": [ -0.58, 0.1, 1.96 ],
													"autoUnwrap": false,
													"uv": [ 0.0, 0.0 ],
													"rotationOrigin": [ -1.57, 0.2, 0.215 ],
													"rotationY": 45.0,
													"faces": {
														"north": { "texture": "#gold", "uv": [ 0.0, 1.0, 0.25, 1.5 ] },
														"east": { "texture": "#gold", "uv": [ 0.5, 1.0, 1.25, 1.5 ], "windMode": [-1,-1,-1,-1] },
														"south": { "texture": "#gold", "uv": [ 1.5, 1.0, 1.75, 1.5 ], "windMode": [-1,-1,-1,-1] },
														"west": { "texture": "#gold", "uv": [ 2.0, 1.0, 2.75, 1.5 ], "windMode": [-1,-1,-1,-1] },
														"up": { "texture": "#gold", "uv": [ 0.0, 0.0, 0.25, 0.5 ], "windMode": [-1,-1,-1,-1] },
														"down": { "texture": "#gold", "uv": [ 0.5, 0.0, 0.75, 0.5 ], "windMode": [-1,-1,-1,-1] }
													}
												}
											]
										},
										{
											"name": "metal59",
											"from": [ 1.2246, 0.0, 2.9614 ],
											"to": [ 1.2746, 0.1, 3.8614 ],
											"autoUnwrap": false,
											"uv": [ 0.0, 0.0 ],
											"rotationOrigin": [ 0.2546, 0.2, 2.1714 ],
											"faces": {
												"north": { "texture": "#gold", "uv": [ 0.0, 1.0, 0.25, 1.5 ] },
												"east": { "texture": "#gold", "uv": [ 0.5, 1.0, 1.25, 1.5 ], "windMode": [-1,-1,-1,-1] },
												"south": { "texture": "#gold", "uv": [ 1.5, 1.0, 1.75, 1.5 ], "windMode": [-1,-1,-1,-1] },
												"west": { "texture": "#gold", "uv": [ 2.0, 1.0, 2.75, 1.5 ], "windMode": [-1,-1,-1,-1] },
												"up": { "texture": "#gold", "uv": [ 0.0, 0.0, 0.25, 0.5 ], "windMode": [-1,-1,-1,-1] },
												"down": { "texture": "#gold", "uv": [ 0.5, 0.0, 0.75, 0.5 ], "windMode": [-1,-1,-1,-1] }
											},
											"children": [
												{
													"name": "metal60",
													"from": [ -0.63, 0.0, 1.06 ],
													"to": [ -0.58, 0.1, 1.96 ],
													"autoUnwrap": false,
													"uv": [ 0.0, 0.0 ],
													"rotationOrigin": [ -1.57, 0.2, 0.215 ],
													"rotationY": 45.0,
													"faces": {
														"north": { "texture": "#gold", "uv": [ 0.0, 1.0, 0.25, 1.5 ] },
														"east": { "texture": "#gold", "uv": [ 0.5, 1.0, 1.25, 1.5 ], "windMode": [-1,-1,-1,-1] },
														"south": { "texture": "#gold", "uv": [ 1.5, 1.0, 1.75, 1.5 ], "windMode": [-1,-1,-1,-1] },
														"west": { "texture": "#gold", "uv": [ 2.0, 1.0, 2.75, 1.5 ], "windMode": [-1,-1,-1,-1] },
														"up": { "texture": "#gold", "uv": [ 0.0, 0.0, 0.25, 0.5 ], "windMode": [-1,-1,-1,-1] },
														"down": { "texture": "#gold", "uv": [ 0.5, 0.0, 0.75, 0.5 ], "windMode": [-1,-1,-1,-1] }
													}
												}
											]
										},
										{
											"name": "metal61",
											"from": [ 1.5307, 0.0, 3.7005 ],
											"to": [ 1.5807, 0.1, 4.6005 ],
											"autoUnwrap": false,
											"uv": [ 0.0, 0.0 ],
											"rotationOrigin": [ 0.5607, 0.2, 2.9105 ],
											"faces": {
												"north": { "texture": "#gold", "uv": [ 0.0, 1.0, 0.25, 1.5 ] },
												"east": { "texture": "#gold", "uv": [ 0.5, 1.0, 1.25, 1.5 ], "windMode": [-1,-1,-1,-1] },
												"south": { "texture": "#gold", "uv": [ 1.5, 1.0, 1.75, 1.5 ], "windMode": [-1,-1,-1,-1] },
												"west": { "texture": "#gold", "uv": [ 2.0, 1.0, 2.75, 1.5 ], "windMode": [-1,-1,-1,-1] },
												"up": { "texture": "#gold", "uv": [ 0.0, 0.0, 0.25, 0.5 ], "windMode": [-1,-1,-1,-1] },
												"down": { "texture": "#gold", "uv": [ 0.5, 0.0, 0.75, 0.5 ], "windMode": [-1,-1,-1,-1] }
											},
											"children": [
												{
													"name": "metal62",
													"from": [ -0.63, 0.0, 1.06 ],
													"to": [ -0.58, 0.1, 1.96 ],
													"autoUnwrap": false,
													"uv": [ 0.0, 0.0 ],
													"rotationOrigin": [ -1.57, 0.2, 0.215 ],
													"rotationY": 45.0,
													"faces": {
														"north": { "texture": "#gold", "uv": [ 0.0, 1.0, 0.25, 1.5 ] },
														"east": { "texture": "#gold", "uv": [ 0.5, 1.0, 1.25, 1.5 ], "windMode": [-1,-1,-1,-1] },
														"south": { "texture": "#gold", "uv": [ 1.5, 1.0, 1.75, 1.5 ], "windMode": [-1,-1,-1,-1] },
														"west": { "texture": "#gold", "uv": [ 2.0, 1.0, 2.75, 1.5 ], "windMode": [-1,-1,-1,-1] },
														"up": { "texture": "#gold", "uv": [ 0.0, 0.0, 0.25, 0.5 ], "windMode": [-1,-1,-1,-1] },
														"down": { "texture": "#gold", "uv": [ 0.5, 0.0, 0.75, 0.5 ], "windMode": [-1,-1,-1,-1] }
													}
												}
											]
										},
										{
											"name": "metal63",
											"from": [ 1.8369, 0.0, 4.4396 ],
											"to": [ 1.8869, 0.1, 5.3396 ],
											"autoUnwrap": false,
											"uv": [ 0.0, 0.0 ],
											"rotationOrigin": [ 0.8669, 0.2, 3.6496 ],
											"faces": {
												"north": { "texture": "#gold", "uv": [ 0.0, 1.0, 0.25, 1.5 ] },
												"east": { "texture": "#gold", "uv": [ 0.5, 1.0, 1.25, 1.5 ], "windMode": [-1,-1,-1,-1] },
												"south": { "texture": "#gold", "uv": [ 1.5, 1.0, 1.75, 1.5 ], "windMode": [-1,-1,-1,-1] },
												"west": { "texture": "#gold", "uv": [ 2.0, 1.0, 2.75, 1.5 ], "windMode": [-1,-1,-1,-1] },
												"up": { "texture": "#gold", "uv": [ 0.0, 0.0, 0.25, 0.5 ], "windMode": [-1,-1,-1,-1] },
												"down": { "texture": "#gold", "uv": [ 0.5, 0.0, 0.75, 0.5 ], "windMode": [-1,-1,-1,-1] }
											},
											"children": [
												{
													"name": "metal64",
													"from": [ -0.63, 0.0, 1.06 ],
													"to": [ -0.58, 0.1, 1.96 ],
													"autoUnwrap": false,
													"uv": [ 0.0, 0.0 ],
													"rotationOrigin": [ -1.57, 0.2, 0.215 ],
													"rotationY": 45.0,
													"faces": {
														"north": { "texture": "#gold", "uv": [ 0.0, 1.0, 0.25, 1.5 ] },
														"east": { "texture": "#gold", "uv": [ 0.5, 1.0, 1.25, 1.5 ], "windMode": [-1,-1,-1,-1] },
														"south": { "texture": "#gold", "uv": [ 1.5, 1.0, 1.75, 1.5 ], "windMode": [-1,-1,-1,-1] },
														"west": { "texture": "#gold", "uv": [ 2.0, 1.0, 2.75, 1.5 ], "windMode": [-1,-1,-1,-1] },
														"up": { "texture": "#gold", "uv": [ 0.0, 0.0, 0.25, 0.5 ], "windMode": [-1,-1,-1,-1] },
														"down": { "texture": "#gold", "uv": [ 0.5, 0.0, 0.75, 0.5 ], "windMode": [-1,-1,-1,-1] }
													}
												}
											]
										},
										{
											"name": "metal65",
											"from": [ 2.143, 0.0, 5.1787 ],
											"to": [ 2.193, 0.1, 6.0787 ],
											"autoUnwrap": false,
											"uv": [ 0.0, 0.0 ],
											"rotationOrigin": [ 1.173, 0.2, 4.3887 ],
											"faces": {
												"north": { "texture": "#gold", "uv": [ 0.0, 1.0, 0.25, 1.5 ] },
												"east": { "texture": "#gold", "uv": [ 0.5, 1.0, 1.25, 1.5 ], "windMode": [-1,-1,-1,-1] },
												"south": { "texture": "#gold", "uv": [ 1.5, 1.0, 1.75, 1.5 ], "windMode": [-1,-1,-1,-1] },
												"west": { "texture": "#gold", "uv": [ 2.0, 1.0, 2.75, 1.5 ], "windMode": [-1,-1,-1,-1] },
												"up": { "texture": "#gold", "uv": [ 0.0, 0.0, 0.25, 0.5 ], "windMode": [-1,-1,-1,-1] },
												"down": { "texture": "#gold", "uv": [ 0.5, 0.0, 0.75, 0.5 ], "windMode": [-1,-1,-1,-1] }
											},
											"children": [
												{
													"name": "metal66",
													"from": [ -0.63, 0.0, 1.06 ],
													"to": [ -0.58, 0.1, 1.96 ],
													"autoUnwrap": false,
													"uv": [ 0.0, 0.0 ],
													"rotationOrigin": [ -1.57, 0.2, 0.215 ],
													"rotationY": 45.0,
													"faces": {
														"north": { "texture": "#gold", "uv": [ 0.0, 1.0, 0.25, 1.5 ] },
														"east": { "texture": "#gold", "uv": [ 0.5, 1.0, 1.25, 1.5 ], "windMode": [-1,-1,-1,-1] },
														"south": { "texture": "#gold", "uv": [ 1.5, 1.0, 1.75, 1.5 ], "windMode": [-1,-1,-1,-1] },
														"west": { "texture": "#gold", "uv": [ 2.0, 1.0, 2.75, 1.5 ], "windMode": [-1,-1,-1,-1] },
														"up": { "texture": "#gold", "uv": [ 0.0, 0.0, 0.25, 0.5 ], "windMode": [-1,-1,-1,-1] },
														"down": { "texture": "#gold", "uv": [ 0.5, 0.0, 0.75, 0.5 ], "windMode": [-1,-1,-1,-1] }
													}
												}
											]
										},
										{
											"name": "metal67",
											"from": [ 2.4492, 0.0, 5.9178 ],
											"to": [ 2.4992, 0.1, 6.8178 ],
											"autoUnwrap": false,
											"uv": [ 0.0, 0.0 ],
											"rotationOrigin": [ 1.4792, 0.2, 5.1278 ],
											"faces": {
												"north": { "texture": "#gold", "uv": [ 0.0, 1.0, 0.25, 1.5 ] },
												"east": { "texture": "#gold", "uv": [ 0.5, 1.0, 1.25, 1.5 ], "windMode": [-1,-1,-1,-1] },
												"south": { "texture": "#gold", "uv": [ 1.5, 1.0, 1.75, 1.5 ], "windMode": [-1,-1,-1,-1] },
												"west": { "texture": "#gold", "uv": [ 2.0, 1.0, 2.75, 1.5 ], "windMode": [-1,-1,-1,-1] },
												"up": { "texture": "#gold", "uv": [ 0.0, 0.0, 0.25, 0.5 ], "windMode": [-1,-1,-1,-1] },
												"down": { "texture": "#gold", "uv": [ 0.5, 0.0, 0.75, 0.5 ], "windMode": [-1,-1,-1,-1] }
											},
											"children": [
												{
													"name": "metal68",
													"from": [ -0.63, 0.0, 1.06 ],
													"to": [ -0.58, 0.1, 1.96 ],
													"autoUnwrap": false,
													"uv": [ 0.0, 0.0 ],
													"rotationOrigin": [ -1.57, 0.2, 0.215 ],
													"rotationY": 45.0,
													"faces": {
														"north": { "texture": "#gold", "uv": [ 0.0, 1.0, 0.25, 1.5 ] },
														"east": { "texture": "#gold", "uv": [ 0.5, 1.0, 1.25, 1.5 ], "windMode": [-1,-1,-1,-1] },
														"south": { "texture": "#gold", "uv": [ 1.5, 1.0, 1.75, 1.5 ], "windMode": [-1,-1,-1,-1] },
														"west": { "texture": "#gold", "uv": [ 2.0, 1.0, 2.75, 1.5 ], "windMode": [-1,-1,-1,-1] },
														"up": { "texture": "#gold", "uv": [ 0.0, 0.0, 0.25, 0.5 ], "windMode": [-1,-1,-1,-1] },
														"down": { "texture": "#gold", "uv": [ 0.5, 0.0, 0.75, 0.5 ], "windMode": [-1,-1,-1,-1] }
													}
												}
											]
										},
										{
											"name": "metal69",
											"from": [ 2.7553, 0.0, 6.6569 ],
											"to": [ 2.8053, 0.1, 7.5569 ],
											"autoUnwrap": false,
											"uv": [ 0.0, 0.0 ],
											"rotationOrigin": [ 1.7853, 0.2, 5.8669 ],
											"faces": {
												"north": { "texture": "#gold", "uv": [ 0.0, 1.0, 0.25, 1.5 ] },
												"east": { "texture": "#gold", "uv": [ 0.5, 1.0, 1.25, 1.5 ], "windMode": [-1,-1,-1,-1] },
												"south": { "texture": "#gold", "uv": [ 1.5, 1.0, 1.75, 1.5 ], "windMode": [-1,-1,-1,-1] },
												"west": { "texture": "#gold", "uv": [ 2.0, 1.0, 2.75, 1.5 ], "windMode": [-1,-1,-1,-1] },
												"up": { "texture": "#gold", "uv": [ 0.0, 0.0, 0.25, 0.5 ], "windMode": [-1,-1,-1,-1] },
												"down": { "texture": "#gold", "uv": [ 0.5, 0.0, 0.75, 0.5 ], "windMode": [-1,-1,-1,-1] }
											},
											"children": [
												{
													"name": "metal70",
													"from": [ -0.63, 0.0, 1.06 ],
													"to": [ -0.58, 0.1, 1.96 ],
													"autoUnwrap": false,
													"uv": [ 0.0, 0.0 ],
													"rotationOrigin": [ -1.57, 0.2, 0.215 ],
													"rotationY": 45.0,
													"faces": {
														"north": { "texture": "#gold", "uv": [ 0.0, 1.0, 0.25, 1.5 ] },
														"east": { "texture": "#gold", "uv": [ 0.5, 1.0, 1.25, 1.5 ], "windMode": [-1,-1,-1,-1] },
														"south": { "texture": "#gold", "uv": [ 1.5, 1.0, 1.75, 1.5 ], "windMode": [-1,-1,-1,-1] },
														"west": { "texture": "#gold", "uv": [ 2.0, 1.0, 2.75, 1.5 ], "windMode": [-1,-1,-1,-1] },
														"up": { "texture": "#gold", "uv": [ 0.0, 0.0, 0.25, 0.5 ], "windMode": [-1,-1,-1,-1] },
														"down": { "texture": "#gold", "uv": [ 0.5, 0.0, 0.75, 0.5 ], "windMode": [-1,-1,-1,-1] }
													}
												}
											]
										}
									]
								}
							]
						},
						{
							"name": "metal29",
							"from": [ 5.5, 0.2, 0.0 ],
							"to": [ 5.8, 0.21, 8.4 ],
							"autoUnwrap": false,
							"uv": [ 0.0, 0.0 ],
							"rotationOrigin": [ 4.8, 0.4, -0.8 ],
							"faces": {
								"north": { "texture": "#gold", "uv": [ 0.0, 1.0, 0.25, 1.5 ] },
								"east": { "texture": "#gold", "uv": [ 0.5, 1.0, 8.75, 1.5 ], "windMode": [-1,-1,-1,-1] },
								"south": { "texture": "#gold", "uv": [ 1.5, 1.0, 1.75, 1.5 ], "windMode": [-1,-1,-1,-1] },
								"west": { "texture": "#gold", "uv": [ 2.0, 1.0, 10.25, 1.5 ], "windMode": [-1,-1,-1,-1] },
								"up": { "texture": "#gold", "uv": [ 0.0, 0.0, 0.25, 8.0 ], "windMode": [-1,-1,-1,-1] },
								"down": { "texture": "#gold", "uv": [ 0.5, 0.0, 0.75, 8.0 ], "windMode": [-1,-1,-1,-1] }
							},
							"children": [
								{
									"name": "metal30",
									"from": [ -0.3, 0.0, 0.0 ],
									"to": [ 0.0, 0.1, 8.4 ],
									"autoUnwrap": false,
									"uv": [ 0.0, 0.0 ],
									"rotationOrigin": [ -1.3, 0.2, -0.8 ],
									"faces": {
										"north": { "texture": "#gold", "uv": [ 0.0, 1.0, 0.25, 1.5 ] },
										"east": { "texture": "#gold", "uv": [ 0.5, 1.0, 8.75, 1.5 ], "windMode": [-1,-1,-1,-1] },
										"south": { "texture": "#gold", "uv": [ 1.5, 1.0, 1.75, 1.5 ], "windMode": [-1,-1,-1,-1] },
										"west": { "texture": "#gold", "uv": [ 2.0, 1.0, 10.25, 1.5 ], "windMode": [-1,-1,-1,-1] },
										"up": { "texture": "#gold", "uv": [ 0.0, 0.0, 0.25, 8.0 ], "windMode": [-1,-1,-1,-1] },
										"down": { "texture": "#gold", "uv": [ 0.5, 0.0, 0.75, 8.0 ], "windMode": [-1,-1,-1,-1] }
									}
								}
							]
						}
					]
				}
			]
		}
	]}