{
	"editor": {
		"collapsedPaths": "Root/me19,Root/origin/metal/me/me16/me18,Root/origin/metal/me/me6,Root/origin/metal/me/me12,Root/origin/metal/me/me10,Root/origin/metal/me",
		"allAngles": false,
		"entityTextureMode": true
	},
	"textureWidth": 16,
	"textureHeight": 16,
	"textureSizes": {
	},
	"textures": {
		"aged-gray": "C:/Users/777/Desktop/KhazadDum/assets/khazaddum/textures/item/book/aged-gray",
		"normal-brown": "C:/Users/777/Desktop/KhazadDum/assets/khazaddum/textures/item/book/normal-brown",
		"silver": "C:/Users/777/Desktop/KhazadDum/assets/khazaddum/textures/item/silver"
	},
	"elements": [
		{
			"name": "origin",
			"from": [ 8.0, 0.0, 8.0 ],
			"to": [ 8.0, 0.0, 8.0 ],
			"uv": [ 0.0, 0.0 ],
			"rotationOrigin": [ 8.0, 0.0, 8.0 ],
			"faces": {
			},
			"children": [
				{
					"name": "Pages",
					"from": [ -2.0, 0.4, -4.0 ],
					"to": [ 3.0, 1.4, 4.0 ],
					"autoUnwrap": false,
					"uv": [ 0.0, 0.0 ],
					"rotationOrigin": [ 0.0, 0.4, 0.0 ],
					"faces": {
						"north": { "texture": "#normal-brown", "uv": [ 5.0, 0.0, 7.0, 6.0 ], "rotation": 90, "autoUv": false, "windMode": [-1,-1,-1,-1] },
						"east": { "texture": "#normal-brown", "uv": [ 5.0, 0.0, 7.0, 6.0 ], "rotation": 90, "autoUv": false, "windMode": [-1,-1,-1,-1] },
						"south": { "texture": "#normal-brown", "uv": [ 5.0, 0.0, 7.0, 6.0 ], "rotation": 90, "autoUv": false, "windMode": [-1,-1,-1,-1] }
					},
					"children": [
						{
							"name": "CoverTop",
							"from": [ 0.0, 1.0, -0.2 ],
							"to": [ 5.2, 1.4, 8.2 ],
							"autoUnwrap": false,
							"uv": [ 0.0, 7.5 ],
							"rotationOrigin": [ 2.7, 1.0, 4.0 ],
							"faces": {
								"north": { "texture": "#aged-gray", "uv": [ 7.5, 12.5, 12.5, 13.0 ], "windMode": [-1,-1,-1,-1] },
								"east": { "texture": "#aged-gray", "uv": [ 5.5, 12.5, 13.5, 13.0 ], "windMode": [-1,-1,-1,-1] },
								"south": { "texture": "#aged-gray", "uv": [ 10.5, 9.5, 11.0, 14.5 ], "rotation": 90, "windMode": [-1,-1,-1,-1] },
								"up": { "texture": "#aged-gray", "uv": [ 10.5, 7.5, 15.5, 15.5 ], "windMode": [-1,-1,-1,-1] },
								"down": { "texture": "#aged-gray", "uv": [ 5.0, 7.5, 10.0, 15.5 ], "windMode": [-1,-1,-1,-1] }
							}
						},
						{
							"name": "CoverBottom",
							"from": [ 0.0, -0.4, -0.2 ],
							"to": [ 5.2, 0.0, 8.2 ],
							"autoUnwrap": false,
							"uv": [ 0.0, 7.5 ],
							"rotationOrigin": [ 2.7, -0.4, 4.0 ],
							"faces": {
								"north": { "texture": "#aged-gray", "uv": [ 0.0, 15.5, 5.0, 16.0 ], "windMode": [-1,-1,-1,-1] },
								"east": { "texture": "#aged-gray", "uv": [ 5.0, 15.5, 13.0, 16.0 ], "windMode": [-1,-1,-1,-1] },
								"south": { "texture": "#aged-gray", "uv": [ 15.5, 3.0, 16.0, 8.0 ], "rotation": 90, "windMode": [-1,-1,-1,-1] },
								"up": { "texture": "#aged-gray", "uv": [ 5.0, 7.5, 10.0, 15.5 ], "windMode": [-1,-1,-1,-1] },
								"down": { "texture": "#aged-gray", "uv": [ 5.5, 7.5, 10.5, 15.5 ], "windMode": [-1,-1,-1,-1] }
							}
						},
						{
							"name": "Back",
							"from": [ -0.3, -0.4, -0.2 ],
							"to": [ 0.0, 1.4, 8.2 ],
							"autoUnwrap": false,
							"uv": [ 1.5, -2.5 ],
							"rotationOrigin": [ -0.3, 0.5, 4.0 ],
							"faces": {
								"north": { "texture": "#aged-gray", "uv": [ 8.0, 5.0, 8.5, 6.5 ], "windMode": [-1,-1,-1,-1] },
								"east": { "texture": "#aged-gray", "uv": [ 3.5, 1.0, 11.5, 2.5 ], "windMode": [-1,-1,-1,-1] },
								"south": { "texture": "#aged-gray", "uv": [ 8.5, 5.0, 9.0, 6.5 ], "windMode": [-1,-1,-1,-1] },
								"west": { "texture": "#aged-gray", "uv": [ 0.0, 2.5, 8.0, 4.0 ], "windMode": [-1,-1,-1,-1] },
								"up": { "texture": "#aged-gray", "uv": [ 8.0, 7.5, 8.5, 15.5 ], "windMode": [-1,-1,-1,-1] },
								"down": { "texture": "#aged-gray", "uv": [ 15.0, 8.0, 15.5, 16.0 ], "windMode": [-1,-1,-1,-1] }
							}
						},
						{
							"name": "Backend",
							"from": [ -0.5, -0.2, -0.2 ],
							"to": [ -0.3, 1.2, 8.2 ],
							"autoUnwrap": false,
							"uv": [ 0.0, 6.0 ],
							"rotationOrigin": [ -0.6, 0.5, 4.0 ],
							"faces": {
								"north": { "texture": "#aged-gray", "uv": [ 0.0, 6.5, 0.5, 7.5 ], "windMode": [-1,-1,-1,-1] },
								"south": { "texture": "#aged-gray", "uv": [ 0.5, 6.5, 1.0, 7.5 ], "windMode": [-1,-1,-1,-1] },
								"west": { "texture": "#aged-gray", "uv": [ 0.0, 0.0, 3.5, 10.5 ], "rotation": 270, "autoUv": false, "windMode": [-1,-1,-1,-1] },
								"up": { "texture": "#aged-gray", "uv": [ 0.0, 6.0, 8.0, 6.5 ], "rotation": 90, "windMode": [-1,-1,-1,-1] },
								"down": { "texture": "#aged-gray", "uv": [ 0.0, 5.5, 8.0, 6.0 ], "rotation": 90, "windMode": [-1,-1,-1,-1] }
							}
						}
					]
				},
				{
					"name": "metal",
					"from": [ -2.6, 1.6, -4.2 ],
					"to": [ -2.3, 1.9, 4.2 ],
					"autoUnwrap": false,
					"uv": [ 0.0, 0.0 ],
					"rotationOrigin": [ -2.0, 1.0, -4.0 ],
					"faces": {
						"north": { "texture": "#silver", "uv": [ 0.0, 1.0, 0.25, 1.5 ] },
						"east": { "texture": "#silver", "uv": [ 1.0, 1.0, 9.25, 1.5 ], "windMode": [-1,-1,-1,-1] },
						"south": { "texture": "#silver", "uv": [ 2.0, 1.0, 2.25, 1.5 ], "windMode": [-1,-1,-1,-1] },
						"west": { "texture": "#silver", "uv": [ 3.0, 1.0, 11.25, 1.5 ], "windMode": [-1,-1,-1,-1] },
						"up": { "texture": "#silver", "uv": [ 0.0, 0.0, 0.25, 8.0 ], "windMode": [-1,-1,-1,-1] },
						"down": { "texture": "#silver", "uv": [ 1.0, 0.0, 1.25, 8.0 ], "windMode": [-1,-1,-1,-1] }
					},
					"children": [
						{
							"name": "metal2",
							"from": [ 0.0, -1.7, 0.0 ],
							"to": [ 0.3, -1.4, 8.4 ],
							"autoUnwrap": false,
							"uv": [ 0.0, 0.0 ],
							"rotationOrigin": [ 0.6, -1.6, 0.2 ],
							"faces": {
								"north": { "texture": "#silver", "uv": [ 0.0, 1.0, 0.25, 1.5 ] },
								"east": { "texture": "#silver", "uv": [ 1.0, 1.0, 9.25, 1.5 ], "windMode": [-1,-1,-1,-1] },
								"south": { "texture": "#silver", "uv": [ 2.0, 1.0, 2.25, 1.5 ], "windMode": [-1,-1,-1,-1] },
								"west": { "texture": "#silver", "uv": [ 3.0, 1.0, 11.25, 1.5 ], "windMode": [-1,-1,-1,-1] },
								"up": { "texture": "#silver", "uv": [ 0.0, 0.0, 0.25, 8.0 ], "windMode": [-1,-1,-1,-1] },
								"down": { "texture": "#silver", "uv": [ 1.0, 0.0, 1.25, 8.0 ], "windMode": [-1,-1,-1,-1] }
							}
						},
						{
							"name": "metal3",
							"from": [ 5.8, -1.7, 0.0 ],
							"to": [ 6.1, -1.4, 8.4 ],
							"autoUnwrap": false,
							"uv": [ 0.0, 0.0 ],
							"rotationOrigin": [ 5.6, -1.6, 0.2 ],
							"faces": {
								"north": { "texture": "#silver", "uv": [ 0.0, 1.0, 0.25, 1.5 ] },
								"east": { "texture": "#silver", "uv": [ 1.0, 1.0, 9.25, 1.5 ], "windMode": [-1,-1,-1,-1] },
								"south": { "texture": "#silver", "uv": [ 2.0, 1.0, 2.25, 1.5 ], "windMode": [-1,-1,-1,-1] },
								"west": { "texture": "#silver", "uv": [ 3.0, 1.0, 11.25, 1.5 ], "windMode": [-1,-1,-1,-1] },
								"up": { "texture": "#silver", "uv": [ 0.0, 0.0, 0.25, 8.0 ], "windMode": [-1,-1,-1,-1] },
								"down": { "texture": "#silver", "uv": [ 1.0, 0.0, 1.25, 8.0 ], "windMode": [-1,-1,-1,-1] }
							}
						},
						{
							"name": "metal4",
							"from": [ 5.8, 0.0, 0.0 ],
							"to": [ 6.1, 0.3, 8.4 ],
							"autoUnwrap": false,
							"uv": [ 0.0, 0.0 ],
							"rotationOrigin": [ 5.6, 0.4, 0.2 ],
							"faces": {
								"north": { "texture": "#silver", "uv": [ 0.0, 1.0, 0.25, 1.5 ] },
								"east": { "texture": "#silver", "uv": [ 1.0, 1.0, 9.25, 1.5 ], "windMode": [-1,-1,-1,-1] },
								"south": { "texture": "#silver", "uv": [ 2.0, 1.0, 2.25, 1.5 ], "windMode": [-1,-1,-1,-1] },
								"west": { "texture": "#silver", "uv": [ 3.0, 1.0, 11.25, 1.5 ], "windMode": [-1,-1,-1,-1] },
								"up": { "texture": "#silver", "uv": [ 0.0, 0.0, 0.25, 8.0 ], "windMode": [-1,-1,-1,-1] },
								"down": { "texture": "#silver", "uv": [ 1.0, 0.0, 1.25, 8.0 ], "windMode": [-1,-1,-1,-1] }
							}
						},
						{
							"name": "metal5",
							"from": [ 0.0, 0.0, -0.3 ],
							"to": [ 6.1, 0.3, 0.0 ],
							"autoUnwrap": false,
							"uv": [ 0.0, 0.0 ],
							"rotationOrigin": [ -0.4, 0.4, 0.2 ],
							"faces": {
								"north": { "texture": "#silver", "uv": [ 0.0, 1.0, 6.0, 1.5 ] },
								"east": { "texture": "#silver", "uv": [ 1.0, 1.0, 1.25, 1.5 ], "windMode": [-1,-1,-1,-1] },
								"south": { "texture": "#silver", "uv": [ 2.0, 1.0, 8.0, 1.5 ], "windMode": [-1,-1,-1,-1] },
								"west": { "texture": "#silver", "uv": [ 3.0, 1.0, 3.25, 1.5 ], "windMode": [-1,-1,-1,-1] },
								"up": { "texture": "#silver", "uv": [ 0.0, 0.0, 6.0, 0.5 ], "windMode": [-1,-1,-1,-1] },
								"down": { "texture": "#silver", "uv": [ 1.0, 0.0, 7.0, 0.5 ], "windMode": [-1,-1,-1,-1] }
							}
						},
						{
							"name": "metal6",
							"from": [ 0.0, -1.7, -0.3 ],
							"to": [ 6.1, -1.4, 0.0 ],
							"autoUnwrap": false,
							"uv": [ 0.0, 0.0 ],
							"rotationOrigin": [ -0.4, -0.6, 0.2 ],
							"faces": {
								"north": { "texture": "#silver", "uv": [ 0.0, 1.0, 6.0, 1.5 ] },
								"east": { "texture": "#silver", "uv": [ 1.0, 1.0, 1.25, 1.5 ], "windMode": [-1,-1,-1,-1] },
								"south": { "texture": "#silver", "uv": [ 2.0, 1.0, 8.0, 1.5 ], "windMode": [-1,-1,-1,-1] },
								"west": { "texture": "#silver", "uv": [ 3.0, 1.0, 3.25, 1.5 ], "windMode": [-1,-1,-1,-1] },
								"up": { "texture": "#silver", "uv": [ 0.0, 0.0, 6.0, 0.5 ], "windMode": [-1,-1,-1,-1] },
								"down": { "texture": "#silver", "uv": [ 1.0, 0.0, 7.0, 0.5 ], "windMode": [-1,-1,-1,-1] }
							}
						},
						{
							"name": "metal7",
							"from": [ 0.0, -1.7, 8.4 ],
							"to": [ 6.1, -1.4, 8.7 ],
							"autoUnwrap": false,
							"uv": [ 0.0, 0.0 ],
							"rotationOrigin": [ -0.4, -0.6, 9.2 ],
							"faces": {
								"north": { "texture": "#silver", "uv": [ 0.0, 1.0, 6.0, 1.5 ] },
								"east": { "texture": "#silver", "uv": [ 1.0, 1.0, 1.25, 1.5 ], "windMode": [-1,-1,-1,-1] },
								"south": { "texture": "#silver", "uv": [ 2.0, 1.0, 8.0, 1.5 ], "windMode": [-1,-1,-1,-1] },
								"west": { "texture": "#silver", "uv": [ 3.0, 1.0, 3.25, 1.5 ], "windMode": [-1,-1,-1,-1] },
								"up": { "texture": "#silver", "uv": [ 0.0, 0.0, 6.0, 0.5 ], "windMode": [-1,-1,-1,-1] },
								"down": { "texture": "#silver", "uv": [ 1.0, 0.0, 7.0, 0.5 ], "windMode": [-1,-1,-1,-1] }
							}
						},
						{
							"name": "metal8",
							"from": [ 0.0, 0.0, 8.4 ],
							"to": [ 6.1, 0.3, 8.7 ],
							"autoUnwrap": false,
							"uv": [ 0.0, 0.0 ],
							"rotationOrigin": [ -0.4, -0.6, 9.2 ],
							"faces": {
								"north": { "texture": "#silver", "uv": [ 0.0, 1.0, 6.0, 1.5 ] },
								"east": { "texture": "#silver", "uv": [ 1.0, 1.0, 1.25, 1.5 ], "windMode": [-1,-1,-1,-1] },
								"south": { "texture": "#silver", "uv": [ 2.0, 1.0, 8.0, 1.5 ], "windMode": [-1,-1,-1,-1] },
								"west": { "texture": "#silver", "uv": [ 3.0, 1.0, 3.25, 1.5 ], "windMode": [-1,-1,-1,-1] },
								"up": { "texture": "#silver", "uv": [ 0.0, 0.0, 6.0, 0.5 ], "windMode": [-1,-1,-1,-1] },
								"down": { "texture": "#silver", "uv": [ 1.0, 0.0, 7.0, 0.5 ], "windMode": [-1,-1,-1,-1] }
							}
						},
						{
							"name": "metal9",
							"from": [ 0.0, -1.4, 8.4 ],
							"to": [ 0.3, 0.0, 8.7 ],
							"autoUnwrap": false,
							"uv": [ 0.0, 0.0 ],
							"rotationOrigin": [ -0.4, -1.6, 9.2 ],
							"faces": {
								"north": { "texture": "#silver", "uv": [ 0.0, 1.0, 0.25, 2.0 ] },
								"east": { "texture": "#silver", "uv": [ 1.0, 1.0, 1.25, 2.0 ], "windMode": [-1,-1,-1,-1] },
								"south": { "texture": "#silver", "uv": [ 2.0, 1.0, 2.25, 2.0 ], "windMode": [-1,-1,-1,-1] },
								"west": { "texture": "#silver", "uv": [ 3.0, 1.0, 3.25, 2.0 ], "windMode": [-1,-1,-1,-1] },
								"up": { "texture": "#silver", "uv": [ 0.0, 0.0, 0.25, 0.5 ], "windMode": [-1,-1,-1,-1] },
								"down": { "texture": "#silver", "uv": [ 1.0, 0.0, 1.25, 0.5 ], "windMode": [-1,-1,-1,-1] }
							}
						},
						{
							"name": "metal10",
							"from": [ 0.0, -1.4, -0.3 ],
							"to": [ 0.3, 0.0, 0.0 ],
							"autoUnwrap": false,
							"uv": [ 0.0, 0.0 ],
							"rotationOrigin": [ -0.4, -1.6, 0.2 ],
							"faces": {
								"north": { "texture": "#silver", "uv": [ 0.0, 1.0, 0.25, 2.0 ] },
								"east": { "texture": "#silver", "uv": [ 1.0, 1.0, 1.25, 2.0 ], "windMode": [-1,-1,-1,-1] },
								"south": { "texture": "#silver", "uv": [ 2.0, 1.0, 2.25, 2.0 ], "windMode": [-1,-1,-1,-1] },
								"west": { "texture": "#silver", "uv": [ 3.0, 1.0, 3.25, 2.0 ], "windMode": [-1,-1,-1,-1] },
								"up": { "texture": "#silver", "uv": [ 0.0, 0.0, 0.25, 0.5 ], "windMode": [-1,-1,-1,-1] },
								"down": { "texture": "#silver", "uv": [ 1.0, 0.0, 1.25, 0.5 ], "windMode": [-1,-1,-1,-1] }
							}
						},
						{
							"name": "metal11",
							"from": [ 0.05, -1.4, 0.4 ],
							"to": [ 0.1, 0.0, 0.8 ],
							"autoUnwrap": false,
							"uv": [ 0.0, 0.0 ],
							"rotationOrigin": [ -0.4, -1.6, 0.2 ],
							"faces": {
								"north": { "texture": "#silver", "uv": [ 0.0, 1.0, 0.25, 2.0 ] },
								"east": { "texture": "#silver", "uv": [ 1.0, 1.0, 1.25, 2.0 ], "windMode": [-1,-1,-1,-1] },
								"south": { "texture": "#silver", "uv": [ 2.0, 1.0, 2.25, 2.0 ], "windMode": [-1,-1,-1,-1] },
								"west": { "texture": "#silver", "uv": [ 3.0, 1.0, 3.25, 2.0 ], "windMode": [-1,-1,-1,-1] },
								"up": { "texture": "#silver", "uv": [ 0.0, 0.0, 0.25, 0.5 ], "windMode": [-1,-1,-1,-1] },
								"down": { "texture": "#silver", "uv": [ 1.0, 0.0, 1.25, 0.5 ], "windMode": [-1,-1,-1,-1] }
							}
						},
						{
							"name": "metal12",
							"from": [ 5.5, 0.2, 0.0 ],
							"to": [ 5.8, 0.3, 0.3 ],
							"autoUnwrap": false,
							"uv": [ 0.0, 0.0 ],
							"rotationOrigin": [ 4.6, 0.4, 0.2 ],
							"faces": {
								"north": { "texture": "#silver", "uv": [ 0.0, 1.0, 0.25, 1.5 ] },
								"east": { "texture": "#silver", "uv": [ 1.0, 1.0, 1.25, 1.5 ], "windMode": [-1,-1,-1,-1] },
								"south": { "texture": "#silver", "uv": [ 2.0, 1.0, 2.25, 1.5 ], "windMode": [-1,-1,-1,-1] },
								"west": { "texture": "#silver", "uv": [ 3.0, 1.0, 3.25, 1.5 ], "windMode": [-1,-1,-1,-1] },
								"up": { "texture": "#silver", "uv": [ 0.0, 0.0, 0.25, 0.5 ], "windMode": [-1,-1,-1,-1] },
								"down": { "texture": "#silver", "uv": [ 1.0, 0.0, 1.25, 0.5 ], "windMode": [-1,-1,-1,-1] }
							}
						},
						{
							"name": "metal13",
							"from": [ 5.5, 0.2, 8.1 ],
							"to": [ 5.8, 0.3, 8.4 ],
							"autoUnwrap": false,
							"uv": [ 0.0, 0.0 ],
							"rotationOrigin": [ 4.6, 0.4, 8.2 ],
							"faces": {
								"north": { "texture": "#silver", "uv": [ 0.0, 1.0, 0.25, 1.5 ] },
								"east": { "texture": "#silver", "uv": [ 1.0, 1.0, 1.25, 1.5 ], "windMode": [-1,-1,-1,-1] },
								"south": { "texture": "#silver", "uv": [ 2.0, 1.0, 2.25, 1.5 ], "windMode": [-1,-1,-1,-1] },
								"west": { "texture": "#silver", "uv": [ 3.0, 1.0, 3.25, 1.5 ], "windMode": [-1,-1,-1,-1] },
								"up": { "texture": "#silver", "uv": [ 0.0, 0.0, 0.25, 0.5 ], "windMode": [-1,-1,-1,-1] },
								"down": { "texture": "#silver", "uv": [ 1.0, 0.0, 1.25, 0.5 ], "windMode": [-1,-1,-1,-1] }
							}
						},
						{
							"name": "metal14",
							"from": [ 0.3, 0.2, 8.1 ],
							"to": [ 0.6, 0.3, 8.4 ],
							"autoUnwrap": false,
							"uv": [ 0.0, 0.0 ],
							"rotationOrigin": [ -0.4, 0.4, 8.2 ],
							"faces": {
								"north": { "texture": "#silver", "uv": [ 0.0, 1.0, 0.25, 1.5 ] },
								"east": { "texture": "#silver", "uv": [ 1.0, 1.0, 1.25, 1.5 ], "windMode": [-1,-1,-1,-1] },
								"south": { "texture": "#silver", "uv": [ 2.0, 1.0, 2.25, 1.5 ], "windMode": [-1,-1,-1,-1] },
								"west": { "texture": "#silver", "uv": [ 3.0, 1.0, 3.25, 1.5 ], "windMode": [-1,-1,-1,-1] },
								"up": { "texture": "#silver", "uv": [ 0.0, 0.0, 0.25, 0.5 ], "windMode": [-1,-1,-1,-1] },
								"down": { "texture": "#silver", "uv": [ 1.0, 0.0, 1.25, 0.5 ], "windMode": [-1,-1,-1,-1] }
							}
						},
						{
							"name": "metal15",
							"from": [ 0.05, -1.4, 2.8 ],
							"to": [ 0.1, 0.0, 3.2 ],
							"autoUnwrap": false,
							"uv": [ 0.0, 0.0 ],
							"rotationOrigin": [ -0.4, -1.6, 2.2 ],
							"faces": {
								"north": { "texture": "#silver", "uv": [ 0.0, 1.0, 0.25, 2.0 ] },
								"east": { "texture": "#silver", "uv": [ 1.0, 1.0, 1.25, 2.0 ], "windMode": [-1,-1,-1,-1] },
								"south": { "texture": "#silver", "uv": [ 2.0, 1.0, 2.25, 2.0 ], "windMode": [-1,-1,-1,-1] },
								"west": { "texture": "#silver", "uv": [ 3.0, 1.0, 3.25, 2.0 ], "windMode": [-1,-1,-1,-1] },
								"up": { "texture": "#silver", "uv": [ 0.0, 0.0, 0.25, 0.5 ], "windMode": [-1,-1,-1,-1] },
								"down": { "texture": "#silver", "uv": [ 1.0, 0.0, 1.25, 0.5 ], "windMode": [-1,-1,-1,-1] }
							}
						},
						{
							"name": "metal16",
							"from": [ 0.05, -1.4, 4.0 ],
							"to": [ 0.1, 0.0, 4.4 ],
							"autoUnwrap": false,
							"uv": [ 0.0, 0.0 ],
							"rotationOrigin": [ -0.4, -1.6, 3.2 ],
							"faces": {
								"north": { "texture": "#silver", "uv": [ 0.0, 1.0, 0.25, 2.0 ] },
								"east": { "texture": "#silver", "uv": [ 1.0, 1.0, 1.25, 2.0 ], "windMode": [-1,-1,-1,-1] },
								"south": { "texture": "#silver", "uv": [ 2.0, 1.0, 2.25, 2.0 ], "windMode": [-1,-1,-1,-1] },
								"west": { "texture": "#silver", "uv": [ 3.0, 1.0, 3.25, 2.0 ], "windMode": [-1,-1,-1,-1] },
								"up": { "texture": "#silver", "uv": [ 0.0, 0.0, 0.25, 0.5 ], "windMode": [-1,-1,-1,-1] },
								"down": { "texture": "#silver", "uv": [ 1.0, 0.0, 1.25, 0.5 ], "windMode": [-1,-1,-1,-1] }
							}
						},
						{
							"name": "metal17",
							"from": [ 0.05, -1.4, 7.6 ],
							"to": [ 0.1, 0.0, 8.0 ],
							"autoUnwrap": false,
							"uv": [ 0.0, 0.0 ],
							"rotationOrigin": [ -0.4, -1.6, 7.2 ],
							"faces": {
								"north": { "texture": "#silver", "uv": [ 0.0, 1.0, 0.25, 2.0 ] },
								"east": { "texture": "#silver", "uv": [ 1.0, 1.0, 1.25, 2.0 ], "windMode": [-1,-1,-1,-1] },
								"south": { "texture": "#silver", "uv": [ 2.0, 1.0, 2.25, 2.0 ], "windMode": [-1,-1,-1,-1] },
								"west": { "texture": "#silver", "uv": [ 3.0, 1.0, 3.25, 2.0 ], "windMode": [-1,-1,-1,-1] },
								"up": { "texture": "#silver", "uv": [ 0.0, 0.0, 0.25, 0.5 ], "windMode": [-1,-1,-1,-1] },
								"down": { "texture": "#silver", "uv": [ 1.0, 0.0, 1.25, 0.5 ], "windMode": [-1,-1,-1,-1] }
							}
						},
						{
							"name": "me",
							"from": [ 0.94, 0.2, 6.3 ],
							"to": [ 5.24, 0.25, 7.875 ],
							"autoUnwrap": false,
							"uv": [ 0.0, 0.0 ],
							"rotationOrigin": [ -0.4, 0.4, 7.2 ],
							"faces": {
								"north": { "texture": "#silver", "uv": [ 0.0, 1.0, 4.25, 1.5 ] },
								"east": { "texture": "#silver", "uv": [ 1.0, 1.0, 2.5, 1.5 ], "windMode": [-1,-1,-1,-1] },
								"south": { "texture": "#silver", "uv": [ 2.0, 1.0, 6.25, 1.5 ], "windMode": [-1,-1,-1,-1] },
								"west": { "texture": "#silver", "uv": [ 3.0, 1.0, 4.5, 1.5 ], "windMode": [-1,-1,-1,-1] },
								"up": { "texture": "#silver", "uv": [ 8.75, 6.57, 12.55, 10.86 ], "autoUv": false, "windMode": [-1,-1,-1,-1] },
								"down": { "texture": "#silver", "uv": [ 1.0, 0.0, 5.25, 1.5 ], "windMode": [-1,-1,-1,-1] }
							},
							"children": [
								{
									"name": "me2",
									"from": [ 0.0, 0.05, 0.0 ],
									"to": [ 0.1, 0.1, 1.575 ],
									"uv": [ 0.0, 0.0 ],
									"rotationOrigin": [ -1.34, 0.2, 0.9 ],
									"faces": {
										"north": { "texture": "#silver", "uv": [ 0.0, 1.5, 0.25, 2.0 ] },
										"east": { "texture": "#silver", "uv": [ 0.25, 1.5, 1.75, 2.0 ], "windMode": [-1,-1,-1,-1] },
										"south": { "texture": "#silver", "uv": [ 1.75, 1.5, 2.0, 2.0 ], "windMode": [-1,-1,-1,-1] },
										"west": { "texture": "#silver", "uv": [ 2.0, 1.5, 3.5, 2.0 ], "windMode": [-1,-1,-1,-1] },
										"up": { "texture": "#silver", "uv": [ 0.0, 0.0, 0.25, 1.5 ], "windMode": [-1,-1,-1,-1] },
										"down": { "texture": "#silver", "uv": [ 0.25, 0.0, 0.5, 1.5 ], "windMode": [-1,-1,-1,-1] }
									}
								},
								{
									"name": "me3",
									"from": [ 4.2, 0.05, 0.0 ],
									"to": [ 4.3, 0.1, 1.575 ],
									"uv": [ 0.0, 0.0 ],
									"rotationOrigin": [ 2.66, 0.2, 0.9 ],
									"faces": {
										"north": { "texture": "#silver", "uv": [ 0.0, 1.5, 0.25, 2.0 ] },
										"east": { "texture": "#silver", "uv": [ 0.25, 1.5, 1.75, 2.0 ], "windMode": [-1,-1,-1,-1] },
										"south": { "texture": "#silver", "uv": [ 1.75, 1.5, 2.0, 2.0 ], "windMode": [-1,-1,-1,-1] },
										"west": { "texture": "#silver", "uv": [ 2.0, 1.5, 3.5, 2.0 ], "windMode": [-1,-1,-1,-1] },
										"up": { "texture": "#silver", "uv": [ 0.0, 0.0, 0.25, 1.5 ], "windMode": [-1,-1,-1,-1] },
										"down": { "texture": "#silver", "uv": [ 0.25, 0.0, 0.5, 1.5 ], "windMode": [-1,-1,-1,-1] }
									}
								},
								{
									"name": "me4",
									"from": [ 0.1, 0.05, 0.0 ],
									"to": [ 4.2, 0.1, 0.1 ],
									"uv": [ 0.0, 0.0 ],
									"rotationOrigin": [ -1.34, 0.2, 0.9 ],
									"faces": {
										"north": { "texture": "#silver", "uv": [ 0.0, 0.5, 4.0, 1.0 ] },
										"east": { "texture": "#silver", "uv": [ 4.0, 0.5, 4.25, 1.0 ], "windMode": [-1,-1,-1,-1] },
										"south": { "texture": "#silver", "uv": [ 4.25, 0.5, 8.25, 1.0 ], "windMode": [-1,-1,-1,-1] },
										"west": { "texture": "#silver", "uv": [ 8.25, 0.5, 8.5, 1.0 ], "windMode": [-1,-1,-1,-1] },
										"up": { "texture": "#silver", "uv": [ 0.0, 0.0, 4.0, 0.5 ], "windMode": [-1,-1,-1,-1] },
										"down": { "texture": "#silver", "uv": [ 4.0, 0.0, 8.0, 0.5 ], "windMode": [-1,-1,-1,-1] }
									}
								},
								{
									"name": "me5",
									"from": [ 0.1, 0.05, 1.475 ],
									"to": [ 4.2, 0.1, 1.575 ],
									"uv": [ 0.0, 0.0 ],
									"rotationOrigin": [ -1.34, 0.2, 1.9 ],
									"faces": {
										"north": { "texture": "#silver", "uv": [ 0.0, 0.5, 4.0, 1.0 ] },
										"east": { "texture": "#silver", "uv": [ 4.0, 0.5, 4.25, 1.0 ], "windMode": [-1,-1,-1,-1] },
										"south": { "texture": "#silver", "uv": [ 4.25, 0.5, 8.25, 1.0 ], "windMode": [-1,-1,-1,-1] },
										"west": { "texture": "#silver", "uv": [ 8.25, 0.5, 8.5, 1.0 ], "windMode": [-1,-1,-1,-1] },
										"up": { "texture": "#silver", "uv": [ 0.0, 0.0, 4.0, 0.5 ], "windMode": [-1,-1,-1,-1] },
										"down": { "texture": "#silver", "uv": [ 4.0, 0.0, 8.0, 0.5 ], "windMode": [-1,-1,-1,-1] }
									}
								},
								{
									"name": "me6",
									"from": [ 0.6, 0.05, 0.2 ],
									"to": [ 0.7, 0.1, 1.37 ],
									"uv": [ 0.0, 0.0 ],
									"rotationOrigin": [ -0.94, 0.2, 0.9 ],
									"faces": {
										"north": { "texture": "#silver", "uv": [ 0.0, 1.0, 0.25, 1.5 ] },
										"east": { "texture": "#silver", "uv": [ 0.25, 1.0, 1.25, 1.5 ], "windMode": [-1,-1,-1,-1] },
										"south": { "texture": "#silver", "uv": [ 1.25, 1.0, 1.5, 1.5 ], "windMode": [-1,-1,-1,-1] },
										"west": { "texture": "#silver", "uv": [ 1.5, 1.0, 2.5, 1.5 ], "windMode": [-1,-1,-1,-1] },
										"up": { "texture": "#silver", "uv": [ 0.0, 0.0, 0.25, 1.0 ], "windMode": [-1,-1,-1,-1] },
										"down": { "texture": "#silver", "uv": [ 0.25, 0.0, 0.5, 1.0 ], "windMode": [-1,-1,-1,-1] }
									},
									"children": [
										{
											"name": "me7",
											"from": [ 0.015, 0.0, 1.365 ],
											"to": [ 0.115, 0.05, 1.865 ],
											"uv": [ 0.0, 0.0 ],
											"rotationOrigin": [ -1.54, 0.15, 0.7 ],
											"rotationY": 45.0,
											"faces": {
												"north": { "texture": "#silver", "uv": [ 0.0, 0.5, 0.25, 1.0 ] },
												"east": { "texture": "#silver", "uv": [ 0.25, 0.5, 0.75, 1.0 ], "windMode": [-1,-1,-1,-1] },
												"south": { "texture": "#silver", "uv": [ 0.75, 0.5, 1.0, 1.0 ], "windMode": [-1,-1,-1,-1] },
												"west": { "texture": "#silver", "uv": [ 1.0, 0.5, 1.5, 1.0 ], "windMode": [-1,-1,-1,-1] },
												"up": { "texture": "#silver", "uv": [ 0.0, 0.0, 0.25, 0.5 ], "windMode": [-1,-1,-1,-1] },
												"down": { "texture": "#silver", "uv": [ 0.25, 0.0, 0.5, 0.5 ], "windMode": [-1,-1,-1,-1] }
											}
										},
										{
											"name": "me8",
											"from": [ 0.72, 0.0, -0.77 ],
											"to": [ 0.82, 0.05, -0.37 ],
											"uv": [ 0.0, 0.0 ],
											"rotationOrigin": [ -0.84, 0.15, -0.7 ],
											"rotationY": -45.0,
											"faces": {
												"north": { "texture": "#silver", "uv": [ 0.0, 0.5, 0.25, 1.0 ] },
												"east": { "texture": "#silver", "uv": [ 0.25, 0.5, 0.5, 1.0 ], "windMode": [-1,-1,-1,-1] },
												"south": { "texture": "#silver", "uv": [ 0.5, 0.5, 0.75, 1.0 ], "windMode": [-1,-1,-1,-1] },
												"west": { "texture": "#silver", "uv": [ 0.75, 0.5, 1.0, 1.0 ], "windMode": [-1,-1,-1,-1] },
												"up": { "texture": "#silver", "uv": [ 0.0, 0.0, 0.25, 0.5 ], "windMode": [-1,-1,-1,-1] },
												"down": { "texture": "#silver", "uv": [ 0.25, 0.0, 0.5, 0.5 ], "windMode": [-1,-1,-1,-1] }
											}
										},
										{
											"name": "me9",
											"from": [ 0.52, 0.0, 1.863 ],
											"to": [ 0.62, 0.05, 2.413 ],
											"uv": [ 0.0, 0.0 ],
											"rotationOrigin": [ -1.04, 0.15, 1.9 ],
											"rotationY": 45.0,
											"faces": {
												"north": { "texture": "#silver", "uv": [ 0.0, 0.5, 0.25, 1.0 ] },
												"east": { "texture": "#silver", "uv": [ 0.25, 0.5, 0.75, 1.0 ], "windMode": [-1,-1,-1,-1] },
												"south": { "texture": "#silver", "uv": [ 0.75, 0.5, 1.0, 1.0 ], "windMode": [-1,-1,-1,-1] },
												"west": { "texture": "#silver", "uv": [ 1.0, 0.5, 1.5, 1.0 ], "windMode": [-1,-1,-1,-1] },
												"up": { "texture": "#silver", "uv": [ 0.0, 0.0, 0.25, 0.5 ], "windMode": [-1,-1,-1,-1] },
												"down": { "texture": "#silver", "uv": [ 0.25, 0.0, 0.5, 0.5 ], "windMode": [-1,-1,-1,-1] }
											}
										}
									]
								},
								{
									"name": "me10",
									"from": [ 1.5, 0.05, 0.2 ],
									"to": [ 1.6, 0.1, 1.37 ],
									"uv": [ 0.0, 0.0 ],
									"rotationOrigin": [ -0.04, 0.2, 0.9 ],
									"faces": {
										"north": { "texture": "#silver", "uv": [ 0.0, 1.0, 0.25, 1.5 ] },
										"east": { "texture": "#silver", "uv": [ 0.25, 1.0, 1.25, 1.5 ], "windMode": [-1,-1,-1,-1] },
										"south": { "texture": "#silver", "uv": [ 1.25, 1.0, 1.5, 1.5 ], "windMode": [-1,-1,-1,-1] },
										"west": { "texture": "#silver", "uv": [ 1.5, 1.0, 2.5, 1.5 ], "windMode": [-1,-1,-1,-1] },
										"up": { "texture": "#silver", "uv": [ 0.0, 0.0, 0.25, 1.0 ], "windMode": [-1,-1,-1,-1] },
										"down": { "texture": "#silver", "uv": [ 0.25, 0.0, 0.5, 1.0 ], "windMode": [-1,-1,-1,-1] }
									},
									"children": [
										{
											"name": "me11",
											"from": [ 0.01, 0.0, 1.47 ],
											"to": [ 0.11, 0.05, 1.97 ],
											"uv": [ 0.0, 0.0 ],
											"rotationOrigin": [ -1.54, 0.15, 0.8 ],
											"rotationY": 45.0,
											"faces": {
												"north": { "texture": "#silver", "uv": [ 0.0, 0.5, 0.25, 1.0 ] },
												"east": { "texture": "#silver", "uv": [ 0.25, 0.5, 0.75, 1.0 ], "windMode": [-1,-1,-1,-1] },
												"south": { "texture": "#silver", "uv": [ 0.75, 0.5, 1.0, 1.0 ], "windMode": [-1,-1,-1,-1] },
												"west": { "texture": "#silver", "uv": [ 1.0, 0.5, 1.5, 1.0 ], "windMode": [-1,-1,-1,-1] },
												"up": { "texture": "#silver", "uv": [ 0.0, 0.0, 0.25, 0.5 ], "windMode": [-1,-1,-1,-1] },
												"down": { "texture": "#silver", "uv": [ 0.25, 0.0, 0.5, 0.5 ], "windMode": [-1,-1,-1,-1] }
											}
										},
										{
											"name": "me13",
											"from": [ 0.354, 0.0, 0.46 ],
											"to": [ 0.454, 0.05, 1.17 ],
											"uv": [ 0.0, 0.0 ],
											"rotationOrigin": [ -1.14, 0.15, 0.5 ],
											"faces": {
												"north": { "texture": "#silver", "uv": [ 0.0, 0.5, 0.25, 1.0 ] },
												"east": { "texture": "#silver", "uv": [ 0.25, 0.5, 0.75, 1.0 ], "windMode": [-1,-1,-1,-1] },
												"south": { "texture": "#silver", "uv": [ 0.75, 0.5, 1.0, 1.0 ], "windMode": [-1,-1,-1,-1] },
												"west": { "texture": "#silver", "uv": [ 1.0, 0.5, 1.5, 1.0 ], "windMode": [-1,-1,-1,-1] },
												"up": { "texture": "#silver", "uv": [ 0.0, 0.0, 0.25, 0.5 ], "windMode": [-1,-1,-1,-1] },
												"down": { "texture": "#silver", "uv": [ 0.25, 0.0, 0.5, 0.5 ], "windMode": [-1,-1,-1,-1] }
											}
										}
									]
								},
								{
									"name": "me12",
									"from": [ 2.4, 0.05, 0.2 ],
									"to": [ 2.5, 0.1, 1.37 ],
									"uv": [ 0.0, 0.0 ],
									"rotationOrigin": [ 0.86, 0.2, 0.9 ],
									"faces": {
										"north": { "texture": "#silver", "uv": [ 0.0, 1.0, 0.25, 1.5 ] },
										"east": { "texture": "#silver", "uv": [ 0.25, 1.0, 1.25, 1.5 ], "windMode": [-1,-1,-1,-1] },
										"south": { "texture": "#silver", "uv": [ 1.25, 1.0, 1.5, 1.5 ], "windMode": [-1,-1,-1,-1] },
										"west": { "texture": "#silver", "uv": [ 1.5, 1.0, 2.5, 1.5 ], "windMode": [-1,-1,-1,-1] },
										"up": { "texture": "#silver", "uv": [ 0.0, 0.0, 0.25, 1.0 ], "windMode": [-1,-1,-1,-1] },
										"down": { "texture": "#silver", "uv": [ 0.25, 0.0, 0.5, 1.0 ], "windMode": [-1,-1,-1,-1] }
									},
									"children": [
										{
											"name": "me14",
											"from": [ 1.04, 0.0, 2.84 ],
											"to": [ 1.14, 0.05, 3.095 ],
											"uv": [ 0.0, 0.0 ],
											"rotationOrigin": [ -0.54, 0.15, 2.2 ],
											"rotationY": 90.0,
											"faces": {
												"north": { "texture": "#silver", "uv": [ 0.0, 0.5, 0.25, 1.0 ] },
												"east": { "texture": "#silver", "uv": [ 0.25, 0.5, 0.5, 1.0 ], "windMode": [-1,-1,-1,-1] },
												"south": { "texture": "#silver", "uv": [ 0.5, 0.5, 0.75, 1.0 ], "windMode": [-1,-1,-1,-1] },
												"west": { "texture": "#silver", "uv": [ 0.75, 0.5, 1.0, 1.0 ], "windMode": [-1,-1,-1,-1] },
												"up": { "texture": "#silver", "uv": [ 0.0, 0.0, 0.25, 0.5 ], "windMode": [-1,-1,-1,-1] },
												"down": { "texture": "#silver", "uv": [ 0.25, 0.0, 0.5, 0.5 ], "windMode": [-1,-1,-1,-1] }
											}
										},
										{
											"name": "me15",
											"from": [ 0.354, 0.0, 0.0 ],
											"to": [ 0.454, 0.05, 1.16 ],
											"uv": [ 0.0, 0.0 ],
											"rotationOrigin": [ -1.14, 0.15, 0.1 ],
											"faces": {
												"north": { "texture": "#silver", "uv": [ 0.0, 1.0, 0.25, 1.5 ] },
												"east": { "texture": "#silver", "uv": [ 0.25, 1.0, 1.25, 1.5 ], "windMode": [-1,-1,-1,-1] },
												"south": { "texture": "#silver", "uv": [ 1.25, 1.0, 1.5, 1.5 ], "windMode": [-1,-1,-1,-1] },
												"west": { "texture": "#silver", "uv": [ 1.5, 1.0, 2.5, 1.5 ], "windMode": [-1,-1,-1,-1] },
												"up": { "texture": "#silver", "uv": [ 0.0, 0.0, 0.25, 1.0 ], "windMode": [-1,-1,-1,-1] },
												"down": { "texture": "#silver", "uv": [ 0.25, 0.0, 0.5, 1.0 ], "windMode": [-1,-1,-1,-1] }
											}
										}
									]
								},
								{
									"name": "me19",
									"from": [ 4.2, 0.05, -0.2547 ],
									"to": [ 4.3, 0.1, 0.5453 ],
									"uv": [ 0.0, 0.0 ],
									"rotationOrigin": [ 2.8624, 0.2, -0.2024 ],
									"rotationY": -44.9802,
									"faces": {
										"north": { "texture": "#silver", "uv": [ 0.0, 0.5, 0.25, 1.0 ] },
										"east": { "texture": "#silver", "uv": [ 0.25, 0.5, 1.0, 1.0 ], "windMode": [-1,-1,-1,-1] },
										"south": { "texture": "#silver", "uv": [ 1.0, 0.5, 1.25, 1.0 ], "windMode": [-1,-1,-1,-1] },
										"west": { "texture": "#silver", "uv": [ 1.25, 0.5, 2.0, 1.0 ], "windMode": [-1,-1,-1,-1] },
										"up": { "texture": "#silver", "uv": [ 0.0, 0.0, 0.25, 0.5 ], "windMode": [-1,-1,-1,-1] },
										"down": { "texture": "#silver", "uv": [ 0.25, 0.0, 0.5, 0.5 ], "windMode": [-1,-1,-1,-1] }
									},
									"children": [
										{
											"name": "me18",
											"from": [ 0.682, 0.0, 1.1755 ],
											"to": [ 0.782, 0.05, 1.9755 ],
											"uv": [ 0.0, 0.0 ],
											"rotationOrigin": [ -0.5471, 0.15, 1.3288 ],
											"rotationY": 89.9802,
											"faces": {
												"north": { "texture": "#silver", "uv": [ 0.0, 0.5, 0.25, 1.0 ] },
												"east": { "texture": "#silver", "uv": [ 0.25, 0.5, 1.0, 1.0 ], "windMode": [-1,-1,-1,-1] },
												"south": { "texture": "#silver", "uv": [ 1.0, 0.5, 1.25, 1.0 ], "windMode": [-1,-1,-1,-1] },
												"west": { "texture": "#silver", "uv": [ 1.25, 0.5, 2.0, 1.0 ], "windMode": [-1,-1,-1,-1] },
												"up": { "texture": "#silver", "uv": [ 0.0, 0.0, 0.25, 0.5 ], "windMode": [-1,-1,-1,-1] },
												"down": { "texture": "#silver", "uv": [ 0.25, 0.0, 0.5, 0.5 ], "windMode": [-1,-1,-1,-1] }
											}
										}
									]
								}
							]
						},
						{
							"name": "metal18",
							"from": [ 0.3, 0.2, 0.0 ],
							"to": [ 0.6, 0.3, 0.3 ],
							"autoUnwrap": false,
							"uv": [ 0.0, 0.0 ],
							"rotationOrigin": [ -0.4, 0.4, 0.2 ],
							"faces": {
								"north": { "texture": "#silver", "uv": [ 0.0, 1.0, 0.25, 1.5 ] },
								"east": { "texture": "#silver", "uv": [ 1.0, 1.0, 1.25, 1.5 ], "windMode": [-1,-1,-1,-1] },
								"south": { "texture": "#silver", "uv": [ 2.0, 1.0, 2.25, 1.5 ], "windMode": [-1,-1,-1,-1] },
								"west": { "texture": "#silver", "uv": [ 3.0, 1.0, 3.25, 1.5 ], "windMode": [-1,-1,-1,-1] },
								"up": { "texture": "#silver", "uv": [ 0.0, 0.0, 0.25, 0.5 ], "windMode": [-1,-1,-1,-1] },
								"down": { "texture": "#silver", "uv": [ 1.0, 0.0, 1.25, 0.5 ], "windMode": [-1,-1,-1,-1] }
							}
						},
						{
							"name": "reshetka",
							"from": [ 0.07, -1.15, 0.8 ],
							"to": [ 0.12, -1.05, 7.6 ],
							"autoUnwrap": false,
							"uv": [ 0.0, 0.0 ],
							"rotationOrigin": [ -0.4, -1.6, 0.2 ],
							"faces": {
								"north": { "texture": "#silver", "uv": [ 0.0, 1.0, 0.25, 1.5 ] },
								"east": { "texture": "#silver", "uv": [ 1.0, 1.0, 7.75, 1.5 ], "windMode": [-1,-1,-1,-1] },
								"south": { "texture": "#silver", "uv": [ 2.0, 1.0, 2.25, 1.5 ], "windMode": [-1,-1,-1,-1] },
								"west": { "texture": "#silver", "uv": [ 3.0, 1.0, 9.75, 1.5 ], "windMode": [-1,-1,-1,-1] },
								"up": { "texture": "#silver", "uv": [ 0.0, 0.0, 0.25, 6.5 ], "windMode": [-1,-1,-1,-1] },
								"down": { "texture": "#silver", "uv": [ 1.0, 0.0, 1.25, 6.5 ], "windMode": [-1,-1,-1,-1] }
							},
							"children": [
								{
									"name": "reshetka2",
									"from": [ 0.0, 0.8, 0.0 ],
									"to": [ 0.05, 0.9, 6.8 ],
									"autoUnwrap": false,
									"uv": [ 0.0, 0.0 ],
									"rotationOrigin": [ -0.45, -0.45, -0.6 ],
									"faces": {
										"north": { "texture": "#silver", "uv": [ 0.0, 1.0, 0.25, 1.5 ] },
										"east": { "texture": "#silver", "uv": [ 1.0, 1.0, 7.75, 1.5 ], "windMode": [-1,-1,-1,-1] },
										"south": { "texture": "#silver", "uv": [ 2.0, 1.0, 2.25, 1.5 ], "windMode": [-1,-1,-1,-1] },
										"west": { "texture": "#silver", "uv": [ 3.0, 1.0, 9.75, 1.5 ], "windMode": [-1,-1,-1,-1] },
										"up": { "texture": "#silver", "uv": [ 0.0, 0.0, 0.25, 6.5 ], "windMode": [-1,-1,-1,-1] },
										"down": { "texture": "#silver", "uv": [ 1.0, 0.0, 1.25, 6.5 ], "windMode": [-1,-1,-1,-1] }
									}
								},
								{
									"name": "reshetka3",
									"from": [ 0.0, 0.4, 0.0 ],
									"to": [ 0.05, 0.5, 6.8 ],
									"autoUnwrap": false,
									"uv": [ 0.0, 0.0 ],
									"rotationOrigin": [ -0.45, -0.45, -0.6 ],
									"faces": {
										"north": { "texture": "#silver", "uv": [ 0.0, 1.0, 0.25, 1.5 ] },
										"east": { "texture": "#silver", "uv": [ 1.0, 1.0, 7.75, 1.5 ], "windMode": [-1,-1,-1,-1] },
										"south": { "texture": "#silver", "uv": [ 2.0, 1.0, 2.25, 1.5 ], "windMode": [-1,-1,-1,-1] },
										"west": { "texture": "#silver", "uv": [ 3.0, 1.0, 9.75, 1.5 ], "windMode": [-1,-1,-1,-1] },
										"up": { "texture": "#silver", "uv": [ 0.0, 0.0, 0.25, 6.5 ], "windMode": [-1,-1,-1,-1] },
										"down": { "texture": "#silver", "uv": [ 1.0, 0.0, 1.25, 6.5 ], "windMode": [-1,-1,-1,-1] }
									}
								}
							]
						},
						{
							"name": "metal19",
							"from": [ 0.3, -1.7, 8.1 ],
							"to": [ 0.6, -1.6, 8.4 ],
							"autoUnwrap": false,
							"uv": [ 0.0, 0.0 ],
							"rotationOrigin": [ -0.4, -1.6, 8.2 ],
							"faces": {
								"north": { "texture": "#silver", "uv": [ 0.0, 1.0, 0.25, 1.5 ] },
								"east": { "texture": "#silver", "uv": [ 1.0, 1.0, 1.25, 1.5 ], "windMode": [-1,-1,-1,-1] },
								"south": { "texture": "#silver", "uv": [ 2.0, 1.0, 2.25, 1.5 ], "windMode": [-1,-1,-1,-1] },
								"west": { "texture": "#silver", "uv": [ 3.0, 1.0, 3.25, 1.5 ], "windMode": [-1,-1,-1,-1] },
								"up": { "texture": "#silver", "uv": [ 0.0, 0.0, 0.25, 0.5 ], "windMode": [-1,-1,-1,-1] },
								"down": { "texture": "#silver", "uv": [ 1.0, 0.0, 1.25, 0.5 ], "windMode": [-1,-1,-1,-1] }
							}
						},
						{
							"name": "metal20",
							"from": [ 0.3, -1.7, 0.0 ],
							"to": [ 0.6, -1.6, 0.3 ],
							"autoUnwrap": false,
							"uv": [ 0.0, 0.0 ],
							"rotationOrigin": [ -0.4, -1.6, 0.2 ],
							"faces": {
								"north": { "texture": "#silver", "uv": [ 0.0, 1.0, 0.25, 1.5 ] },
								"east": { "texture": "#silver", "uv": [ 1.0, 1.0, 1.25, 1.5 ], "windMode": [-1,-1,-1,-1] },
								"south": { "texture": "#silver", "uv": [ 2.0, 1.0, 2.25, 1.5 ], "windMode": [-1,-1,-1,-1] },
								"west": { "texture": "#silver", "uv": [ 3.0, 1.0, 3.25, 1.5 ], "windMode": [-1,-1,-1,-1] },
								"up": { "texture": "#silver", "uv": [ 0.0, 0.0, 0.25, 0.5 ], "windMode": [-1,-1,-1,-1] },
								"down": { "texture": "#silver", "uv": [ 1.0, 0.0, 1.25, 0.5 ], "windMode": [-1,-1,-1,-1] }
							}
						},
						{
							"name": "metal21",
							"from": [ 5.5, -1.7, 0.0 ],
							"to": [ 5.8, -1.6, 0.3 ],
							"autoUnwrap": false,
							"uv": [ 0.0, 0.0 ],
							"rotationOrigin": [ 4.6, -1.6, 0.2 ],
							"faces": {
								"north": { "texture": "#silver", "uv": [ 0.0, 1.0, 0.25, 1.5 ] },
								"east": { "texture": "#silver", "uv": [ 1.0, 1.0, 1.25, 1.5 ], "windMode": [-1,-1,-1,-1] },
								"south": { "texture": "#silver", "uv": [ 2.0, 1.0, 2.25, 1.5 ], "windMode": [-1,-1,-1,-1] },
								"west": { "texture": "#silver", "uv": [ 3.0, 1.0, 3.25, 1.5 ], "windMode": [-1,-1,-1,-1] },
								"up": { "texture": "#silver", "uv": [ 0.0, 0.0, 0.25, 0.5 ], "windMode": [-1,-1,-1,-1] },
								"down": { "texture": "#silver", "uv": [ 1.0, 0.0, 1.25, 0.5 ], "windMode": [-1,-1,-1,-1] }
							}
						},
						{
							"name": "metal22",
							"from": [ 5.5, -1.7, 8.1 ],
							"to": [ 5.8, -1.6, 8.4 ],
							"autoUnwrap": false,
							"uv": [ 0.0, 0.0 ],
							"rotationOrigin": [ 4.6, -1.6, 8.2 ],
							"faces": {
								"north": { "texture": "#silver", "uv": [ 0.0, 1.0, 0.25, 1.5 ] },
								"east": { "texture": "#silver", "uv": [ 1.0, 1.0, 1.25, 1.5 ], "windMode": [-1,-1,-1,-1] },
								"south": { "texture": "#silver", "uv": [ 2.0, 1.0, 2.25, 1.5 ], "windMode": [-1,-1,-1,-1] },
								"west": { "texture": "#silver", "uv": [ 3.0, 1.0, 3.25, 1.5 ], "windMode": [-1,-1,-1,-1] },
								"up": { "texture": "#silver", "uv": [ 0.0, 0.0, 0.25, 0.5 ], "windMode": [-1,-1,-1,-1] },
								"down": { "texture": "#silver", "uv": [ 1.0, 0.0, 1.25, 0.5 ], "windMode": [-1,-1,-1,-1] }
							}
						}
					]
				}
			]
		}
	]}