{
	"editor": {
		"collapsedPaths": "Root/origin/metal,Root/origin/metal/metal49,Root/origin/metal/metal25,Root/origin/metal/metal41,Root/origin/metal/metal11,Root/origin/metal/metal33",
		"allAngles": false,
		"entityTextureMode": true
	},
	"textureWidth": 16,
	"textureHeight": 16,
	"textureSizes": {
	},
	"textures": {
		"iron2": "C:/Users/777/Desktop/KhazadDum/assets/khazaddum/textures/block/iron2",
		"normal-brown": "C:/Users/777/Desktop/KhazadDum/assets/khazaddum/textures/item/book/normal-brown",
		"iron": "C:/Users/777/Desktop/KhazadDum/assets/khazaddum/textures/item/iron"
	},
	"elements": [
		{
			"name": "origin",
			"from": [ 8.0, 0.0, 8.0 ],
			"to": [ 8.0, 0.0, 8.0 ],
			"uv": [ 0.0, 0.0 ],
			"rotationOrigin": [ 8.0, 0.0, 8.0 ],
			"faces": {
			},
			"children": [
				{
					"name": "Pages",
					"from": [ -2.0, 0.4, -4.0 ],
					"to": [ 3.0, 1.4, 4.0 ],
					"autoUnwrap": false,
					"uv": [ 0.0, 0.0 ],
					"rotationOrigin": [ 0.0, 0.4, 0.0 ],
					"faces": {
						"north": { "texture": "#normal-brown", "uv": [ 5.0, 0.0, 7.0, 6.0 ], "rotation": 90, "autoUv": false, "windMode": [-1,-1,-1,-1] },
						"east": { "texture": "#normal-brown", "uv": [ 5.0, 0.0, 7.0, 6.0 ], "rotation": 90, "autoUv": false, "windMode": [-1,-1,-1,-1] },
						"south": { "texture": "#normal-brown", "uv": [ 5.0, 0.0, 7.0, 6.0 ], "rotation": 90, "autoUv": false, "windMode": [-1,-1,-1,-1] }
					},
					"children": [
						{
							"name": "CoverTop",
							"from": [ 0.0, 1.0, -0.2 ],
							"to": [ 5.2, 1.4, 8.2 ],
							"autoUnwrap": false,
							"uv": [ 0.0, 7.5 ],
							"rotationOrigin": [ 2.7, 1.0, 4.0 ],
							"faces": {
								"north": { "texture": "#normal-brown", "uv": [ 10.5, 14.0, 15.5, 14.5 ], "windMode": [-1,-1,-1,-1] },
								"east": { "texture": "#normal-brown", "uv": [ 5.5, 10.0, 13.5, 10.5 ], "windMode": [-1,-1,-1,-1] },
								"south": { "texture": "#normal-brown", "uv": [ 9.0, 7.5, 9.5, 12.5 ], "rotation": 90, "windMode": [-1,-1,-1,-1] },
								"up": { "texture": "#normal-brown", "uv": [ 11.0, 0.0, 16.0, 6.0 ], "autoUv": false, "windMode": [-1,-1,-1,-1] },
								"down": { "texture": "#normal-brown", "uv": [ 5.0, 7.5, 10.0, 15.5 ], "windMode": [-1,-1,-1,-1] }
							}
						},
						{
							"name": "CoverBottom",
							"from": [ 0.0, -0.4, -0.2 ],
							"to": [ 5.2, 0.0, 8.2 ],
							"autoUnwrap": false,
							"uv": [ 0.0, 7.5 ],
							"rotationOrigin": [ 2.7, -0.4, 4.0 ],
							"faces": {
								"north": { "texture": "#normal-brown", "uv": [ 0.0, 11.0, 5.0, 11.5 ] },
								"east": { "texture": "#normal-brown", "uv": [ 5.0, 15.5, 13.0, 16.0 ], "windMode": [-1,-1,-1,-1] },
								"south": { "texture": "#normal-brown", "uv": [ 15.5, 3.0, 16.0, 8.0 ], "rotation": 90, "windMode": [-1,-1,-1,-1] },
								"up": { "texture": "#normal-brown", "uv": [ 5.0, 7.5, 10.0, 15.5 ], "windMode": [-1,-1,-1,-1] },
								"down": { "texture": "#normal-brown", "uv": [ 5.5, 7.5, 10.5, 15.5 ], "windMode": [-1,-1,-1,-1] }
							}
						},
						{
							"name": "Back",
							"from": [ -0.3, -0.4, -0.2 ],
							"to": [ 0.0, 1.4, 8.2 ],
							"autoUnwrap": false,
							"uv": [ 2.0, 3.5 ],
							"rotationOrigin": [ -0.3, 0.5, 4.0 ],
							"faces": {
								"north": { "texture": "#normal-brown", "uv": [ 2.0, 11.5, 2.5, 13.0 ], "windMode": [-1,-1,-1,-1] },
								"east": { "texture": "#normal-brown", "uv": [ 2.5, 11.5, 10.5, 13.0 ], "windMode": [-1,-1,-1,-1] },
								"south": { "texture": "#normal-brown", "uv": [ 10.5, 11.5, 11.0, 13.0 ], "windMode": [-1,-1,-1,-1] },
								"west": { "texture": "#normal-brown", "uv": [ 11.0, 11.5, 19.0, 13.0 ], "windMode": [-1,-1,-1,-1] },
								"up": { "texture": "#normal-brown", "uv": [ 11.0, 0.0, 11.5, 8.0 ], "windMode": [-1,-1,-1,-1] },
								"down": { "texture": "#normal-brown", "uv": [ 5.0, 7.5, 5.5, 15.5 ], "windMode": [-1,-1,-1,-1] }
							}
						},
						{
							"name": "Backend",
							"from": [ -0.6, -0.2, -0.2 ],
							"to": [ -0.3, 1.2, 8.2 ],
							"autoUnwrap": false,
							"uv": [ 0.0, 7.0 ],
							"rotationOrigin": [ -0.6, 0.5, 4.0 ],
							"faces": {
								"north": { "texture": "#normal-brown", "uv": [ 0.0, 7.5, 0.5, 8.5 ], "windMode": [-1,-1,-1,-1] },
								"south": { "texture": "#normal-brown", "uv": [ 0.5, 7.5, 1.0, 8.5 ], "windMode": [-1,-1,-1,-1] },
								"west": { "texture": "#normal-brown", "uv": [ 0.5, 0.0, 3.0, 11.0 ], "rotation": 90, "autoUv": false, "windMode": [-1,-1,-1,-1] },
								"up": { "texture": "#normal-brown", "uv": [ 0.0, 7.0, 8.0, 7.5 ], "rotation": 90, "windMode": [-1,-1,-1,-1] },
								"down": { "texture": "#normal-brown", "uv": [ 8.0, 7.0, 16.0, 7.5 ], "rotation": 90, "windMode": [-1,-1,-1,-1] }
							}
						}
					]
				},
				{
					"name": "metal",
					"from": [ -2.8, 1.6, -4.2 ],
					"to": [ -2.3, 2.1, 4.2 ],
					"autoUnwrap": false,
					"uv": [ 0.5, 2.0 ],
					"rotationOrigin": [ -3.0, 1.0, -4.0 ],
					"faces": {
						"north": { "texture": "#iron2", "uv": [ 0.5, 10.0, 1.0, 10.5 ] },
						"east": { "texture": "#iron2", "uv": [ 1.0, 10.0, 9.0, 10.5 ], "windMode": [-1,-1,-1,-1] },
						"south": { "texture": "#iron2", "uv": [ 9.0, 10.0, 9.5, 10.5 ], "windMode": [-1,-1,-1,-1] },
						"west": { "texture": "#iron2", "uv": [ 7.0, 13.0, 15.0, 13.5 ], "windMode": [-1,-1,-1,-1] },
						"up": { "texture": "#iron2", "uv": [ 0.5, 2.0, 1.0, 10.0 ], "windMode": [-1,-1,-1,-1] },
						"down": { "texture": "#iron2", "uv": [ 1.0, 2.0, 1.5, 10.0 ], "windMode": [-1,-1,-1,-1] }
					},
					"children": [
						{
							"name": "metal2",
							"from": [ 0.0, -1.9, 0.0 ],
							"to": [ 0.5, -1.4, 8.4 ],
							"autoUnwrap": false,
							"uv": [ 0.5, 2.0 ],
							"rotationOrigin": [ -0.2, -1.6, 0.2 ],
							"faces": {
								"north": { "texture": "#iron2", "uv": [ 0.5, 10.0, 1.0, 10.5 ] },
								"east": { "texture": "#iron2", "uv": [ 1.0, 10.0, 9.0, 10.5 ], "windMode": [-1,-1,-1,-1] },
								"south": { "texture": "#iron2", "uv": [ 9.0, 10.0, 9.5, 10.5 ], "windMode": [-1,-1,-1,-1] },
								"west": { "texture": "#iron2", "uv": [ 7.0, 13.0, 15.0, 13.5 ], "windMode": [-1,-1,-1,-1] },
								"up": { "texture": "#iron2", "uv": [ 0.5, 2.0, 1.0, 10.0 ], "windMode": [-1,-1,-1,-1] },
								"down": { "texture": "#iron2", "uv": [ 1.0, 2.0, 1.5, 10.0 ], "windMode": [-1,-1,-1,-1] }
							}
						},
						{
							"name": "metal3",
							"from": [ 0.0, 0.0, -0.5 ],
							"to": [ 6.0, 0.5, 0.0 ],
							"autoUnwrap": false,
							"uv": [ 0.5, 2.0 ],
							"rotationOrigin": [ -0.2, -0.6, -0.8 ],
							"faces": {
								"north": { "texture": "#iron2", "uv": [ 0.5, 10.0, 6.5, 10.5 ] },
								"east": { "texture": "#iron2", "uv": [ 1.0, 10.0, 1.5, 10.5 ], "windMode": [-1,-1,-1,-1] },
								"south": { "texture": "#iron2", "uv": [ 9.0, 10.0, 15.0, 10.5 ], "windMode": [-1,-1,-1,-1] },
								"west": { "texture": "#iron2", "uv": [ 7.0, 13.0, 7.5, 13.5 ], "windMode": [-1,-1,-1,-1] },
								"up": { "texture": "#iron2", "uv": [ 0.5, 2.0, 6.5, 2.5 ], "windMode": [-1,-1,-1,-1] },
								"down": { "texture": "#iron2", "uv": [ 1.0, 2.0, 7.0, 2.5 ], "windMode": [-1,-1,-1,-1] }
							}
						},
						{
							"name": "metal4",
							"from": [ 0.0, 0.0, 8.4 ],
							"to": [ 6.0, 0.5, 8.9 ],
							"autoUnwrap": false,
							"uv": [ 0.5, 2.0 ],
							"rotationOrigin": [ -0.2, -0.6, 8.2 ],
							"faces": {
								"north": { "texture": "#iron2", "uv": [ 0.5, 10.0, 6.5, 10.5 ] },
								"east": { "texture": "#iron2", "uv": [ 1.0, 10.0, 1.5, 10.5 ], "windMode": [-1,-1,-1,-1] },
								"south": { "texture": "#iron2", "uv": [ 9.0, 10.0, 15.0, 10.5 ], "windMode": [-1,-1,-1,-1] },
								"west": { "texture": "#iron2", "uv": [ 7.0, 13.0, 7.5, 13.5 ], "windMode": [-1,-1,-1,-1] },
								"up": { "texture": "#iron2", "uv": [ 0.5, 2.0, 6.5, 2.5 ], "windMode": [-1,-1,-1,-1] },
								"down": { "texture": "#iron2", "uv": [ 1.0, 2.0, 7.0, 2.5 ], "windMode": [-1,-1,-1,-1] }
							}
						},
						{
							"name": "metal5",
							"from": [ 0.0, -1.9, 8.4 ],
							"to": [ 6.0, -1.4, 8.9 ],
							"autoUnwrap": false,
							"uv": [ 0.5, 2.0 ],
							"rotationOrigin": [ -0.2, -1.6, 8.2 ],
							"faces": {
								"north": { "texture": "#iron2", "uv": [ 0.5, 10.0, 6.5, 10.5 ] },
								"east": { "texture": "#iron2", "uv": [ 1.0, 10.0, 1.5, 10.5 ], "windMode": [-1,-1,-1,-1] },
								"south": { "texture": "#iron2", "uv": [ 9.0, 10.0, 15.0, 10.5 ], "windMode": [-1,-1,-1,-1] },
								"west": { "texture": "#iron2", "uv": [ 7.0, 13.0, 7.5, 13.5 ], "windMode": [-1,-1,-1,-1] },
								"up": { "texture": "#iron2", "uv": [ 0.5, 2.0, 6.5, 2.5 ], "windMode": [-1,-1,-1,-1] },
								"down": { "texture": "#iron2", "uv": [ 1.0, 2.0, 7.0, 2.5 ], "windMode": [-1,-1,-1,-1] }
							}
						},
						{
							"name": "metal6",
							"from": [ 0.0, -1.9, -0.5 ],
							"to": [ 6.0, -1.4, 0.0 ],
							"autoUnwrap": false,
							"uv": [ 0.5, 2.0 ],
							"rotationOrigin": [ -0.2, -1.6, -0.8 ],
							"faces": {
								"north": { "texture": "#iron2", "uv": [ 0.5, 10.0, 6.5, 10.5 ] },
								"east": { "texture": "#iron2", "uv": [ 1.0, 10.0, 1.5, 10.5 ], "windMode": [-1,-1,-1,-1] },
								"south": { "texture": "#iron2", "uv": [ 9.0, 10.0, 15.0, 10.5 ], "windMode": [-1,-1,-1,-1] },
								"west": { "texture": "#iron2", "uv": [ 7.0, 13.0, 7.5, 13.5 ], "windMode": [-1,-1,-1,-1] },
								"up": { "texture": "#iron2", "uv": [ 0.5, 2.0, 6.5, 2.5 ], "windMode": [-1,-1,-1,-1] },
								"down": { "texture": "#iron2", "uv": [ 1.0, 2.0, 7.0, 2.5 ], "windMode": [-1,-1,-1,-1] }
							}
						},
						{
							"name": "metal7",
							"from": [ 6.0, -1.9, -0.5 ],
							"to": [ 6.5, -1.4, 8.9 ],
							"autoUnwrap": false,
							"uv": [ 0.5, 2.0 ],
							"rotationOrigin": [ 5.8, -1.6, -0.8 ],
							"faces": {
								"north": { "texture": "#iron2", "uv": [ 0.5, 10.0, 1.0, 10.5 ] },
								"east": { "texture": "#iron2", "uv": [ 1.0, 10.0, 10.0, 10.5 ], "windMode": [-1,-1,-1,-1] },
								"south": { "texture": "#iron2", "uv": [ 9.0, 10.0, 9.5, 10.5 ], "windMode": [-1,-1,-1,-1] },
								"west": { "texture": "#iron2", "uv": [ 7.0, 13.0, 16.0, 13.5 ], "windMode": [-1,-1,-1,-1] },
								"up": { "texture": "#iron2", "uv": [ 0.5, 2.0, 1.0, 11.0 ], "windMode": [-1,-1,-1,-1] },
								"down": { "texture": "#iron2", "uv": [ 1.0, 2.0, 1.5, 11.0 ], "windMode": [-1,-1,-1,-1] }
							}
						},
						{
							"name": "metal8",
							"from": [ 6.0, 0.0, -0.5 ],
							"to": [ 6.5, 0.5, 8.9 ],
							"autoUnwrap": false,
							"uv": [ 0.5, 2.0 ],
							"rotationOrigin": [ 5.8, 0.4, -0.8 ],
							"faces": {
								"north": { "texture": "#iron2", "uv": [ 0.5, 10.0, 1.0, 10.5 ] },
								"east": { "texture": "#iron2", "uv": [ 1.0, 10.0, 10.0, 10.5 ], "windMode": [-1,-1,-1,-1] },
								"south": { "texture": "#iron2", "uv": [ 9.0, 10.0, 9.5, 10.5 ], "windMode": [-1,-1,-1,-1] },
								"west": { "texture": "#iron2", "uv": [ 7.0, 13.0, 16.0, 13.5 ], "windMode": [-1,-1,-1,-1] },
								"up": { "texture": "#iron2", "uv": [ 0.5, 2.0, 1.0, 11.0 ], "windMode": [-1,-1,-1,-1] },
								"down": { "texture": "#iron2", "uv": [ 1.0, 2.0, 1.5, 11.0 ], "windMode": [-1,-1,-1,-1] }
							}
						},
						{
							"name": "metal9",
							"from": [ 0.0, -1.4, -0.5 ],
							"to": [ 0.5, 0.0, 0.0 ],
							"autoUnwrap": false,
							"uv": [ 0.5, 2.0 ],
							"rotationOrigin": [ -0.2, -0.6, 0.2 ],
							"faces": {
								"north": { "texture": "#iron2", "uv": [ 0.5, 10.0, 1.0, 11.0 ] },
								"east": { "texture": "#iron2", "uv": [ 1.0, 10.0, 1.5, 11.0 ], "windMode": [-1,-1,-1,-1] },
								"south": { "texture": "#iron2", "uv": [ 9.0, 10.0, 9.5, 11.0 ], "windMode": [-1,-1,-1,-1] },
								"west": { "texture": "#iron2", "uv": [ 7.0, 13.0, 7.5, 14.0 ], "windMode": [-1,-1,-1,-1] },
								"up": { "texture": "#iron2", "uv": [ 0.5, 2.0, 1.0, 2.5 ], "windMode": [-1,-1,-1,-1] },
								"down": { "texture": "#iron2", "uv": [ 1.0, 2.0, 1.5, 2.5 ], "windMode": [-1,-1,-1,-1] }
							}
						},
						{
							"name": "metal10",
							"from": [ 0.0, -1.4, 8.4 ],
							"to": [ 0.5, 0.0, 8.9 ],
							"autoUnwrap": false,
							"uv": [ 0.5, 2.0 ],
							"rotationOrigin": [ -0.2, -0.6, 9.2 ],
							"faces": {
								"north": { "texture": "#iron2", "uv": [ 0.5, 10.0, 1.0, 11.0 ] },
								"east": { "texture": "#iron2", "uv": [ 1.0, 10.0, 1.5, 11.0 ], "windMode": [-1,-1,-1,-1] },
								"south": { "texture": "#iron2", "uv": [ 9.0, 10.0, 9.5, 11.0 ], "windMode": [-1,-1,-1,-1] },
								"west": { "texture": "#iron2", "uv": [ 7.0, 13.0, 7.5, 14.0 ], "windMode": [-1,-1,-1,-1] },
								"up": { "texture": "#iron2", "uv": [ 0.5, 2.0, 1.0, 2.5 ], "windMode": [-1,-1,-1,-1] },
								"down": { "texture": "#iron2", "uv": [ 1.0, 2.0, 1.5, 2.5 ], "windMode": [-1,-1,-1,-1] }
							}
						},
						{
							"name": "metal11",
							"from": [ 6.0, -1.4, 3.9 ],
							"to": [ 6.4, 0.0, 4.4 ],
							"autoUnwrap": false,
							"uv": [ 0.5, 2.0 ],
							"rotationOrigin": [ 5.8, -0.6, 3.2 ],
							"faces": {
								"north": { "texture": "#iron2", "uv": [ 0.5, 10.0, 1.0, 11.0 ] },
								"east": { "texture": "#iron2", "uv": [ 1.0, 10.0, 1.5, 11.0 ], "windMode": [-1,-1,-1,-1] },
								"south": { "texture": "#iron2", "uv": [ 9.0, 10.0, 9.5, 11.0 ], "windMode": [-1,-1,-1,-1] },
								"west": { "texture": "#iron2", "uv": [ 7.0, 13.0, 7.5, 14.0 ], "windMode": [-1,-1,-1,-1] },
								"up": { "texture": "#iron2", "uv": [ 0.5, 2.0, 1.0, 2.5 ], "windMode": [-1,-1,-1,-1] },
								"down": { "texture": "#iron2", "uv": [ 1.0, 2.0, 1.5, 2.5 ], "windMode": [-1,-1,-1,-1] }
							},
							"children": [
								{
									"name": "metal12",
									"from": [ -0.5, 1.6, -0.2 ],
									"to": [ 0.0, 1.8, 0.8 ],
									"autoUnwrap": false,
									"uv": [ 0.5, 2.0 ],
									"rotationOrigin": [ -0.2, 1.8, 0.3 ],
									"faces": {
										"north": { "texture": "#iron2", "uv": [ 0.5, 10.0, 1.0, 10.5 ] },
										"east": { "texture": "#iron2", "uv": [ 1.0, 10.0, 2.0, 10.5 ], "windMode": [-1,-1,-1,-1] },
										"south": { "texture": "#iron2", "uv": [ 9.0, 10.0, 9.5, 10.5 ], "windMode": [-1,-1,-1,-1] },
										"west": { "texture": "#iron2", "uv": [ 7.0, 13.0, 8.0, 13.5 ], "windMode": [-1,-1,-1,-1] },
										"up": { "texture": "#iron2", "uv": [ 0.5, 2.0, 1.0, 3.0 ], "windMode": [-1,-1,-1,-1] },
										"down": { "texture": "#iron2", "uv": [ 1.0, 2.0, 1.5, 3.0 ], "windMode": [-1,-1,-1,-1] }
									}
								},
								{
									"name": "metal13",
									"from": [ -0.5, -0.4, -0.2 ],
									"to": [ 0.0, -0.2, 0.8 ],
									"autoUnwrap": false,
									"uv": [ 0.5, 2.0 ],
									"rotationOrigin": [ -0.2, -0.2, 0.3 ],
									"faces": {
										"north": { "texture": "#iron2", "uv": [ 0.5, 10.0, 1.0, 10.5 ] },
										"east": { "texture": "#iron2", "uv": [ 1.0, 10.0, 2.0, 10.5 ], "windMode": [-1,-1,-1,-1] },
										"south": { "texture": "#iron2", "uv": [ 9.0, 10.0, 9.5, 10.5 ], "windMode": [-1,-1,-1,-1] },
										"west": { "texture": "#iron2", "uv": [ 7.0, 13.0, 8.0, 13.5 ], "windMode": [-1,-1,-1,-1] },
										"up": { "texture": "#iron2", "uv": [ 0.5, 2.0, 1.0, 3.0 ], "windMode": [-1,-1,-1,-1] },
										"down": { "texture": "#iron2", "uv": [ 1.0, 2.0, 1.5, 3.0 ], "windMode": [-1,-1,-1,-1] }
									}
								},
								{
									"name": "metal14",
									"from": [ 0.4, 0.6, 0.0 ],
									"to": [ 0.5, 0.7, 0.24 ],
									"autoUnwrap": false,
									"uv": [ 0.5, 2.0 ],
									"rotationOrigin": [ 0.8, 0.8, 0.3 ],
									"faces": {
										"north": { "texture": "#iron2", "uv": [ 0.5, 10.0, 1.0, 10.5 ] },
										"east": { "texture": "#iron2", "uv": [ 1.0, 10.0, 1.5, 10.5 ], "windMode": [-1,-1,-1,-1] },
										"south": { "texture": "#iron2", "uv": [ 9.0, 10.0, 9.5, 10.5 ], "windMode": [-1,-1,-1,-1] },
										"west": { "texture": "#iron2", "uv": [ 7.0, 13.0, 7.5, 13.5 ], "windMode": [-1,-1,-1,-1] },
										"up": { "texture": "#iron2", "uv": [ 0.5, 2.0, 1.0, 2.5 ], "windMode": [-1,-1,-1,-1] },
										"down": { "texture": "#iron2", "uv": [ 1.0, 2.0, 1.5, 2.5 ], "windMode": [-1,-1,-1,-1] }
									}
								},
								{
									"name": "metal15",
									"from": [ 0.4, 0.6, 0.26 ],
									"to": [ 0.5, 0.7, 0.5 ],
									"autoUnwrap": false,
									"uv": [ 0.5, 2.0 ],
									"rotationOrigin": [ 0.8, 0.8, 0.3 ],
									"faces": {
										"north": { "texture": "#iron2", "uv": [ 0.5, 10.0, 1.0, 10.5 ] },
										"east": { "texture": "#iron2", "uv": [ 1.0, 10.0, 1.5, 10.5 ], "windMode": [-1,-1,-1,-1] },
										"south": { "texture": "#iron2", "uv": [ 9.0, 10.0, 9.5, 10.5 ], "windMode": [-1,-1,-1,-1] },
										"west": { "texture": "#iron2", "uv": [ 7.0, 13.0, 7.5, 13.5 ], "windMode": [-1,-1,-1,-1] },
										"up": { "texture": "#iron2", "uv": [ 0.5, 2.0, 1.0, 2.5 ], "windMode": [-1,-1,-1,-1] },
										"down": { "texture": "#iron2", "uv": [ 1.0, 2.0, 1.5, 2.5 ], "windMode": [-1,-1,-1,-1] }
									}
								},
								{
									"name": "metal16",
									"from": [ 0.4, 0.7, 0.3 ],
									"to": [ 0.5, 0.8, 0.5 ],
									"autoUnwrap": false,
									"uv": [ 0.5, 2.0 ],
									"rotationOrigin": [ 0.8, 0.8, 0.3 ],
									"faces": {
										"north": { "texture": "#iron2", "uv": [ 0.5, 10.0, 1.0, 10.5 ] },
										"east": { "texture": "#iron2", "uv": [ 1.0, 10.0, 1.5, 10.5 ], "windMode": [-1,-1,-1,-1] },
										"south": { "texture": "#iron2", "uv": [ 9.0, 10.0, 9.5, 10.5 ], "windMode": [-1,-1,-1,-1] },
										"west": { "texture": "#iron2", "uv": [ 7.0, 13.0, 7.5, 13.5 ], "windMode": [-1,-1,-1,-1] },
										"up": { "texture": "#iron2", "uv": [ 0.5, 2.0, 1.0, 2.5 ], "windMode": [-1,-1,-1,-1] },
										"down": { "texture": "#iron2", "uv": [ 1.0, 2.0, 1.5, 2.5 ], "windMode": [-1,-1,-1,-1] }
									}
								},
								{
									"name": "metal17",
									"from": [ 0.4, 0.7, 0.0 ],
									"to": [ 0.5, 0.8, 0.2 ],
									"autoUnwrap": false,
									"uv": [ 0.5, 2.0 ],
									"rotationOrigin": [ 0.8, 0.8, 0.3 ],
									"faces": {
										"north": { "texture": "#iron2", "uv": [ 0.5, 10.0, 1.0, 10.5 ] },
										"east": { "texture": "#iron2", "uv": [ 1.0, 10.0, 1.5, 10.5 ], "windMode": [-1,-1,-1,-1] },
										"south": { "texture": "#iron2", "uv": [ 9.0, 10.0, 9.5, 10.5 ], "windMode": [-1,-1,-1,-1] },
										"west": { "texture": "#iron2", "uv": [ 7.0, 13.0, 7.5, 13.5 ], "windMode": [-1,-1,-1,-1] },
										"up": { "texture": "#iron2", "uv": [ 0.5, 2.0, 1.0, 2.5 ], "windMode": [-1,-1,-1,-1] },
										"down": { "texture": "#iron2", "uv": [ 1.0, 2.0, 1.5, 2.5 ], "windMode": [-1,-1,-1,-1] }
									}
								},
								{
									"name": "metal18",
									"from": [ 0.4, 0.8, 0.0 ],
									"to": [ 0.5, 0.9, 0.5 ],
									"autoUnwrap": false,
									"uv": [ 0.5, 2.0 ],
									"rotationOrigin": [ 0.8, 0.8, 0.3 ],
									"faces": {
										"north": { "texture": "#iron2", "uv": [ 0.5, 10.0, 1.0, 10.5 ] },
										"east": { "texture": "#iron2", "uv": [ 1.0, 10.0, 1.5, 10.5 ], "windMode": [-1,-1,-1,-1] },
										"south": { "texture": "#iron2", "uv": [ 9.0, 10.0, 9.5, 10.5 ], "windMode": [-1,-1,-1,-1] },
										"west": { "texture": "#iron2", "uv": [ 7.0, 13.0, 7.5, 13.5 ], "windMode": [-1,-1,-1,-1] },
										"up": { "texture": "#iron2", "uv": [ 0.5, 2.0, 1.0, 2.5 ], "windMode": [-1,-1,-1,-1] },
										"down": { "texture": "#iron2", "uv": [ 1.0, 2.0, 1.5, 2.5 ], "windMode": [-1,-1,-1,-1] }
									}
								},
								{
									"name": "metal19",
									"from": [ 0.4, 0.5, 0.0 ],
									"to": [ 0.5, 0.6, 0.5 ],
									"autoUnwrap": false,
									"uv": [ 0.5, 2.0 ],
									"rotationOrigin": [ 0.8, 0.8, 0.3 ],
									"faces": {
										"north": { "texture": "#iron2", "uv": [ 0.5, 10.0, 1.0, 10.5 ] },
										"east": { "texture": "#iron2", "uv": [ 1.0, 10.0, 1.5, 10.5 ], "windMode": [-1,-1,-1,-1] },
										"south": { "texture": "#iron2", "uv": [ 9.0, 10.0, 9.5, 10.5 ], "windMode": [-1,-1,-1,-1] },
										"west": { "texture": "#iron2", "uv": [ 7.0, 13.0, 7.5, 13.5 ], "windMode": [-1,-1,-1,-1] },
										"up": { "texture": "#iron2", "uv": [ 0.5, 2.0, 1.0, 2.5 ], "windMode": [-1,-1,-1,-1] },
										"down": { "texture": "#iron2", "uv": [ 1.0, 2.0, 1.5, 2.5 ], "windMode": [-1,-1,-1,-1] }
									}
								},
								{
									"name": "metal20",
									"from": [ 0.4, 0.7, 0.2 ],
									"to": [ 0.41, 0.8, 0.3 ],
									"autoUnwrap": false,
									"uv": [ 0.5, 2.0 ],
									"rotationOrigin": [ 0.8, 0.8, 0.3 ],
									"faces": {
										"north": { "texture": "#iron", "uv": [ 4.75, 3.5, 5.0, 4.0 ], "windMode": [-1,-1,-1,-1] },
										"east": { "texture": "#iron", "uv": [ 4.25, 2.0, 4.5, 2.5 ], "windMode": [-1,-1,-1,-1] },
										"south": { "texture": "#iron", "uv": [ 6.0, 9.0, 6.25, 9.5 ], "windMode": [-1,-1,-1,-1] },
										"west": { "texture": "#iron", "uv": [ 5.75, 8.5, 6.0, 9.0 ], "windMode": [-1,-1,-1,-1] },
										"up": { "texture": "#iron", "uv": [ 4.5, 1.5, 4.75, 2.0 ], "windMode": [-1,-1,-1,-1] },
										"down": { "texture": "#iron", "uv": [ 4.75, 1.5, 5.0, 2.0 ], "windMode": [-1,-1,-1,-1] }
									}
								},
								{
									"name": "metal21",
									"from": [ 0.4, 0.6, 0.24 ],
									"to": [ 0.41, 0.7, 0.26 ],
									"autoUnwrap": false,
									"uv": [ 0.5, 2.0 ],
									"rotationOrigin": [ 0.8, 0.8, 0.3 ],
									"faces": {
										"north": { "texture": "#iron", "uv": [ 4.75, 3.5, 5.0, 4.0 ], "windMode": [-1,-1,-1,-1] },
										"east": { "texture": "#iron", "uv": [ 4.25, 2.0, 4.5, 2.5 ], "windMode": [-1,-1,-1,-1] },
										"south": { "texture": "#iron", "uv": [ 6.0, 9.0, 6.25, 9.5 ], "windMode": [-1,-1,-1,-1] },
										"west": { "texture": "#iron", "uv": [ 5.75, 8.5, 6.0, 9.0 ], "windMode": [-1,-1,-1,-1] },
										"up": { "texture": "#iron", "uv": [ 4.5, 1.5, 4.75, 2.0 ], "windMode": [-1,-1,-1,-1] },
										"down": { "texture": "#iron", "uv": [ 4.75, 1.5, 5.0, 2.0 ], "windMode": [-1,-1,-1,-1] }
									}
								},
								{
									"name": "metal22",
									"from": [ 0.0, 0.5, 0.5 ],
									"to": [ 0.5, 0.9, 0.6 ],
									"autoUnwrap": false,
									"uv": [ 0.5, 2.0 ],
									"rotationOrigin": [ 0.8, 0.8, 0.3 ],
									"faces": {
										"north": { "texture": "#iron2", "uv": [ 0.5, 10.0, 1.0, 10.5 ] },
										"east": { "texture": "#iron2", "uv": [ 1.0, 10.0, 1.5, 10.5 ], "windMode": [-1,-1,-1,-1] },
										"south": { "texture": "#iron2", "uv": [ 9.0, 10.0, 9.5, 10.5 ], "windMode": [-1,-1,-1,-1] },
										"west": { "texture": "#iron2", "uv": [ 7.0, 13.0, 7.5, 13.5 ], "windMode": [-1,-1,-1,-1] },
										"up": { "texture": "#iron2", "uv": [ 0.5, 2.0, 1.0, 2.5 ], "windMode": [-1,-1,-1,-1] },
										"down": { "texture": "#iron2", "uv": [ 1.0, 2.0, 1.5, 2.5 ], "windMode": [-1,-1,-1,-1] }
									}
								},
								{
									"name": "metal23",
									"from": [ 0.0, 0.5, -0.1 ],
									"to": [ 0.5, 0.9, 0.0 ],
									"autoUnwrap": false,
									"uv": [ 0.5, 2.0 ],
									"rotationOrigin": [ 0.8, 0.8, 0.3 ],
									"faces": {
										"north": { "texture": "#iron2", "uv": [ 0.5, 10.0, 1.0, 10.5 ] },
										"east": { "texture": "#iron2", "uv": [ 1.0, 10.0, 1.5, 10.5 ], "windMode": [-1,-1,-1,-1] },
										"south": { "texture": "#iron2", "uv": [ 9.0, 10.0, 9.5, 10.5 ], "windMode": [-1,-1,-1,-1] },
										"west": { "texture": "#iron2", "uv": [ 7.0, 13.0, 7.5, 13.5 ], "windMode": [-1,-1,-1,-1] },
										"up": { "texture": "#iron2", "uv": [ 0.5, 2.0, 1.0, 2.5 ], "windMode": [-1,-1,-1,-1] },
										"down": { "texture": "#iron2", "uv": [ 1.0, 2.0, 1.5, 2.5 ], "windMode": [-1,-1,-1,-1] }
									}
								},
								{
									"name": "metal24",
									"from": [ -0.1, 0.5, -0.1 ],
									"to": [ 0.0, 0.9, 0.6 ],
									"autoUnwrap": false,
									"uv": [ 0.5, 2.0 ],
									"rotationOrigin": [ 0.8, 0.8, 0.3 ],
									"faces": {
										"north": { "texture": "#iron2", "uv": [ 0.5, 10.0, 1.0, 10.5 ] },
										"east": { "texture": "#iron2", "uv": [ 1.0, 10.0, 1.5, 10.5 ], "windMode": [-1,-1,-1,-1] },
										"south": { "texture": "#iron2", "uv": [ 9.0, 10.0, 9.5, 10.5 ], "windMode": [-1,-1,-1,-1] },
										"west": { "texture": "#iron2", "uv": [ 7.0, 13.0, 7.5, 13.5 ], "windMode": [-1,-1,-1,-1] },
										"up": { "texture": "#iron2", "uv": [ 0.5, 2.0, 1.0, 2.5 ], "windMode": [-1,-1,-1,-1] },
										"down": { "texture": "#iron2", "uv": [ 1.0, 2.0, 1.5, 2.5 ], "windMode": [-1,-1,-1,-1] }
									}
								}
							]
						},
						{
							"name": "metal25",
							"from": [ 0.5, 0.2, 1.6 ],
							"to": [ 2.35, 0.3, 1.9 ],
							"autoUnwrap": false,
							"uv": [ 0.5, 2.0 ],
							"rotationOrigin": [ -0.2, -0.6, -0.8 ],
							"faces": {
								"north": { "texture": "#iron2", "uv": [ 0.5, 10.0, 2.0, 10.5 ] },
								"east": { "texture": "#iron2", "uv": [ 1.0, 10.0, 1.5, 10.5 ], "windMode": [-1,-1,-1,-1] },
								"south": { "texture": "#iron2", "uv": [ 9.0, 10.0, 10.5, 10.5 ], "windMode": [-1,-1,-1,-1] },
								"west": { "texture": "#iron2", "uv": [ 7.0, 13.0, 7.5, 13.5 ], "windMode": [-1,-1,-1,-1] },
								"up": { "texture": "#iron2", "uv": [ 0.5, 2.0, 2.0, 2.5 ], "windMode": [-1,-1,-1,-1] },
								"down": { "texture": "#iron2", "uv": [ 1.0, 2.0, 2.5, 2.5 ], "windMode": [-1,-1,-1,-1] }
							},
							"children": [
								{
									"name": "metal26",
									"from": [ 0.0, 0.1, -0.1 ],
									"to": [ 1.0, 0.25, 0.4 ],
									"autoUnwrap": false,
									"uv": [ 0.5, 2.0 ],
									"rotationOrigin": [ -0.7, -0.8, -2.4 ],
									"faces": {
										"north": { "texture": "#iron2", "uv": [ 0.5, 10.0, 1.5, 10.5 ] },
										"east": { "texture": "#iron2", "uv": [ 1.0, 10.0, 1.5, 10.5 ], "windMode": [-1,-1,-1,-1] },
										"south": { "texture": "#iron2", "uv": [ 9.0, 10.0, 10.0, 10.5 ], "windMode": [-1,-1,-1,-1] },
										"west": { "texture": "#iron2", "uv": [ 7.0, 13.0, 7.5, 13.5 ], "windMode": [-1,-1,-1,-1] },
										"up": { "texture": "#iron2", "uv": [ 0.5, 2.0, 1.5, 2.5 ], "windMode": [-1,-1,-1,-1] },
										"down": { "texture": "#iron2", "uv": [ 1.0, 2.0, 2.0, 2.5 ], "windMode": [-1,-1,-1,-1] }
									}
								},
								{
									"name": "metal27",
									"from": [ 0.2, 0.1, 2.27 ],
									"to": [ 0.3, 0.15, 2.37 ],
									"autoUnwrap": false,
									"uv": [ 0.5, 2.0 ],
									"rotationOrigin": [ -1.7, -0.8, -0.41 ],
									"rotationY": 45.0,
									"faces": {
										"north": { "texture": "#iron2", "uv": [ 0.5, 10.0, 1.0, 10.5 ] },
										"east": { "texture": "#iron2", "uv": [ 1.0, 10.0, 1.5, 10.5 ], "windMode": [-1,-1,-1,-1] },
										"south": { "texture": "#iron2", "uv": [ 9.0, 10.0, 9.5, 10.5 ], "windMode": [-1,-1,-1,-1] },
										"west": { "texture": "#iron2", "uv": [ 7.0, 13.0, 7.5, 13.5 ], "windMode": [-1,-1,-1,-1] },
										"up": { "texture": "#iron2", "uv": [ 0.5, 2.0, 1.0, 2.5 ], "windMode": [-1,-1,-1,-1] },
										"down": { "texture": "#iron2", "uv": [ 1.0, 2.0, 1.5, 2.5 ], "windMode": [-1,-1,-1,-1] }
									}
								},
								{
									"name": "metal28",
									"from": [ -0.07, 0.1, 2.0 ],
									"to": [ 0.03, 0.15, 2.1 ],
									"autoUnwrap": false,
									"uv": [ 0.5, 2.0 ],
									"rotationOrigin": [ -1.7, -0.8, -0.41 ],
									"rotationY": 45.0,
									"faces": {
										"north": { "texture": "#iron2", "uv": [ 0.5, 10.0, 1.0, 10.5 ] },
										"east": { "texture": "#iron2", "uv": [ 1.0, 10.0, 1.5, 10.5 ], "windMode": [-1,-1,-1,-1] },
										"south": { "texture": "#iron2", "uv": [ 9.0, 10.0, 9.5, 10.5 ], "windMode": [-1,-1,-1,-1] },
										"west": { "texture": "#iron2", "uv": [ 7.0, 13.0, 7.5, 13.5 ], "windMode": [-1,-1,-1,-1] },
										"up": { "texture": "#iron2", "uv": [ 0.5, 2.0, 1.0, 2.5 ], "windMode": [-1,-1,-1,-1] },
										"down": { "texture": "#iron2", "uv": [ 1.0, 2.0, 1.5, 2.5 ], "windMode": [-1,-1,-1,-1] }
									}
								},
								{
									"name": "metal29",
									"from": [ 0.0, 0.0, -0.1 ],
									"to": [ 1.0, 0.1, 0.0 ],
									"autoUnwrap": false,
									"uv": [ 0.5, 2.0 ],
									"rotationOrigin": [ -0.7, -0.8, -2.4 ],
									"faces": {
										"north": { "texture": "#iron2", "uv": [ 0.5, 10.0, 1.5, 10.5 ] },
										"east": { "texture": "#iron2", "uv": [ 1.0, 10.0, 1.5, 10.5 ], "windMode": [-1,-1,-1,-1] },
										"south": { "texture": "#iron2", "uv": [ 9.0, 10.0, 10.0, 10.5 ], "windMode": [-1,-1,-1,-1] },
										"west": { "texture": "#iron2", "uv": [ 7.0, 13.0, 7.5, 13.5 ], "windMode": [-1,-1,-1,-1] },
										"up": { "texture": "#iron2", "uv": [ 0.5, 2.0, 1.5, 2.5 ], "windMode": [-1,-1,-1,-1] },
										"down": { "texture": "#iron2", "uv": [ 1.0, 2.0, 2.0, 2.5 ], "windMode": [-1,-1,-1,-1] }
									}
								},
								{
									"name": "metal30",
									"from": [ 0.0, 0.0, 0.3 ],
									"to": [ 1.0, 0.1, 0.4 ],
									"autoUnwrap": false,
									"uv": [ 0.5, 2.0 ],
									"rotationOrigin": [ -0.7, -0.8, -2.4 ],
									"faces": {
										"north": { "texture": "#iron2", "uv": [ 0.5, 10.0, 1.5, 10.5 ] },
										"east": { "texture": "#iron2", "uv": [ 1.0, 10.0, 1.5, 10.5 ], "windMode": [-1,-1,-1,-1] },
										"south": { "texture": "#iron2", "uv": [ 9.0, 10.0, 10.0, 10.5 ], "windMode": [-1,-1,-1,-1] },
										"west": { "texture": "#iron2", "uv": [ 7.0, 13.0, 7.5, 13.5 ], "windMode": [-1,-1,-1,-1] },
										"up": { "texture": "#iron2", "uv": [ 0.5, 2.0, 1.5, 2.5 ], "windMode": [-1,-1,-1,-1] },
										"down": { "texture": "#iron2", "uv": [ 1.0, 2.0, 2.0, 2.5 ], "windMode": [-1,-1,-1,-1] }
									}
								},
								{
									"name": "metal31",
									"from": [ -1.07, 0.25, 2.0 ],
									"to": [ -0.97, 0.3, 2.1 ],
									"autoUnwrap": false,
									"uv": [ 0.5, 2.0 ],
									"rotationOrigin": [ -2.7, -0.8, -0.41 ],
									"rotationY": 45.0,
									"faces": {
										"north": { "texture": "#iron2", "uv": [ 0.5, 10.0, 1.0, 10.5 ] },
										"east": { "texture": "#iron2", "uv": [ 1.0, 10.0, 1.5, 10.5 ], "windMode": [-1,-1,-1,-1] },
										"south": { "texture": "#iron2", "uv": [ 9.0, 10.0, 9.5, 10.5 ], "windMode": [-1,-1,-1,-1] },
										"west": { "texture": "#iron2", "uv": [ 7.0, 13.0, 7.5, 13.5 ], "windMode": [-1,-1,-1,-1] },
										"up": { "texture": "#iron2", "uv": [ 0.5, 2.0, 1.0, 2.5 ], "windMode": [-1,-1,-1,-1] },
										"down": { "texture": "#iron2", "uv": [ 1.0, 2.0, 1.5, 2.5 ], "windMode": [-1,-1,-1,-1] }
									}
								},
								{
									"name": "metal32",
									"from": [ -0.5, 0.25, 2.08 ],
									"to": [ -0.4, 0.3, 2.18 ],
									"autoUnwrap": false,
									"uv": [ 0.5, 2.0 ],
									"rotationOrigin": [ -2.2, -0.8, -0.41 ],
									"rotationY": 45.0,
									"faces": {
										"north": { "texture": "#iron2", "uv": [ 0.5, 10.0, 1.0, 10.5 ] },
										"east": { "texture": "#iron2", "uv": [ 1.0, 10.0, 1.5, 10.5 ], "windMode": [-1,-1,-1,-1] },
										"south": { "texture": "#iron2", "uv": [ 9.0, 10.0, 9.5, 10.5 ], "windMode": [-1,-1,-1,-1] },
										"west": { "texture": "#iron2", "uv": [ 7.0, 13.0, 7.5, 13.5 ], "windMode": [-1,-1,-1,-1] },
										"up": { "texture": "#iron2", "uv": [ 0.5, 2.0, 1.0, 2.5 ], "windMode": [-1,-1,-1,-1] },
										"down": { "texture": "#iron2", "uv": [ 1.0, 2.0, 1.5, 2.5 ], "windMode": [-1,-1,-1,-1] }
									}
								}
							]
						},
						{
							"name": "metal33",
							"from": [ 0.5, 0.2, 6.5 ],
							"to": [ 2.35, 0.3, 6.8 ],
							"autoUnwrap": false,
							"uv": [ 0.5, 2.0 ],
							"rotationOrigin": [ -0.2, -0.6, 4.2 ],
							"faces": {
								"north": { "texture": "#iron2", "uv": [ 0.5, 10.0, 2.0, 10.5 ] },
								"east": { "texture": "#iron2", "uv": [ 1.0, 10.0, 1.5, 10.5 ], "windMode": [-1,-1,-1,-1] },
								"south": { "texture": "#iron2", "uv": [ 9.0, 10.0, 10.5, 10.5 ], "windMode": [-1,-1,-1,-1] },
								"west": { "texture": "#iron2", "uv": [ 7.0, 13.0, 7.5, 13.5 ], "windMode": [-1,-1,-1,-1] },
								"up": { "texture": "#iron2", "uv": [ 0.5, 2.0, 2.0, 2.5 ], "windMode": [-1,-1,-1,-1] },
								"down": { "texture": "#iron2", "uv": [ 1.0, 2.0, 2.5, 2.5 ], "windMode": [-1,-1,-1,-1] }
							},
							"children": [
								{
									"name": "metal34",
									"from": [ 0.0, 0.1, -0.1 ],
									"to": [ 1.0, 0.25, 0.4 ],
									"autoUnwrap": false,
									"uv": [ 0.5, 2.0 ],
									"rotationOrigin": [ -0.7, -0.8, -2.4 ],
									"faces": {
										"north": { "texture": "#iron2", "uv": [ 0.5, 10.0, 1.5, 10.5 ] },
										"east": { "texture": "#iron2", "uv": [ 1.0, 10.0, 1.5, 10.5 ], "windMode": [-1,-1,-1,-1] },
										"south": { "texture": "#iron2", "uv": [ 9.0, 10.0, 10.0, 10.5 ], "windMode": [-1,-1,-1,-1] },
										"west": { "texture": "#iron2", "uv": [ 7.0, 13.0, 7.5, 13.5 ], "windMode": [-1,-1,-1,-1] },
										"up": { "texture": "#iron2", "uv": [ 0.5, 2.0, 1.5, 2.5 ], "windMode": [-1,-1,-1,-1] },
										"down": { "texture": "#iron2", "uv": [ 1.0, 2.0, 2.0, 2.5 ], "windMode": [-1,-1,-1,-1] }
									}
								},
								{
									"name": "metal35",
									"from": [ 0.2, 0.1, 2.27 ],
									"to": [ 0.3, 0.15, 2.37 ],
									"autoUnwrap": false,
									"uv": [ 0.5, 2.0 ],
									"rotationOrigin": [ -1.7, -0.8, -0.41 ],
									"rotationY": 45.0,
									"faces": {
										"north": { "texture": "#iron2", "uv": [ 0.5, 10.0, 1.0, 10.5 ] },
										"east": { "texture": "#iron2", "uv": [ 1.0, 10.0, 1.5, 10.5 ], "windMode": [-1,-1,-1,-1] },
										"south": { "texture": "#iron2", "uv": [ 9.0, 10.0, 9.5, 10.5 ], "windMode": [-1,-1,-1,-1] },
										"west": { "texture": "#iron2", "uv": [ 7.0, 13.0, 7.5, 13.5 ], "windMode": [-1,-1,-1,-1] },
										"up": { "texture": "#iron2", "uv": [ 0.5, 2.0, 1.0, 2.5 ], "windMode": [-1,-1,-1,-1] },
										"down": { "texture": "#iron2", "uv": [ 1.0, 2.0, 1.5, 2.5 ], "windMode": [-1,-1,-1,-1] }
									}
								},
								{
									"name": "metal36",
									"from": [ -0.07, 0.1, 2.0 ],
									"to": [ 0.03, 0.15, 2.1 ],
									"autoUnwrap": false,
									"uv": [ 0.5, 2.0 ],
									"rotationOrigin": [ -1.7, -0.8, -0.41 ],
									"rotationY": 45.0,
									"faces": {
										"north": { "texture": "#iron2", "uv": [ 0.5, 10.0, 1.0, 10.5 ] },
										"east": { "texture": "#iron2", "uv": [ 1.0, 10.0, 1.5, 10.5 ], "windMode": [-1,-1,-1,-1] },
										"south": { "texture": "#iron2", "uv": [ 9.0, 10.0, 9.5, 10.5 ], "windMode": [-1,-1,-1,-1] },
										"west": { "texture": "#iron2", "uv": [ 7.0, 13.0, 7.5, 13.5 ], "windMode": [-1,-1,-1,-1] },
										"up": { "texture": "#iron2", "uv": [ 0.5, 2.0, 1.0, 2.5 ], "windMode": [-1,-1,-1,-1] },
										"down": { "texture": "#iron2", "uv": [ 1.0, 2.0, 1.5, 2.5 ], "windMode": [-1,-1,-1,-1] }
									}
								},
								{
									"name": "metal37",
									"from": [ 0.0, 0.0, -0.1 ],
									"to": [ 1.0, 0.1, 0.0 ],
									"autoUnwrap": false,
									"uv": [ 0.5, 2.0 ],
									"rotationOrigin": [ -0.7, -0.8, -2.4 ],
									"faces": {
										"north": { "texture": "#iron2", "uv": [ 0.5, 10.0, 1.5, 10.5 ] },
										"east": { "texture": "#iron2", "uv": [ 1.0, 10.0, 1.5, 10.5 ], "windMode": [-1,-1,-1,-1] },
										"south": { "texture": "#iron2", "uv": [ 9.0, 10.0, 10.0, 10.5 ], "windMode": [-1,-1,-1,-1] },
										"west": { "texture": "#iron2", "uv": [ 7.0, 13.0, 7.5, 13.5 ], "windMode": [-1,-1,-1,-1] },
										"up": { "texture": "#iron2", "uv": [ 0.5, 2.0, 1.5, 2.5 ], "windMode": [-1,-1,-1,-1] },
										"down": { "texture": "#iron2", "uv": [ 1.0, 2.0, 2.0, 2.5 ], "windMode": [-1,-1,-1,-1] }
									}
								},
								{
									"name": "metal38",
									"from": [ 0.0, 0.0, 0.3 ],
									"to": [ 1.0, 0.1, 0.4 ],
									"autoUnwrap": false,
									"uv": [ 0.5, 2.0 ],
									"rotationOrigin": [ -0.7, -0.8, -2.4 ],
									"faces": {
										"north": { "texture": "#iron2", "uv": [ 0.5, 10.0, 1.5, 10.5 ] },
										"east": { "texture": "#iron2", "uv": [ 1.0, 10.0, 1.5, 10.5 ], "windMode": [-1,-1,-1,-1] },
										"south": { "texture": "#iron2", "uv": [ 9.0, 10.0, 10.0, 10.5 ], "windMode": [-1,-1,-1,-1] },
										"west": { "texture": "#iron2", "uv": [ 7.0, 13.0, 7.5, 13.5 ], "windMode": [-1,-1,-1,-1] },
										"up": { "texture": "#iron2", "uv": [ 0.5, 2.0, 1.5, 2.5 ], "windMode": [-1,-1,-1,-1] },
										"down": { "texture": "#iron2", "uv": [ 1.0, 2.0, 2.0, 2.5 ], "windMode": [-1,-1,-1,-1] }
									}
								},
								{
									"name": "metal39",
									"from": [ -1.07, 0.25, 2.0 ],
									"to": [ -0.97, 0.3, 2.1 ],
									"autoUnwrap": false,
									"uv": [ 0.5, 2.0 ],
									"rotationOrigin": [ -2.7, -0.8, -0.41 ],
									"rotationY": 45.0,
									"faces": {
										"north": { "texture": "#iron2", "uv": [ 0.5, 10.0, 1.0, 10.5 ] },
										"east": { "texture": "#iron2", "uv": [ 1.0, 10.0, 1.5, 10.5 ], "windMode": [-1,-1,-1,-1] },
										"south": { "texture": "#iron2", "uv": [ 9.0, 10.0, 9.5, 10.5 ], "windMode": [-1,-1,-1,-1] },
										"west": { "texture": "#iron2", "uv": [ 7.0, 13.0, 7.5, 13.5 ], "windMode": [-1,-1,-1,-1] },
										"up": { "texture": "#iron2", "uv": [ 0.5, 2.0, 1.0, 2.5 ], "windMode": [-1,-1,-1,-1] },
										"down": { "texture": "#iron2", "uv": [ 1.0, 2.0, 1.5, 2.5 ], "windMode": [-1,-1,-1,-1] }
									}
								},
								{
									"name": "metal40",
									"from": [ -0.5, 0.25, 2.08 ],
									"to": [ -0.4, 0.3, 2.18 ],
									"autoUnwrap": false,
									"uv": [ 0.5, 2.0 ],
									"rotationOrigin": [ -2.2, -0.8, -0.41 ],
									"rotationY": 45.0,
									"faces": {
										"north": { "texture": "#iron2", "uv": [ 0.5, 10.0, 1.0, 10.5 ] },
										"east": { "texture": "#iron2", "uv": [ 1.0, 10.0, 1.5, 10.5 ], "windMode": [-1,-1,-1,-1] },
										"south": { "texture": "#iron2", "uv": [ 9.0, 10.0, 9.5, 10.5 ], "windMode": [-1,-1,-1,-1] },
										"west": { "texture": "#iron2", "uv": [ 7.0, 13.0, 7.5, 13.5 ], "windMode": [-1,-1,-1,-1] },
										"up": { "texture": "#iron2", "uv": [ 0.5, 2.0, 1.0, 2.5 ], "windMode": [-1,-1,-1,-1] },
										"down": { "texture": "#iron2", "uv": [ 1.0, 2.0, 1.5, 2.5 ], "windMode": [-1,-1,-1,-1] }
									}
								}
							]
						},
						{
							"name": "metal41",
							"from": [ 0.5, -1.7, 6.5 ],
							"to": [ 2.35, -1.6, 6.8 ],
							"autoUnwrap": false,
							"uv": [ 0.5, 2.0 ],
							"rotationOrigin": [ -0.2, -2.6, 4.2 ],
							"faces": {
								"north": { "texture": "#iron2", "uv": [ 0.5, 10.0, 2.0, 10.5 ] },
								"east": { "texture": "#iron2", "uv": [ 1.0, 10.0, 1.5, 10.5 ], "windMode": [-1,-1,-1,-1] },
								"south": { "texture": "#iron2", "uv": [ 9.0, 10.0, 10.5, 10.5 ], "windMode": [-1,-1,-1,-1] },
								"west": { "texture": "#iron2", "uv": [ 7.0, 13.0, 7.5, 13.5 ], "windMode": [-1,-1,-1,-1] },
								"up": { "texture": "#iron2", "uv": [ 0.5, 2.0, 2.0, 2.5 ], "windMode": [-1,-1,-1,-1] },
								"down": { "texture": "#iron2", "uv": [ 1.0, 2.0, 2.5, 2.5 ], "windMode": [-1,-1,-1,-1] }
							},
							"children": [
								{
									"name": "metal42",
									"from": [ 0.0, -0.05, -0.1 ],
									"to": [ 1.0, 0.1, 0.4 ],
									"autoUnwrap": false,
									"uv": [ 0.5, 2.0 ],
									"rotationOrigin": [ -0.7, -0.8, -2.4 ],
									"faces": {
										"north": { "texture": "#iron2", "uv": [ 0.5, 10.0, 1.5, 10.5 ] },
										"east": { "texture": "#iron2", "uv": [ 1.0, 10.0, 1.5, 10.5 ], "windMode": [-1,-1,-1,-1] },
										"south": { "texture": "#iron2", "uv": [ 9.0, 10.0, 10.0, 10.5 ], "windMode": [-1,-1,-1,-1] },
										"west": { "texture": "#iron2", "uv": [ 7.0, 13.0, 7.5, 13.5 ], "windMode": [-1,-1,-1,-1] },
										"up": { "texture": "#iron2", "uv": [ 0.5, 2.0, 1.5, 2.5 ], "windMode": [-1,-1,-1,-1] },
										"down": { "texture": "#iron2", "uv": [ 1.0, 2.0, 2.0, 2.5 ], "windMode": [-1,-1,-1,-1] }
									}
								},
								{
									"name": "metal43",
									"from": [ 0.2, -0.05, 2.27 ],
									"to": [ 0.3, 0.0, 2.37 ],
									"autoUnwrap": false,
									"uv": [ 0.5, 2.0 ],
									"rotationOrigin": [ -1.7, -0.8, -0.41 ],
									"rotationY": 45.0,
									"faces": {
										"north": { "texture": "#iron2", "uv": [ 0.5, 10.0, 1.0, 10.5 ] },
										"east": { "texture": "#iron2", "uv": [ 1.0, 10.0, 1.5, 10.5 ], "windMode": [-1,-1,-1,-1] },
										"south": { "texture": "#iron2", "uv": [ 9.0, 10.0, 9.5, 10.5 ], "windMode": [-1,-1,-1,-1] },
										"west": { "texture": "#iron2", "uv": [ 7.0, 13.0, 7.5, 13.5 ], "windMode": [-1,-1,-1,-1] },
										"up": { "texture": "#iron2", "uv": [ 0.5, 2.0, 1.0, 2.5 ], "windMode": [-1,-1,-1,-1] },
										"down": { "texture": "#iron2", "uv": [ 1.0, 2.0, 1.5, 2.5 ], "windMode": [-1,-1,-1,-1] }
									}
								},
								{
									"name": "metal44",
									"from": [ -0.07, -0.05, 2.0 ],
									"to": [ 0.03, 0.0, 2.1 ],
									"autoUnwrap": false,
									"uv": [ 0.5, 2.0 ],
									"rotationOrigin": [ -1.7, -0.8, -0.41 ],
									"rotationY": 45.0,
									"faces": {
										"north": { "texture": "#iron2", "uv": [ 0.5, 10.0, 1.0, 10.5 ] },
										"east": { "texture": "#iron2", "uv": [ 1.0, 10.0, 1.5, 10.5 ], "windMode": [-1,-1,-1,-1] },
										"south": { "texture": "#iron2", "uv": [ 9.0, 10.0, 9.5, 10.5 ], "windMode": [-1,-1,-1,-1] },
										"west": { "texture": "#iron2", "uv": [ 7.0, 13.0, 7.5, 13.5 ], "windMode": [-1,-1,-1,-1] },
										"up": { "texture": "#iron2", "uv": [ 0.5, 2.0, 1.0, 2.5 ], "windMode": [-1,-1,-1,-1] },
										"down": { "texture": "#iron2", "uv": [ 1.0, 2.0, 1.5, 2.5 ], "windMode": [-1,-1,-1,-1] }
									}
								},
								{
									"name": "metal45",
									"from": [ 0.0, 0.0, -0.1 ],
									"to": [ 1.0, 0.1, 0.0 ],
									"autoUnwrap": false,
									"uv": [ 0.5, 2.0 ],
									"rotationOrigin": [ -0.7, -0.8, -2.4 ],
									"faces": {
										"north": { "texture": "#iron2", "uv": [ 0.5, 10.0, 1.5, 10.5 ] },
										"east": { "texture": "#iron2", "uv": [ 1.0, 10.0, 1.5, 10.5 ], "windMode": [-1,-1,-1,-1] },
										"south": { "texture": "#iron2", "uv": [ 9.0, 10.0, 10.0, 10.5 ], "windMode": [-1,-1,-1,-1] },
										"west": { "texture": "#iron2", "uv": [ 7.0, 13.0, 7.5, 13.5 ], "windMode": [-1,-1,-1,-1] },
										"up": { "texture": "#iron2", "uv": [ 0.5, 2.0, 1.5, 2.5 ], "windMode": [-1,-1,-1,-1] },
										"down": { "texture": "#iron2", "uv": [ 1.0, 2.0, 2.0, 2.5 ], "windMode": [-1,-1,-1,-1] }
									}
								},
								{
									"name": "metal46",
									"from": [ 0.0, 0.0, 0.3 ],
									"to": [ 1.0, 0.1, 0.4 ],
									"autoUnwrap": false,
									"uv": [ 0.5, 2.0 ],
									"rotationOrigin": [ -0.7, -0.8, -2.4 ],
									"faces": {
										"north": { "texture": "#iron2", "uv": [ 0.5, 10.0, 1.5, 10.5 ] },
										"east": { "texture": "#iron2", "uv": [ 1.0, 10.0, 1.5, 10.5 ], "windMode": [-1,-1,-1,-1] },
										"south": { "texture": "#iron2", "uv": [ 9.0, 10.0, 10.0, 10.5 ], "windMode": [-1,-1,-1,-1] },
										"west": { "texture": "#iron2", "uv": [ 7.0, 13.0, 7.5, 13.5 ], "windMode": [-1,-1,-1,-1] },
										"up": { "texture": "#iron2", "uv": [ 0.5, 2.0, 1.5, 2.5 ], "windMode": [-1,-1,-1,-1] },
										"down": { "texture": "#iron2", "uv": [ 1.0, 2.0, 2.0, 2.5 ], "windMode": [-1,-1,-1,-1] }
									}
								},
								{
									"name": "metal47",
									"from": [ -1.07, -0.1, 2.0 ],
									"to": [ -0.97, -0.05, 2.1 ],
									"autoUnwrap": false,
									"uv": [ 0.5, 2.0 ],
									"rotationOrigin": [ -2.7, -0.8, -0.41 ],
									"rotationY": 45.0,
									"faces": {
										"north": { "texture": "#iron2", "uv": [ 0.5, 10.0, 1.0, 10.5 ] },
										"east": { "texture": "#iron2", "uv": [ 1.0, 10.0, 1.5, 10.5 ], "windMode": [-1,-1,-1,-1] },
										"south": { "texture": "#iron2", "uv": [ 9.0, 10.0, 9.5, 10.5 ], "windMode": [-1,-1,-1,-1] },
										"west": { "texture": "#iron2", "uv": [ 7.0, 13.0, 7.5, 13.5 ], "windMode": [-1,-1,-1,-1] },
										"up": { "texture": "#iron2", "uv": [ 0.5, 2.0, 1.0, 2.5 ], "windMode": [-1,-1,-1,-1] },
										"down": { "texture": "#iron2", "uv": [ 1.0, 2.0, 1.5, 2.5 ], "windMode": [-1,-1,-1,-1] }
									}
								},
								{
									"name": "metal48",
									"from": [ -0.5, -0.1, 2.08 ],
									"to": [ -0.4, -0.05, 2.18 ],
									"autoUnwrap": false,
									"uv": [ 0.5, 2.0 ],
									"rotationOrigin": [ -2.2, -0.8, -0.41 ],
									"rotationY": 45.0,
									"faces": {
										"north": { "texture": "#iron2", "uv": [ 0.5, 10.0, 1.0, 10.5 ] },
										"east": { "texture": "#iron2", "uv": [ 1.0, 10.0, 1.5, 10.5 ], "windMode": [-1,-1,-1,-1] },
										"south": { "texture": "#iron2", "uv": [ 9.0, 10.0, 9.5, 10.5 ], "windMode": [-1,-1,-1,-1] },
										"west": { "texture": "#iron2", "uv": [ 7.0, 13.0, 7.5, 13.5 ], "windMode": [-1,-1,-1,-1] },
										"up": { "texture": "#iron2", "uv": [ 0.5, 2.0, 1.0, 2.5 ], "windMode": [-1,-1,-1,-1] },
										"down": { "texture": "#iron2", "uv": [ 1.0, 2.0, 1.5, 2.5 ], "windMode": [-1,-1,-1,-1] }
									}
								}
							]
						},
						{
							"name": "metal49",
							"from": [ 0.5, -1.7, 1.6 ],
							"to": [ 2.35, -1.6, 1.9 ],
							"autoUnwrap": false,
							"uv": [ 0.5, 2.0 ],
							"rotationOrigin": [ -0.2, -2.6, -0.8 ],
							"faces": {
								"north": { "texture": "#iron2", "uv": [ 0.5, 10.0, 2.0, 10.5 ] },
								"east": { "texture": "#iron2", "uv": [ 1.0, 10.0, 1.5, 10.5 ], "windMode": [-1,-1,-1,-1] },
								"south": { "texture": "#iron2", "uv": [ 9.0, 10.0, 10.5, 10.5 ], "windMode": [-1,-1,-1,-1] },
								"west": { "texture": "#iron2", "uv": [ 7.0, 13.0, 7.5, 13.5 ], "windMode": [-1,-1,-1,-1] },
								"up": { "texture": "#iron2", "uv": [ 0.5, 2.0, 2.0, 2.5 ], "windMode": [-1,-1,-1,-1] },
								"down": { "texture": "#iron2", "uv": [ 1.0, 2.0, 2.5, 2.5 ], "windMode": [-1,-1,-1,-1] }
							},
							"children": [
								{
									"name": "metal50",
									"from": [ 0.0, -0.05, -0.1 ],
									"to": [ 1.0, 0.1, 0.4 ],
									"autoUnwrap": false,
									"uv": [ 0.5, 2.0 ],
									"rotationOrigin": [ -0.7, -0.8, -2.4 ],
									"faces": {
										"north": { "texture": "#iron2", "uv": [ 0.5, 10.0, 1.5, 10.5 ] },
										"east": { "texture": "#iron2", "uv": [ 1.0, 10.0, 1.5, 10.5 ], "windMode": [-1,-1,-1,-1] },
										"south": { "texture": "#iron2", "uv": [ 9.0, 10.0, 10.0, 10.5 ], "windMode": [-1,-1,-1,-1] },
										"west": { "texture": "#iron2", "uv": [ 7.0, 13.0, 7.5, 13.5 ], "windMode": [-1,-1,-1,-1] },
										"up": { "texture": "#iron2", "uv": [ 0.5, 2.0, 1.5, 2.5 ], "windMode": [-1,-1,-1,-1] },
										"down": { "texture": "#iron2", "uv": [ 1.0, 2.0, 2.0, 2.5 ], "windMode": [-1,-1,-1,-1] }
									}
								},
								{
									"name": "metal51",
									"from": [ 0.2, -0.05, 2.27 ],
									"to": [ 0.3, 0.0, 2.37 ],
									"autoUnwrap": false,
									"uv": [ 0.5, 2.0 ],
									"rotationOrigin": [ -1.7, -0.8, -0.41 ],
									"rotationY": 45.0,
									"faces": {
										"north": { "texture": "#iron2", "uv": [ 0.5, 10.0, 1.0, 10.5 ] },
										"east": { "texture": "#iron2", "uv": [ 1.0, 10.0, 1.5, 10.5 ], "windMode": [-1,-1,-1,-1] },
										"south": { "texture": "#iron2", "uv": [ 9.0, 10.0, 9.5, 10.5 ], "windMode": [-1,-1,-1,-1] },
										"west": { "texture": "#iron2", "uv": [ 7.0, 13.0, 7.5, 13.5 ], "windMode": [-1,-1,-1,-1] },
										"up": { "texture": "#iron2", "uv": [ 0.5, 2.0, 1.0, 2.5 ], "windMode": [-1,-1,-1,-1] },
										"down": { "texture": "#iron2", "uv": [ 1.0, 2.0, 1.5, 2.5 ], "windMode": [-1,-1,-1,-1] }
									}
								},
								{
									"name": "metal52",
									"from": [ -0.07, -0.05, 2.0 ],
									"to": [ 0.03, 0.0, 2.1 ],
									"autoUnwrap": false,
									"uv": [ 0.5, 2.0 ],
									"rotationOrigin": [ -1.7, -0.8, -0.41 ],
									"rotationY": 45.0,
									"faces": {
										"north": { "texture": "#iron2", "uv": [ 0.5, 10.0, 1.0, 10.5 ] },
										"east": { "texture": "#iron2", "uv": [ 1.0, 10.0, 1.5, 10.5 ], "windMode": [-1,-1,-1,-1] },
										"south": { "texture": "#iron2", "uv": [ 9.0, 10.0, 9.5, 10.5 ], "windMode": [-1,-1,-1,-1] },
										"west": { "texture": "#iron2", "uv": [ 7.0, 13.0, 7.5, 13.5 ], "windMode": [-1,-1,-1,-1] },
										"up": { "texture": "#iron2", "uv": [ 0.5, 2.0, 1.0, 2.5 ], "windMode": [-1,-1,-1,-1] },
										"down": { "texture": "#iron2", "uv": [ 1.0, 2.0, 1.5, 2.5 ], "windMode": [-1,-1,-1,-1] }
									}
								},
								{
									"name": "metal53",
									"from": [ 0.0, 0.0, -0.1 ],
									"to": [ 1.0, 0.1, 0.0 ],
									"autoUnwrap": false,
									"uv": [ 0.5, 2.0 ],
									"rotationOrigin": [ -0.7, -0.8, -2.4 ],
									"faces": {
										"north": { "texture": "#iron2", "uv": [ 0.5, 10.0, 1.5, 10.5 ] },
										"east": { "texture": "#iron2", "uv": [ 1.0, 10.0, 1.5, 10.5 ], "windMode": [-1,-1,-1,-1] },
										"south": { "texture": "#iron2", "uv": [ 9.0, 10.0, 10.0, 10.5 ], "windMode": [-1,-1,-1,-1] },
										"west": { "texture": "#iron2", "uv": [ 7.0, 13.0, 7.5, 13.5 ], "windMode": [-1,-1,-1,-1] },
										"up": { "texture": "#iron2", "uv": [ 0.5, 2.0, 1.5, 2.5 ], "windMode": [-1,-1,-1,-1] },
										"down": { "texture": "#iron2", "uv": [ 1.0, 2.0, 2.0, 2.5 ], "windMode": [-1,-1,-1,-1] }
									}
								},
								{
									"name": "metal54",
									"from": [ 0.0, 0.0, 0.3 ],
									"to": [ 1.0, 0.1, 0.4 ],
									"autoUnwrap": false,
									"uv": [ 0.5, 2.0 ],
									"rotationOrigin": [ -0.7, -0.8, -2.4 ],
									"faces": {
										"north": { "texture": "#iron2", "uv": [ 0.5, 10.0, 1.5, 10.5 ] },
										"east": { "texture": "#iron2", "uv": [ 1.0, 10.0, 1.5, 10.5 ], "windMode": [-1,-1,-1,-1] },
										"south": { "texture": "#iron2", "uv": [ 9.0, 10.0, 10.0, 10.5 ], "windMode": [-1,-1,-1,-1] },
										"west": { "texture": "#iron2", "uv": [ 7.0, 13.0, 7.5, 13.5 ], "windMode": [-1,-1,-1,-1] },
										"up": { "texture": "#iron2", "uv": [ 0.5, 2.0, 1.5, 2.5 ], "windMode": [-1,-1,-1,-1] },
										"down": { "texture": "#iron2", "uv": [ 1.0, 2.0, 2.0, 2.5 ], "windMode": [-1,-1,-1,-1] }
									}
								},
								{
									"name": "metal55",
									"from": [ -1.07, -0.1, 2.0 ],
									"to": [ -0.97, -0.05, 2.1 ],
									"autoUnwrap": false,
									"uv": [ 0.5, 2.0 ],
									"rotationOrigin": [ -2.7, -0.8, -0.41 ],
									"rotationY": 45.0,
									"faces": {
										"north": { "texture": "#iron2", "uv": [ 0.5, 10.0, 1.0, 10.5 ] },
										"east": { "texture": "#iron2", "uv": [ 1.0, 10.0, 1.5, 10.5 ], "windMode": [-1,-1,-1,-1] },
										"south": { "texture": "#iron2", "uv": [ 9.0, 10.0, 9.5, 10.5 ], "windMode": [-1,-1,-1,-1] },
										"west": { "texture": "#iron2", "uv": [ 7.0, 13.0, 7.5, 13.5 ], "windMode": [-1,-1,-1,-1] },
										"up": { "texture": "#iron2", "uv": [ 0.5, 2.0, 1.0, 2.5 ], "windMode": [-1,-1,-1,-1] },
										"down": { "texture": "#iron2", "uv": [ 1.0, 2.0, 1.5, 2.5 ], "windMode": [-1,-1,-1,-1] }
									}
								},
								{
									"name": "metal56",
									"from": [ -0.5, -0.1, 2.08 ],
									"to": [ -0.4, -0.05, 2.18 ],
									"autoUnwrap": false,
									"uv": [ 0.5, 2.0 ],
									"rotationOrigin": [ -2.2, -0.8, -0.41 ],
									"rotationY": 45.0,
									"faces": {
										"north": { "texture": "#iron2", "uv": [ 0.5, 10.0, 1.0, 10.5 ] },
										"east": { "texture": "#iron2", "uv": [ 1.0, 10.0, 1.5, 10.5 ], "windMode": [-1,-1,-1,-1] },
										"south": { "texture": "#iron2", "uv": [ 9.0, 10.0, 9.5, 10.5 ], "windMode": [-1,-1,-1,-1] },
										"west": { "texture": "#iron2", "uv": [ 7.0, 13.0, 7.5, 13.5 ], "windMode": [-1,-1,-1,-1] },
										"up": { "texture": "#iron2", "uv": [ 0.5, 2.0, 1.0, 2.5 ], "windMode": [-1,-1,-1,-1] },
										"down": { "texture": "#iron2", "uv": [ 1.0, 2.0, 1.5, 2.5 ], "windMode": [-1,-1,-1,-1] }
									}
								}
							]
						}
					]
				}
			]
		}
	]}