{
  "code": "wildplant",
  "entityClass": "WildPlant",
  "creativeinventory": {
    "mushroomz": [ "*-free" ]
  },
  "variantgroups": [
    {
      "code": "type",
      "states": [ "flower-lupine" ]
    },
    {
      "code": "color",
      "states": [ "blue", "orange", "purple", "red", "white" ]
    },
    {
      "code": "cover",
      "states": [ "free", "snow" ]
    }
  ],
  "drawtype": "JSON",
  "replaceable": 5000,
  "behaviors": [ { "name": "Unstable" } ],
  "attributes": {
    "handbook": {
      "groupBy": [ "wildplant-*" ]
    },
    "maxTemp": 29,
    "minTemp": -9,
    "hours": 216
  },
  "drops": [
    {
      "type": "item",
      "code": "mushroomz:wildseeds-{type}-{color}-{cover}"
    }
  ],
  "frostable": true,
  "combustibleProps": {
    "burnTemperature": 600,
    "burnDuration": 5
  },
  "climateColorMap": "climatePlantTint",
  "seasonColorMap": "seasonalFoliage",
  "blockmaterial": "Plant",
  "shape": { "base": "game:block/basic/cross-short" },
  "renderpass": "OpaqueNoCull",
  "lightAbsorption": 0,
  "sideopaque": {
    "all": false
  },
  "collisionbox": null,
  "selectionbox": {
    "x1": 0.125,
    "y1": 0,
    "z1": 0.125,
    "x2": 0.875,
    "y2": 0.25,
    "z2": 0.875
  },
  "sidesolid": {
    "all": false
  },
  "textures": {
    "all": { "base": "block/wildplant" }
  },
  "resistance": 0.5,
  "sounds": {
    "place": "game:block/plant",
    "break": "game:block/plant",
    "hit": "game:block/plant"
  },
  "guiTransform": {
    "origin": {
      "x": 0.5,
      "y": 0.2,
      "z": 0.5
    },
    "scale": 2.24
  }
}
