{
	"editor": {
		"collapsedPaths": "Root/origin/stem8,Root/origin/stem1",
		"allAngles": true,
		"entityTextureMode": false
	},
	"textureWidth": 16,
	"textureHeight": 16,
	"textureSizes": {
	},
	"textures": {
		"plumphelmet": "block/plant/mushroom/plumphelmet/plumphelmet",
		"mycelium3": "block/plant/mushroom/mycelium3",
		"gills": "block/plant/mushroom/gills"		
	},
	"elements": [
		{
			"name": "origin",
			"from": [ 8.0, 0.0, 8.0 ],
			"to": [ 8.0, 0.0, 8.0 ],
			"rotationOrigin": [ 8.0, 0.0, 8.0 ],
			"faces": {
			},
			"children": [
				{
					"name": "stem1",
					"from": [ -2.1, -0.3, -0.5 ],
					"to": [ -1.1, 2.7, 0.5 ],
					"rotationOrigin": [ -1.6, -0.2, 0.0 ],
					"rotationY": 28.0,
					"rotationZ": -6.0,
					"faces": {
						"north": { "texture": "#plumphelmet", "uv": [ 13.0, 9.5, 14.0, 12.5 ] },
						"east": { "texture": "#plumphelmet", "uv": [ 13.5, 10.5, 14.5, 13.5 ] },
						"south": { "texture": "#plumphelmet", "uv": [ 14.5, 9.5, 15.5, 12.5 ] },
						"west": { "texture": "#plumphelmet", "uv": [ 13.5, 11.5, 14.5, 14.5 ] }
					},
					"children": [
						{
							"name": "cap1",
							"from": [ -0.5, 2.8, -0.5 ],
							"to": [ 1.5, 4.3, 1.5 ],
							"rotationOrigin": [ 0.5, 2.8, 0.5 ],
							"rotationY": 19.0,
							"rotationZ": 8.0,
							"faces": {
								"north": { "texture": "#plumphelmet", "uv": [ 5.0, 10.5, 7.0, 12.0 ] },
								"east": { "texture": "#plumphelmet", "uv": [ 1.0, 9.5, 3.0, 11.0 ] },
								"south": { "texture": "#plumphelmet", "uv": [ 2.5, 11.5, 4.5, 13.0 ] },
								"west": { "texture": "#plumphelmet", "uv": [ 1.5, 9.0, 3.5, 10.5 ] },
								"up": { "texture": "#plumphelmet", "uv": [ 3.5, 8.0, 5.5, 10.0 ] },
								"down": { "texture": "#gills", "uv": [ 3.5, 11.5, 5.5, 13.5 ] }
							},
							"children": [
								{
									"name": "tip1",
									"from": [ 0.3, 1.5, 0.3 ],
									"to": [ 1.7, 2.5, 1.7 ],
									"rotationOrigin": [ 1.0, 1.5, 1.0 ],
									"faces": {
										"north": { "texture": "#plumphelmet", "uv": [ 4.5, 8.5, 5.5, 9.5 ] },
										"east": { "texture": "#plumphelmet", "uv": [ 4.5, 9.0, 5.5, 10.0 ] },
										"south": { "texture": "#plumphelmet", "uv": [ 3.0, 8.5, 4.0, 9.5 ] },
										"west": { "texture": "#plumphelmet", "uv": [ 3.5, 11.0, 4.5, 12.0 ] },
										"up": { "texture": "#plumphelmet", "uv": [ 2.5, 9.0, 3.5, 10.0 ] }
									}
								}
							]
						}
					]
				},
				{
					"name": "stem8",
					"from": [ 1.5, -0.2, -1.7 ],
					"to": [ 2.5, 1.8, -0.7 ],
					"rotationOrigin": [ 2.0, -0.1, -1.2 ],
					"rotationY": -33.0,
					"rotationZ": -14.0,
					"faces": {
						"north": { "texture": "#plumphelmet", "uv": [ 8.0, 9.5, 9.0, 11.5 ] },
						"east": { "texture": "#plumphelmet", "uv": [ 9.5, 11.0, 10.5, 13.0 ] },
						"south": { "texture": "#plumphelmet", "uv": [ 9.5, 9.5, 10.5, 11.5 ] },
						"west": { "texture": "#plumphelmet", "uv": [ 10.0, 11.0, 11.0, 13.0 ] }
					},
					"children": [
						{
							"name": "cap9",
							"from": [ -0.3, 1.8, -0.4 ],
							"to": [ 1.7, 3.3, 1.6 ],
							"rotationOrigin": [ 0.5, 1.8, 0.5 ],
							"rotationX": -14.0,
							"rotationZ": 19.0,
							"faces": {
								"north": { "texture": "#plumphelmet", "uv": [ 6.0, 4.0, 8.0, 5.5 ] },
								"east": { "texture": "#plumphelmet", "uv": [ 0.0, 2.5, 2.0, 4.0 ] },
								"south": { "texture": "#plumphelmet", "uv": [ 5.0, 1.5, 7.0, 3.0 ] },
								"west": { "texture": "#plumphelmet", "uv": [ 7.5, 3.0, 9.5, 4.5 ] },
								"up": { "texture": "#plumphelmet", "uv": [ 4.0, 4.0, 6.0, 6.0 ] },
								"down": { "texture": "#gills", "uv": [ 11.5, 11.0, 13.5, 13.0 ] }
							},
							"children": [
								{
									"name": "tip9",
									"from": [ 0.5, 1.5, 0.5 ],
									"to": [ 1.5, 2.5, 1.5 ],
									"rotationOrigin": [ 0.5, 1.5, 0.5 ],
									"faces": {
										"north": { "texture": "#plumphelmet", "uv": [ 6.0, 3.0, 7.0, 4.0 ] },
										"east": { "texture": "#plumphelmet", "uv": [ 12.5, 3.0, 13.5, 4.0 ] },
										"south": { "texture": "#plumphelmet", "uv": [ 14.0, 5.0, 15.0, 6.0 ] },
										"west": { "texture": "#plumphelmet", "uv": [ 9.5, 6.5, 10.5, 7.5 ] },
										"up": { "texture": "#plumphelmet", "uv": [ 6.0, 3.5, 7.0, 4.5 ] }
									}
								}
							]
						}
					]
				},
				{
					"name": "stem10",
					"from": [ -3.1, -0.2, -4.0 ],
					"to": [ -2.1, 1.3, -3.0 ],
					"rotationOrigin": [ -2.6, -0.1, -3.5 ],
					"rotationY": 86.0,
					"rotationZ": 6.0,
					"faces": {
						"north": { "texture": "#plumphelmet", "uv": [ 9.0, 10.5, 10.0, 12.0 ] },
						"east": { "texture": "#plumphelmet", "uv": [ 8.5, 10.5, 9.5, 12.0 ] },
						"south": { "texture": "#plumphelmet", "uv": [ 9.5, 10.0, 10.5, 11.5 ] },
						"west": { "texture": "#plumphelmet", "uv": [ 10.5, 10.0, 11.5, 11.5 ] }
					},
					"children": [
						{
							"name": "cap11",
							"from": [ -0.5, 1.3, -0.5 ],
							"to": [ 1.5, 2.8, 1.5 ],
							"rotationOrigin": [ 0.5, 1.3, 0.5 ],
							"rotationX": -11.0,
							"rotationZ": 8.0,
							"faces": {
								"north": { "texture": "#plumphelmet", "uv": [ 12.5, 4.5, 14.5, 6.0 ] },
								"east": { "texture": "#plumphelmet", "uv": [ 12.5, 3.5, 14.5, 5.0 ] },
								"south": { "texture": "#plumphelmet", "uv": [ 10.5, 3.0, 12.5, 4.5 ] },
								"west": { "texture": "#plumphelmet", "uv": [ 12.5, 2.0, 14.5, 3.5 ] },
								"up": { "texture": "#plumphelmet", "uv": [ 13.0, 0.0, 15.0, 2.0 ] },
								"down": { "texture": "#gills", "uv": [ 11.5, 10.5, 13.5, 12.5 ] }
							},
							"children": [
								{
									"name": "tip12",
									"from": [ 0.3, 1.5, 0.3 ],
									"to": [ 1.7, 2.5, 1.7 ],
									"rotationOrigin": [ 1.0, 1.5, 1.0 ],
									"faces": {
										"north": { "texture": "#plumphelmet", "uv": [ 14.5, 6.0, 15.5, 7.0 ] },
										"east": { "texture": "#plumphelmet", "uv": [ 13.0, 0.5, 14.0, 1.5 ] },
										"south": { "texture": "#plumphelmet", "uv": [ 11.0, 5.5, 12.0, 6.5 ] },
										"west": { "texture": "#plumphelmet", "uv": [ 12.5, 3.0, 13.5, 4.0 ] },
										"up": { "texture": "#plumphelmet", "uv": [ 12.0, 3.0, 13.0, 4.0 ] }
									}
								}
							]
						}
					]
				},
				{
					"name": "stem13",
					"from": [ -4.1, -0.2, 0.5 ],
					"to": [ -3.1, 0.8, 1.5 ],
					"rotationOrigin": [ -3.6, -0.1, 1.0 ],
					"rotationX": -6.0,
					"rotationY": 39.0,
					"rotationZ": -8.0,
					"faces": {
						"north": { "texture": "#plumphelmet", "uv": [ 9.0, 10.5, 10.0, 11.5 ] },
						"east": { "texture": "#plumphelmet", "uv": [ 8.5, 10.0, 9.5, 11.0 ] },
						"south": { "texture": "#plumphelmet", "uv": [ 9.5, 8.5, 10.5, 9.5 ] },
						"west": { "texture": "#plumphelmet", "uv": [ 9.0, 9.0, 10.0, 10.0 ] }
					},
					"children": [
						{
							"name": "cap14",
							"from": [ -0.5, 0.9, -0.5 ],
							"to": [ 1.5, 1.9, 1.5 ],
							"rotationOrigin": [ 0.5, 0.9, 0.5 ],
							"rotationY": 28.0,
							"faces": {
								"north": { "texture": "#plumphelmet", "uv": [ 3.0, 3.0, 5.0, 4.0 ] },
								"east": { "texture": "#plumphelmet", "uv": [ 8.5, 1.5, 10.5, 2.5 ] },
								"south": { "texture": "#plumphelmet", "uv": [ 7.5, 3.5, 9.5, 4.5 ] },
								"west": { "texture": "#plumphelmet", "uv": [ 3.5, 2.0, 5.5, 3.0 ] },
								"up": { "texture": "#plumphelmet", "uv": [ 5.5, 3.5, 7.5, 5.5 ] },
								"down": { "texture": "#gills", "uv": [ 11.5, 11.0, 13.5, 13.0 ] }
							},
							"children": [
								{
									"name": "tip15",
									"from": [ 0.3, 1.0, 0.3 ],
									"to": [ 1.7, 2.0, 1.7 ],
									"rotationOrigin": [ 1.0, 1.0, 1.0 ],
									"faces": {
										"north": { "texture": "#plumphelmet", "uv": [ 12.0, 5.5, 13.0, 6.5 ] },
										"east": { "texture": "#plumphelmet", "uv": [ 6.0, 4.0, 7.0, 5.0 ] },
										"south": { "texture": "#plumphelmet", "uv": [ 5.0, 0.0, 6.0, 1.0 ] },
										"west": { "texture": "#plumphelmet", "uv": [ 7.0, 4.5, 8.0, 5.5 ] },
										"up": { "texture": "#plumphelmet", "uv": [ 6.5, 4.5, 7.5, 5.5 ] }
									}
								}
							]
						}
					]
				},
				{
					"name": "stem16",
					"from": [ 0.1, -0.2, -4.2 ],
					"to": [ 1.1, 0.8, -3.2 ],
					"rotationOrigin": [ 0.6, -0.1, -3.7 ],
					"rotationX": -6.0,
					"rotationY": 97.0,
					"rotationZ": 3.0,
					"faces": {
						"north": { "texture": "#plumphelmet", "uv": [ 10.5, 10.5, 11.5, 11.5 ] },
						"east": { "texture": "#plumphelmet", "uv": [ 9.0, 10.5, 10.0, 11.5 ] },
						"south": { "texture": "#plumphelmet", "uv": [ 10.0, 11.5, 11.0, 12.5 ] },
						"west": { "texture": "#plumphelmet", "uv": [ 9.0, 10.0, 10.0, 11.0 ] }
					},
					"children": [
						{
							"name": "cap17",
							"from": [ -0.5, 0.8, -0.5 ],
							"to": [ 1.5, 1.8, 1.5 ],
							"rotationOrigin": [ 0.5, 0.8, 0.5 ],
							"rotationX": 8.0,
							"rotationY": -22.0,
							"faces": {
								"north": { "texture": "#plumphelmet", "uv": [ 10.5, 2.0, 12.5, 3.0 ] },
								"east": { "texture": "#plumphelmet", "uv": [ 7.5, 2.5, 9.5, 3.5 ] },
								"south": { "texture": "#plumphelmet", "uv": [ 3.5, 3.0, 5.5, 4.0 ] },
								"west": { "texture": "#plumphelmet", "uv": [ 4.5, 2.0, 6.5, 3.0 ] },
								"up": { "texture": "#plumphelmet", "uv": [ 5.5, 5.0, 7.5, 7.0 ] },
								"down": { "texture": "#gills", "uv": [ 9.5, 9.5, 11.5, 11.5 ] }
							},
							"children": [
								{
									"name": "tip18",
									"from": [ 0.3, 1.0, 0.3 ],
									"to": [ 1.7, 2.0, 1.7 ],
									"rotationOrigin": [ 1.0, 1.0, 1.0 ],
									"faces": {
										"north": { "texture": "#plumphelmet", "uv": [ 6.5, 5.5, 7.5, 6.5 ] },
										"east": { "texture": "#plumphelmet", "uv": [ 6.5, 2.5, 7.5, 3.5 ] },
										"south": { "texture": "#plumphelmet", "uv": [ 5.0, 6.0, 6.0, 7.0 ] },
										"west": { "texture": "#plumphelmet", "uv": [ 6.5, 1.0, 7.5, 2.0 ] },
										"up": { "texture": "#plumphelmet", "uv": [ 11.5, 5.5, 12.5, 6.5 ] }
									}
								}
							]
						}
					]
				},
				{
					"name": "stem18",
					"from": [ -2.1, -0.2, 2.9 ],
					"to": [ -1.3, 0.8, 3.7 ],
					"rotationOrigin": [ -1.7, -0.1, 3.3 ],
					"rotationX": -6.0,
					"rotationY": 39.0,
					"rotationZ": 3.0,
					"faces": {
						"north": { "texture": "#plumphelmet", "uv": [ 9.5, 12.0, 10.0, 13.0 ] },
						"east": { "texture": "#plumphelmet", "uv": [ 10.5, 11.5, 11.0, 12.5 ] },
						"south": { "texture": "#plumphelmet", "uv": [ 10.5, 9.5, 11.0, 10.5 ] },
						"west": { "texture": "#plumphelmet", "uv": [ 11.0, 9.5, 11.5, 10.5 ] }
					},
					"children": [
						{
							"name": "cap19",
							"from": [ -0.2, 0.8, -0.2 ],
							"to": [ 1.0, 2.3, 1.0 ],
							"rotationOrigin": [ 0.5, 0.8, 0.5 ],
							"rotationX": 8.0,
							"rotationY": -22.0,
							"faces": {
								"north": { "texture": "#plumphelmet", "uv": [ 12.0, 2.5, 13.0, 4.0 ] },
								"east": { "texture": "#plumphelmet", "uv": [ 11.0, 4.0, 12.0, 5.5 ] },
								"south": { "texture": "#plumphelmet", "uv": [ 11.5, 3.0, 12.5, 4.5 ] },
								"west": { "texture": "#plumphelmet", "uv": [ 12.5, 3.5, 13.5, 5.0 ] },
								"up": { "texture": "#plumphelmet", "uv": [ 11.0, 4.5, 12.0, 5.5 ] },
								"down": { "texture": "#gills", "uv": [ 13.0, 13.0, 14.0, 14.0 ] }
							}
						}
					]
				},
				{
					"name": "stem20",
					"from": [ 2.2, -0.2, 2.6 ],
					"to": [ 3.0, 0.8, 3.4 ],
					"rotationOrigin": [ 2.6, -0.1, 3.0 ],
					"rotationX": -6.0,
					"rotationZ": 3.0,
					"faces": {
						"north": { "texture": "#plumphelmet", "uv": [ 9.5, 10.5, 10.0, 11.5 ] },
						"east": { "texture": "#plumphelmet", "uv": [ 11.0, 11.5, 11.5, 12.5 ] },
						"south": { "texture": "#plumphelmet", "uv": [ 8.5, 12.0, 9.0, 13.0 ] },
						"west": { "texture": "#plumphelmet", "uv": [ 10.5, 10.5, 11.0, 11.5 ] }
					},
					"children": [
						{
							"name": "cap21",
							"from": [ -0.2, 0.8, -0.2 ],
							"to": [ 1.0, 1.8, 1.0 ],
							"rotationOrigin": [ 0.5, 0.8, 0.5 ],
							"rotationY": 6.0,
							"faces": {
								"north": { "texture": "#plumphelmet", "uv": [ 14.0, 4.0, 15.0, 5.0 ] },
								"east": { "texture": "#plumphelmet", "uv": [ 12.0, 4.0, 13.0, 5.0 ] },
								"south": { "texture": "#plumphelmet", "uv": [ 13.0, 0.0, 14.0, 1.0 ] },
								"west": { "texture": "#plumphelmet", "uv": [ 13.5, 2.0, 14.5, 3.0 ] },
								"up": { "texture": "#plumphelmet", "uv": [ 8.0, 3.5, 9.0, 4.5 ] },
								"down": { "texture": "#gills", "uv": [ 12.0, 11.0, 13.0, 12.0 ] }
							}
						}
					]
				},
				{
					"name": "stem22",
					"from": [ 0.6, -0.2, 1.6 ],
					"to": [ 1.4, 0.8, 2.4 ],
					"rotationOrigin": [ 1.0, -0.1, 2.0 ],
					"rotationX": -6.0,
					"rotationY": 17.0,
					"rotationZ": 3.0,
					"faces": {
						"north": { "texture": "#plumphelmet", "uv": [ 9.5, 9.0, 10.0, 10.0 ] },
						"east": { "texture": "#plumphelmet", "uv": [ 9.5, 10.0, 10.0, 11.0 ] },
						"south": { "texture": "#plumphelmet", "uv": [ 8.5, 9.5, 9.0, 10.5 ] },
						"west": { "texture": "#plumphelmet", "uv": [ 9.5, 11.5, 10.0, 12.5 ] }
					},
					"children": [
						{
							"name": "cap23",
							"from": [ -0.2, 0.8, -0.2 ],
							"to": [ 1.0, 2.3, 1.0 ],
							"rotationOrigin": [ 0.5, 0.8, 0.5 ],
							"rotationX": 8.0,
							"rotationY": -22.0,
							"faces": {
								"north": { "texture": "#plumphelmet", "uv": [ 8.5, 1.5, 9.5, 3.0 ] },
								"east": { "texture": "#plumphelmet", "uv": [ 10.5, 4.5, 11.5, 6.0 ] },
								"south": { "texture": "#plumphelmet", "uv": [ 11.5, 1.5, 12.5, 3.0 ] },
								"west": { "texture": "#plumphelmet", "uv": [ 4.0, 6.0, 5.0, 7.5 ] },
								"up": { "texture": "#plumphelmet", "uv": [ 8.0, 5.0, 9.0, 6.0 ] },
								"down": { "texture": "#gills", "uv": [ 12.5, 11.0, 13.5, 12.0 ] }
							}
						}
					]
				},
				{
					"name": "stem23",
					"from": [ -0.5, -0.2, 2.5 ],
					"to": [ 0.5, 2.8, 3.5 ],
					"rotationOrigin": [ 0.0, -0.1, 3.0 ],
					"rotationX": -6.0,
					"rotationY": 69.0,
					"rotationZ": 6.0,
					"faces": {
						"north": { "texture": "#plumphelmet", "uv": [ 13.0, 8.0, 14.0, 11.0 ] },
						"east": { "texture": "#plumphelmet", "uv": [ 13.0, 10.0, 14.0, 13.0 ] },
						"south": { "texture": "#plumphelmet", "uv": [ 13.5, 9.5, 14.5, 12.5 ] },
						"west": { "texture": "#plumphelmet", "uv": [ 12.5, 10.0, 13.5, 13.0 ] }
					},
					"children": [
						{
							"name": "cap24",
							"from": [ -0.5, 2.9, -0.5 ],
							"to": [ 1.5, 3.9, 1.5 ],
							"rotationOrigin": [ 0.5, 2.9, 0.5 ],
							"rotationY": 28.0,
							"faces": {
								"north": { "texture": "#plumphelmet", "uv": [ 6.0, 6.0, 8.0, 7.0 ] },
								"east": { "texture": "#plumphelmet", "uv": [ 6.0, 3.0, 8.0, 4.0 ] },
								"south": { "texture": "#plumphelmet", "uv": [ 7.0, 1.0, 9.0, 2.0 ] },
								"west": { "texture": "#plumphelmet", "uv": [ 7.5, 5.0, 9.5, 6.0 ] },
								"up": { "texture": "#plumphelmet", "uv": [ 3.5, 3.5, 5.5, 5.5 ] },
								"down": { "texture": "#gills", "uv": [ 11.0, 11.0, 13.0, 13.0 ] }
							},
							"children": [
								{
									"name": "tip24",
									"from": [ 0.3, 1.0, 0.3 ],
									"to": [ 1.7, 2.5, 1.7 ],
									"rotationOrigin": [ 1.0, 1.0, 1.0 ],
									"faces": {
										"north": { "texture": "#plumphelmet", "uv": [ 8.0, 3.0, 9.0, 4.5 ] },
										"east": { "texture": "#plumphelmet", "uv": [ 5.0, 2.5, 6.0, 4.0 ] },
										"south": { "texture": "#plumphelmet", "uv": [ 9.0, 4.0, 10.0, 5.5 ] },
										"west": { "texture": "#plumphelmet", "uv": [ 10.0, 5.0, 11.0, 6.5 ] },
										"up": { "texture": "#plumphelmet", "uv": [ 10.5, 4.0, 11.5, 5.0 ] }
									}
								}
							]
						}
					]
				},
				{
					"name": "mycelium",
					"from": [ -5.0, 0.1, -5.0 ],
					"to": [ 5.0, 0.1, 5.0 ],
					"renderPass": 3,
					"rotationOrigin": [ 0.0, 0.1, 0.0 ],
					"faces": {
						"up": { "texture": "#mycelium3", "uv": [ 3.0, 3.0, 13.0, 13.0 ] }
					}
				}
			]
		}
	]}