{
	"editor": {
		"collapsedPaths": "Root/origin/stem8,Root/origin/stem1",
		"allAngles": true,
		"entityTextureMode": false
	},
	"textureWidth": 16,
	"textureHeight": 16,
	"textureSizes": {
	},
	"textures": {
		"plumphelmet": "block/plant/mushroom/plumphelmet/plumphelmet",
		"mycelium1": "block/plant/mushroom/mycelium1",
		"gills": "block/plant/mushroom/gills"
	},
	"elements": [
		{
			"name": "origin",
			"from": [ 8.0, 0.0, 8.0 ],
			"to": [ 8.0, 0.0, 8.0 ],
			"rotationOrigin": [ 8.0, 0.0, 8.0 ],
			"faces": {
			},
			"children": [
				{
					"name": "stem1",
					"from": [ -4.1, -0.3, -0.5 ],
					"to": [ -3.1, 2.7, 0.5 ],
					"rotationOrigin": [ -3.6, -0.2, 0.0 ],
					"rotationY": 100.0,
					"rotationZ": 14.0,
					"faces": {
						"north": { "texture": "#plumphelmet", "uv": [ 12.0, 8.5, 13.0, 11.5 ] },
						"east": { "texture": "#plumphelmet", "uv": [ 12.5, 9.0, 13.5, 12.0 ] },
						"south": { "texture": "#plumphelmet", "uv": [ 13.5, 9.0, 14.5, 12.0 ] },
						"west": { "texture": "#plumphelmet", "uv": [ 12.5, 9.5, 13.5, 12.5 ] }
					},
					"children": [
						{
							"name": "cap1",
							"from": [ -0.5, 2.8, -0.5 ],
							"to": [ 1.5, 4.8, 1.5 ],
							"rotationOrigin": [ 0.5, 2.8, 0.5 ],
							"rotationZ": -19.0,
							"faces": {
								"north": { "texture": "#plumphelmet", "uv": [ 3.0, 9.0, 5.0, 11.0 ] },
								"east": { "texture": "#plumphelmet", "uv": [ 2.0, 9.0, 4.0, 11.0 ] },
								"south": { "texture": "#plumphelmet", "uv": [ 4.5, 8.0, 6.5, 10.0 ] },
								"west": { "texture": "#plumphelmet", "uv": [ 3.0, 9.0, 5.0, 11.0 ] },
								"up": { "texture": "#plumphelmet", "uv": [ 0.0, 8.5, 2.0, 10.5 ] },
								"down": { "texture": "#gills", "uv": [ 3.0, 10.5, 5.0, 12.5 ] }
							},
							"children": [
								{
									"name": "tip1",
									"from": [ 0.3, 2.0, 0.3 ],
									"to": [ 1.7, 3.0, 1.7 ],
									"rotationOrigin": [ 1.0, 2.0, 1.0 ],
									"faces": {
										"north": { "texture": "#plumphelmet", "uv": [ 4.0, 8.5, 5.0, 9.5 ] },
										"east": { "texture": "#plumphelmet", "uv": [ 1.0, 9.0, 2.0, 10.0 ] },
										"south": { "texture": "#plumphelmet", "uv": [ 6.0, 9.0, 7.0, 10.0 ] },
										"west": { "texture": "#plumphelmet", "uv": [ 6.5, 9.0, 7.5, 10.0 ] },
										"up": { "texture": "#plumphelmet", "uv": [ 2.0, 9.0, 3.0, 10.0 ] }
									}
								}
							]
						}
					]
				},
				{
					"name": "stem5",
					"from": [ 3.5, -0.4, -3.5 ],
					"to": [ 4.5, 2.6, -2.5 ],
					"rotationOrigin": [ 4.0, -0.3, -3.0 ],
					"rotationX": 14.0,
					"rotationY": 36.0,
					"rotationZ": -3.0,
					"faces": {
						"north": { "texture": "#plumphelmet", "uv": [ 9.5, 12.0, 10.5, 15.0 ] },
						"east": { "texture": "#plumphelmet", "uv": [ 9.0, 12.0, 10.0, 15.0 ] },
						"south": { "texture": "#plumphelmet", "uv": [ 9.0, 11.0, 10.0, 14.0 ] },
						"west": { "texture": "#plumphelmet", "uv": [ 9.0, 11.5, 10.0, 14.5 ] }
					},
					"children": [
						{
							"name": "cap6",
							"from": [ -0.5, 2.6, -0.5 ],
							"to": [ 1.5, 3.6, 1.5 ],
							"rotationOrigin": [ 0.5, 2.6, 0.5 ],
							"rotationX": -14.0,
							"rotationZ": 17.0,
							"faces": {
								"north": { "texture": "#plumphelmet", "uv": [ 10.0, 5.0, 12.0, 6.0 ] },
								"east": { "texture": "#plumphelmet", "uv": [ 5.0, 1.5, 7.0, 2.5 ] },
								"south": { "texture": "#plumphelmet", "uv": [ 6.5, 3.5, 8.5, 4.5 ] },
								"west": { "texture": "#plumphelmet", "uv": [ 4.0, 3.0, 6.0, 4.0 ] },
								"up": { "texture": "#plumphelmet", "uv": [ 7.5, 4.0, 9.5, 6.0 ] },
								"down": { "texture": "#gills", "uv": [ 11.5, 10.5, 13.5, 12.5 ] }
							},
							"children": [
								{
									"name": "tip7",
									"from": [ 0.3, 1.0, 0.3 ],
									"to": [ 1.7, 2.0, 1.7 ],
									"rotationOrigin": [ 1.0, 1.0, 1.0 ],
									"faces": {
										"north": { "texture": "#plumphelmet", "uv": [ 9.5, 3.5, 10.5, 4.5 ] },
										"east": { "texture": "#plumphelmet", "uv": [ 7.5, 0.5, 8.5, 1.5 ] },
										"south": { "texture": "#plumphelmet", "uv": [ 4.0, 2.0, 5.0, 3.0 ] },
										"west": { "texture": "#plumphelmet", "uv": [ 4.5, 5.5, 5.5, 6.5 ] },
										"up": { "texture": "#plumphelmet", "uv": [ 6.0, 5.0, 7.0, 6.0 ] }
									}
								}
							]
						}
					]
				},
				{
					"name": "stem8",
					"from": [ -2.1, -0.1, -1.3 ],
					"to": [ -1.1, 0.9, -0.3 ],
					"rotationOrigin": [ -1.6, 0.0, -0.8 ],
					"rotationY": -30.0,
					"rotationZ": 8.0,
					"faces": {
						"north": { "texture": "#plumphelmet", "uv": [ 9.5, 10.0, 10.5, 11.0 ] },
						"east": { "texture": "#plumphelmet", "uv": [ 8.5, 8.5, 9.5, 9.5 ] },
						"south": { "texture": "#plumphelmet", "uv": [ 9.0, 10.0, 10.0, 11.0 ] },
						"west": { "texture": "#plumphelmet", "uv": [ 9.0, 10.5, 10.0, 11.5 ] }
					},
					"children": [
						{
							"name": "cap9",
							"from": [ -0.5, 0.7, -0.5 ],
							"to": [ 1.5, 1.7, 1.5 ],
							"rotationOrigin": [ 0.5, 0.8, 0.5 ],
							"rotationX": 6.0,
							"rotationY": 19.0,
							"rotationZ": -8.0,
							"faces": {
								"north": { "texture": "#plumphelmet", "uv": [ 6.0, 4.5, 8.0, 5.5 ] },
								"east": { "texture": "#plumphelmet", "uv": [ 6.0, 3.5, 8.0, 4.5 ] },
								"south": { "texture": "#plumphelmet", "uv": [ 6.5, 3.5, 8.5, 4.5 ] },
								"west": { "texture": "#plumphelmet", "uv": [ 3.5, 4.5, 5.5, 5.5 ] },
								"up": { "texture": "#plumphelmet", "uv": [ 6.0, 3.0, 8.0, 5.0 ] },
								"down": { "texture": "#gills", "uv": [ 10.0, 10.0, 12.0, 12.0 ] }
							},
							"children": [
								{
									"name": "tip9",
									"from": [ 0.5, 1.0, 0.5 ],
									"to": [ 1.5, 2.0, 1.5 ],
									"rotationOrigin": [ 0.5, 1.0, 0.5 ],
									"faces": {
										"north": { "texture": "#plumphelmet", "uv": [ 1.5, 3.5, 2.5, 4.5 ] },
										"east": { "texture": "#plumphelmet", "uv": [ 8.5, 2.0, 9.5, 3.0 ] },
										"south": { "texture": "#plumphelmet", "uv": [ 3.0, 4.0, 4.0, 5.0 ] },
										"west": { "texture": "#plumphelmet", "uv": [ 6.0, 0.5, 7.0, 1.5 ] },
										"up": { "texture": "#plumphelmet", "uv": [ 0.5, 3.0, 1.5, 4.0 ] }
									}
								}
							]
						}
					]
				},
				{
					"name": "stem10",
					"from": [ 2.1, -0.2, 0.7 ],
					"to": [ 3.1, 1.3, 1.7 ],
					"rotationOrigin": [ 2.6, -0.1, 1.2 ],
					"rotationY": -72.0,
					"rotationZ": -6.0,
					"faces": {
						"north": { "texture": "#plumphelmet", "uv": [ 8.0, 9.0, 9.0, 10.5 ] },
						"east": { "texture": "#plumphelmet", "uv": [ 9.5, 9.0, 10.5, 10.5 ] },
						"south": { "texture": "#plumphelmet", "uv": [ 9.5, 9.5, 10.5, 11.0 ] },
						"west": { "texture": "#plumphelmet", "uv": [ 10.0, 9.0, 11.0, 10.5 ] }
					},
					"children": [
						{
							"name": "cap11",
							"from": [ -0.5, 1.3, -0.5 ],
							"to": [ 1.5, 2.8, 1.5 ],
							"rotationOrigin": [ 0.5, 1.3, 0.5 ],
							"rotationX": -11.0,
							"rotationZ": 8.0,
							"faces": {
								"north": { "texture": "#plumphelmet", "uv": [ 2.5, 3.0, 4.5, 4.5 ] },
								"east": { "texture": "#plumphelmet", "uv": [ 3.0, 0.5, 5.0, 2.0 ] },
								"south": { "texture": "#plumphelmet", "uv": [ 3.0, 3.5, 5.0, 5.0 ] },
								"west": { "texture": "#plumphelmet", "uv": [ 6.0, 2.5, 8.0, 4.0 ] },
								"up": { "texture": "#plumphelmet", "uv": [ 11.0, 4.5, 13.0, 6.5 ] },
								"down": { "texture": "#gills", "uv": [ 11.5, 9.0, 13.5, 11.0 ] }
							},
							"children": [
								{
									"name": "tip12",
									"from": [ 0.3, 1.5, 0.3 ],
									"to": [ 1.7, 2.5, 1.7 ],
									"rotationOrigin": [ 1.0, 1.5, 1.0 ],
									"faces": {
										"north": { "texture": "#plumphelmet", "uv": [ 8.5, 4.5, 9.5, 5.5 ] },
										"east": { "texture": "#plumphelmet", "uv": [ 7.0, 1.5, 8.0, 2.5 ] },
										"south": { "texture": "#plumphelmet", "uv": [ 9.0, 2.5, 10.0, 3.5 ] },
										"west": { "texture": "#plumphelmet", "uv": [ 7.0, 4.0, 8.0, 5.0 ] },
										"up": { "texture": "#plumphelmet", "uv": [ 9.0, 5.0, 10.0, 6.0 ] }
									}
								}
							]
						}
					]
				},
				{
					"name": "stem13",
					"from": [ -2.3, -0.7, -3.0 ],
					"to": [ -1.3, 0.3, -2.0 ],
					"rotationOrigin": [ -3.8, -0.6, -2.5 ],
					"rotationX": -6.0,
					"rotationY": 39.0,
					"rotationZ": 14.0,
					"faces": {
						"north": { "texture": "#plumphelmet", "uv": [ 9.0, 10.5, 10.0, 11.5 ] },
						"east": { "texture": "#plumphelmet", "uv": [ 9.0, 11.0, 10.0, 12.0 ] },
						"south": { "texture": "#plumphelmet", "uv": [ 10.5, 9.5, 11.5, 10.5 ] },
						"west": { "texture": "#plumphelmet", "uv": [ 8.5, 10.5, 9.5, 11.5 ] }
					},
					"children": [
						{
							"name": "cap14",
							"from": [ -0.5, 0.9, -0.5 ],
							"to": [ 1.5, 1.9, 1.5 ],
							"rotationOrigin": [ 0.5, 0.9, 0.5 ],
							"rotationY": 14.0,
							"rotationZ": -14.0,
							"faces": {
								"north": { "texture": "#plumphelmet", "uv": [ 6.5, 2.5, 8.5, 3.5 ] },
								"east": { "texture": "#plumphelmet", "uv": [ 6.5, 4.0, 8.5, 5.0 ] },
								"south": { "texture": "#plumphelmet", "uv": [ 5.5, 2.0, 7.5, 3.0 ] },
								"west": { "texture": "#plumphelmet", "uv": [ 2.0, 3.5, 4.0, 4.5 ] },
								"up": { "texture": "#plumphelmet", "uv": [ 7.5, 3.0, 9.5, 5.0 ] },
								"down": { "texture": "#gills", "uv": [ 10.5, 9.5, 12.5, 11.5 ] }
							},
							"children": [
								{
									"name": "tip15",
									"from": [ 0.3, 1.0, 0.3 ],
									"to": [ 1.7, 2.5, 1.7 ],
									"rotationOrigin": [ 1.0, 1.0, 1.0 ],
									"faces": {
										"north": { "texture": "#plumphelmet", "uv": [ 6.0, 6.5, 7.0, 8.0 ] },
										"east": { "texture": "#plumphelmet", "uv": [ 3.0, 3.0, 4.0, 4.5 ] },
										"south": { "texture": "#plumphelmet", "uv": [ 4.5, 1.0, 5.5, 2.5 ] },
										"west": { "texture": "#plumphelmet", "uv": [ 5.0, 2.0, 6.0, 3.5 ] },
										"up": { "texture": "#plumphelmet", "uv": [ 12.0, 6.5, 13.0, 7.5 ] }
									}
								}
							]
						}
					]
				},
				{
					"name": "stem16",
					"from": [ -0.7, -0.2, 1.5 ],
					"to": [ 0.3, 0.8, 2.5 ],
					"rotationOrigin": [ -0.2, -0.1, 2.0 ],
					"rotationX": -6.0,
					"rotationY": 8.0,
					"rotationZ": 3.0,
					"faces": {
						"north": { "texture": "#plumphelmet", "uv": [ 9.5, 10.0, 10.5, 11.0 ] },
						"east": { "texture": "#plumphelmet", "uv": [ 10.0, 10.0, 11.0, 11.0 ] },
						"south": { "texture": "#plumphelmet", "uv": [ 9.0, 11.0, 10.0, 12.0 ] },
						"west": { "texture": "#plumphelmet", "uv": [ 8.5, 11.0, 9.5, 12.0 ] }
					},
					"children": [
						{
							"name": "cap17",
							"from": [ -0.5, 0.9, -0.5 ],
							"to": [ 1.5, 1.9, 1.5 ],
							"rotationOrigin": [ 0.5, 0.9, 0.5 ],
							"rotationY": -42.0,
							"faces": {
								"north": { "texture": "#plumphelmet", "uv": [ 7.0, 1.0, 9.0, 2.0 ] },
								"east": { "texture": "#plumphelmet", "uv": [ 8.5, 2.5, 10.5, 3.5 ] },
								"south": { "texture": "#plumphelmet", "uv": [ 5.0, 0.0, 7.0, 1.0 ] },
								"west": { "texture": "#plumphelmet", "uv": [ 4.0, 2.5, 6.0, 3.5 ] },
								"up": { "texture": "#plumphelmet", "uv": [ 5.5, 4.0, 7.5, 6.0 ] },
								"down": { "texture": "#gills", "uv": [ 13.0, 13.5, 15.0, 15.5 ] }
							},
							"children": [
								{
									"name": "tip18",
									"from": [ 0.3, 1.0, 0.3 ],
									"to": [ 1.7, 2.0, 1.7 ],
									"rotationOrigin": [ 1.0, 1.0, 1.0 ],
									"faces": {
										"north": { "texture": "#plumphelmet", "uv": [ 7.0, 3.0, 8.0, 4.0 ] },
										"east": { "texture": "#plumphelmet", "uv": [ 8.0, 3.5, 9.0, 4.5 ] },
										"south": { "texture": "#plumphelmet", "uv": [ 8.5, 2.0, 9.5, 3.0 ] },
										"west": { "texture": "#plumphelmet", "uv": [ 5.0, 2.5, 6.0, 3.5 ] },
										"up": { "texture": "#plumphelmet", "uv": [ 6.5, 6.0, 7.5, 7.0 ] }
									}
								}
							]
						}
					]
				},
				{
					"name": "stem19",
					"from": [ 0.5, -0.2, -1.5 ],
					"to": [ 1.5, 0.8, -0.5 ],
					"rotationOrigin": [ 1.0, -0.1, -1.0 ],
					"rotationX": -6.0,
					"rotationY": -33.0,
					"rotationZ": 3.0,
					"faces": {
						"north": { "texture": "#plumphelmet", "uv": [ 11.0, 10.0, 12.0, 11.0 ] },
						"east": { "texture": "#plumphelmet", "uv": [ 10.5, 8.0, 11.5, 9.0 ] },
						"south": { "texture": "#plumphelmet", "uv": [ 9.0, 9.0, 10.0, 10.0 ] },
						"west": { "texture": "#plumphelmet", "uv": [ 9.0, 10.0, 10.0, 11.0 ] }
					},
					"children": [
						{
							"name": "cap20",
							"from": [ -0.5, 0.9, -0.5 ],
							"to": [ 1.5, 1.9, 1.5 ],
							"rotationOrigin": [ 0.5, 0.9, 0.5 ],
							"rotationY": -42.0,
							"faces": {
								"north": { "texture": "#plumphelmet", "uv": [ 11.0, 2.0, 13.0, 3.0 ] },
								"east": { "texture": "#plumphelmet", "uv": [ 10.5, 3.0, 12.5, 4.0 ] },
								"south": { "texture": "#plumphelmet", "uv": [ 4.0, 2.5, 6.0, 3.5 ] },
								"west": { "texture": "#plumphelmet", "uv": [ 3.5, 4.5, 5.5, 5.5 ] },
								"up": { "texture": "#plumphelmet", "uv": [ 5.5, 3.5, 7.5, 5.5 ] },
								"down": { "texture": "#gills", "uv": [ 12.5, 12.5, 14.5, 14.5 ] }
							},
							"children": [
								{
									"name": "tip21",
									"from": [ 0.3, 1.0, 0.3 ],
									"to": [ 1.7, 2.0, 1.7 ],
									"rotationOrigin": [ 1.0, 1.0, 1.0 ],
									"faces": {
										"north": { "texture": "#plumphelmet", "uv": [ 11.0, 3.0, 12.0, 4.0 ] },
										"east": { "texture": "#plumphelmet", "uv": [ 11.5, 3.5, 12.5, 4.5 ] },
										"south": { "texture": "#plumphelmet", "uv": [ 12.5, 2.0, 13.5, 3.0 ] },
										"west": { "texture": "#plumphelmet", "uv": [ 12.0, 5.0, 13.0, 6.0 ] },
										"up": { "texture": "#plumphelmet", "uv": [ 9.0, 2.5, 10.0, 3.5 ] }
									}
								}
							]
						}
					]
				},
				{
					"name": "mycelium",
					"from": [ -5.0, 0.1, -5.0 ],
					"to": [ 5.0, 0.1, 5.0 ],
					"renderPass": 3,
					"rotationOrigin": [ 0.0, 0.1, 0.0 ],
					"faces": {
						"up": { "texture": "#mycelium1", "uv": [ 3.0, 3.0, 13.0, 13.0 ] }
					}
				},
				{
					"name": "stem6",
					"from": [ -2.9, -0.4, 2.3 ],
					"to": [ -1.9, 2.6, 3.3 ],
					"rotationOrigin": [ -2.4, -0.3, 2.8 ],
					"rotationX": 14.0,
					"rotationY": 147.0,
					"rotationZ": -3.0,
					"faces": {
						"north": { "texture": "#plumphelmet", "uv": [ 9.5, 12.0, 10.5, 15.0 ] },
						"east": { "texture": "#plumphelmet", "uv": [ 9.0, 12.0, 10.0, 15.0 ] },
						"south": { "texture": "#plumphelmet", "uv": [ 9.0, 11.0, 10.0, 14.0 ] },
						"west": { "texture": "#plumphelmet", "uv": [ 9.0, 11.5, 10.0, 14.5 ] }
					},
					"children": [
						{
							"name": "cap7",
							"from": [ -0.5, 2.6, -0.5 ],
							"to": [ 1.5, 3.6, 1.5 ],
							"rotationOrigin": [ 0.5, 2.6, 0.5 ],
							"rotationX": -14.0,
							"rotationZ": 17.0,
							"faces": {
								"north": { "texture": "#plumphelmet", "uv": [ 10.0, 5.0, 12.0, 6.0 ] },
								"east": { "texture": "#plumphelmet", "uv": [ 5.0, 1.5, 7.0, 2.5 ] },
								"south": { "texture": "#plumphelmet", "uv": [ 6.5, 3.5, 8.5, 4.5 ] },
								"west": { "texture": "#plumphelmet", "uv": [ 4.0, 3.0, 6.0, 4.0 ] },
								"up": { "texture": "#plumphelmet", "uv": [ 7.5, 4.0, 9.5, 6.0 ] },
								"down": { "texture": "#gills", "uv": [ 11.5, 10.5, 13.5, 12.5 ] }
							},
							"children": [
								{
									"name": "tip8",
									"from": [ 0.3, 1.0, 0.3 ],
									"to": [ 1.7, 2.0, 1.7 ],
									"rotationOrigin": [ 1.0, 1.0, 1.0 ],
									"faces": {
										"north": { "texture": "#plumphelmet", "uv": [ 9.5, 3.5, 10.5, 4.5 ] },
										"east": { "texture": "#plumphelmet", "uv": [ 7.5, 0.5, 8.5, 1.5 ] },
										"south": { "texture": "#plumphelmet", "uv": [ 4.0, 2.0, 5.0, 3.0 ] },
										"west": { "texture": "#plumphelmet", "uv": [ 4.5, 5.5, 5.5, 6.5 ] },
										"up": { "texture": "#plumphelmet", "uv": [ 6.0, 5.0, 7.0, 6.0 ] }
									}
								}
							]
						}
					]
				},
				{
					"name": "stem2",
					"from": [ -0.085, -0.255, -3.825 ],
					"to": [ 0.765, 2.295, -2.975 ],
					"rotationOrigin": [ 0.34, -0.17, -3.4 ],
					"rotationY": -80.0,
					"rotationZ": 14.0,
					"faces": {
						"north": { "texture": "#plumphelmet", "uv": [ 12.0, 8.5, 12.85, 11.05 ] },
						"east": { "texture": "#plumphelmet", "uv": [ 12.5, 9.0, 13.35, 11.55 ] },
						"south": { "texture": "#plumphelmet", "uv": [ 13.5, 9.0, 14.35, 11.55 ] },
						"west": { "texture": "#plumphelmet", "uv": [ 12.5, 9.5, 13.35, 12.05 ] }
					},
					"children": [
						{
							"name": "cap2",
							"from": [ -0.425, 2.38, -0.425 ],
							"to": [ 1.275, 4.08, 1.275 ],
							"rotationOrigin": [ 0.425, 2.38, 0.425 ],
							"rotationZ": -19.0,
							"faces": {
								"north": { "texture": "#plumphelmet", "uv": [ 3.0, 9.0, 4.7, 10.7 ] },
								"east": { "texture": "#plumphelmet", "uv": [ 2.0, 9.0, 3.7, 10.7 ] },
								"south": { "texture": "#plumphelmet", "uv": [ 4.5, 8.0, 6.2, 9.7 ] },
								"west": { "texture": "#plumphelmet", "uv": [ 3.0, 9.0, 4.7, 10.7 ] },
								"up": { "texture": "#plumphelmet", "uv": [ 0.0, 8.5, 1.7, 10.2 ] },
								"down": { "texture": "#gills", "uv": [ 3.0, 10.5, 4.7, 12.2 ] }
							},
							"children": [
								{
									"name": "tip2",
									"from": [ 0.255, 1.7, 0.255 ],
									"to": [ 1.445, 2.55, 1.445 ],
									"rotationOrigin": [ 0.85, 1.7, 0.85 ],
									"faces": {
										"north": { "texture": "#plumphelmet", "uv": [ 4.0, 8.5, 4.85, 9.35 ] },
										"east": { "texture": "#plumphelmet", "uv": [ 1.0, 9.0, 1.85, 9.85 ] },
										"south": { "texture": "#plumphelmet", "uv": [ 6.0, 9.0, 6.85, 9.85 ] },
										"west": { "texture": "#plumphelmet", "uv": [ 6.5, 9.0, 7.35, 9.85 ] },
										"up": { "texture": "#plumphelmet", "uv": [ 2.0, 9.0, 2.85, 9.85 ] }
									}
								}
							]
						}
					]
				}
			]
		}
	]}