{
	"editor": {
		"allAngles": false,
		"singleTexture": false
	},
	"textureWidth": 16,
	"textureHeight": 16,
	"textures": {
		"metal": "block/metal/ingot/blackbronze"
	},
	"elements": [
		{
			"name": "ingot",
			"from": [ 6.5, 0.0, 4.5 ], 
			"to": [ 9.5, 2.0, 11.5 ], 
			"rotationOrigin": [ 8.0, 0.0, 8.0 ],
			"faces": {
				"north": { "reflectiveMode": 2, "texture": "#metal", "uv": [ 7.0, 6.0, 10.0, 8.0 ] },
				"east": { "reflectiveMode": 2, "texture": "#metal", "uv": [ 2.5, 2.0, 9.5, 4.0 ] },
				"south": { "reflectiveMode": 2, "texture": "#metal", "uv": [ 8.0, 11.0, 11.0, 13.0 ] },
				"west": { "reflectiveMode": 2, "texture": "#metal", "uv": [ 7.5, 8.0, 14.5, 10.0 ] },
				"up": { "reflectiveMode": 2, "texture": "#metal", "uv": [ 7.5, 5.0, 10.5, 12.0 ] },
				"down": { "reflectiveMode": 2, "texture": "#metal", "uv": [ 9.5, 2.0, 12.5, 9.0 ] }
			}
		}
	]}