{
	"editor": {
		"allAngles": true,
		"entityTextureMode": false
	},
	"textureWidth": 16,
	"textureHeight": 16,
	"textureSizes": {
	},
	"textures": {
		"iron2": "C:/Users/777/Desktop/KhazadDum/assets/khazaddum/textures/block/iron2",
		"wood-generic": "C:/Users/777/Desktop/KhazadDum/assets/khazaddum/textures/block/wood-generic",
		"mithril": "C:/Users/777/Desktop/KhazadDum/assets/khazaddum/textures/item/mithril"
	},
	"elements": [
		{
			"name": "origin",
			"from": [ 8.0, 0.0, 8.0 ],
			"to": [ 8.0, 0.0, 8.0 ],
			"rotationOrigin": [ 8.0, 0.0, 8.0 ],
			"faces": {
			},
			"children": [
				{
					"name": "spool-bottom",
					"from": [ -2.5, 0.0, -1.5 ],
					"to": [ 0.5, 0.5, 1.5 ],
					"rotationOrigin": [ -1.0, 0.0, 0.0 ],
					"rotationY": 125.0,
					"faces": {
						"north": { "texture": "#wood-generic", "uv": [ 2.0, 6.5, 5.0, 7.0 ] },
						"east": { "texture": "#wood-generic", "uv": [ 6.0, 1.0, 9.0, 1.5 ] },
						"south": { "texture": "#wood-generic", "uv": [ 11.0, 12.5, 14.0, 13.0 ] },
						"west": { "texture": "#wood-generic", "uv": [ 5.0, 13.5, 8.0, 14.0 ] },
						"up": { "texture": "#wood-generic", "uv": [ 2.0, 10.5, 5.0, 13.5 ] },
						"down": { "texture": "#wood-generic", "uv": [ 6.5, 3.0, 9.5, 6.0 ] }
					},
					"children": [
						{
							"name": "spool-twine",
							"from": [ 0.3, 0.5, 0.3 ],
							"to": [ 2.7, 3.5, 2.7 ],
							"rotationOrigin": [ 1.5, 1.5, 1.4 ],
							"faces": {
								"north": { "texture": "#mithril", "uv": [ 7.5, 10.0, 12.5, 14.0 ], "rotation": 90, "autoUv": false, "windMode": [-1,-1,-1,-1] },
								"east": { "texture": "#mithril", "uv": [ 7.25, 1.5, 12.25, 5.5 ], "rotation": 90, "autoUv": false, "windMode": [-1,-1,-1,-1] },
								"south": { "texture": "#mithril", "uv": [ 3.75, 6.5, 8.75, 10.5 ], "rotation": 90, "autoUv": false, "windMode": [-1,-1,-1,-1] },
								"west": { "texture": "#mithril", "uv": [ 7.5, 3.5, 12.5, 7.5 ], "rotation": 90, "autoUv": false, "windMode": [-1,-1,-1,-1] }
							}
						},
						{
							"name": "spool-top",
							"from": [ 0.0, 3.0, 0.0 ],
							"to": [ 3.0, 3.5, 3.0 ],
							"rotationOrigin": [ 1.5, 3.0, 1.5 ],
							"faces": {
								"north": { "texture": "#wood-generic", "uv": [ 8.5, 5.0, 11.5, 5.5 ] },
								"east": { "texture": "#wood-generic", "uv": [ 9.0, 1.5, 12.0, 2.0 ] },
								"south": { "texture": "#wood-generic", "uv": [ 12.0, 14.0, 15.0, 14.5 ] },
								"west": { "texture": "#wood-generic", "uv": [ 2.0, 2.5, 5.0, 3.0 ] },
								"up": { "texture": "#wood-generic", "uv": [ 0.0, 1.0, 3.0, 4.0 ] },
								"down": { "texture": "#wood-generic", "uv": [ 10.5, 9.0, 13.5, 12.0 ] }
							}
						},
						{
							"name": "needle",
							"from": [ 0.1, -0.5, 0.7 ],
							"to": [ 0.5, 4.5, 1.1 ],
							"rotationOrigin": [ 0.3, 2.0, 0.9 ],
							"rotationY": 42.0,
							"rotationZ": 50.0,
							"faces": {
								"north": { "texture": "#iron2", "uv": [ 3.0, 5.5, 3.5, 10.5 ] },
								"east": { "texture": "#iron2", "uv": [ 7.0, 1.0, 7.5, 6.0 ], "windMode": [-1,-1,-1,-1] },
								"south": { "texture": "#iron2", "uv": [ 9.5, 3.0, 10.0, 8.0 ], "windMode": [-1,-1,-1,-1] },
								"west": { "texture": "#iron2", "uv": [ 2.0, 6.0, 2.5, 11.0 ], "windMode": [-1,-1,-1,-1] },
								"up": { "texture": "#iron2", "uv": [ 0.5, 3.5, 1.0, 4.0 ], "windMode": [-1,-1,-1,-1] },
								"down": { "texture": "#iron2", "uv": [ 2.0, 0.0, 2.5, 0.5 ], "windMode": [-1,-1,-1,-1] }
							}
						}
					]
				},
				{
					"name": "patch",
					"from": [ 1.0, 0.0, -1.0 ],
					"to": [ 5.0, 0.5, 3.0 ],
					"rotationOrigin": [ 3.0, 0.0, 1.0 ],
					"rotationY": -6.0,
					"faces": {
						"north": { "texture": "#mithril", "uv": [ 4.0, 1.5, 8.0, 2.0 ] },
						"east": { "texture": "#mithril", "uv": [ 4.0, 1.0, 8.0, 1.5 ], "windMode": [-1,-1,-1,-1] },
						"south": { "texture": "#mithril", "uv": [ 7.5, 1.5, 11.5, 2.0 ], "windMode": [-1,-1,-1,-1] },
						"west": { "texture": "#mithril", "uv": [ 4.25, 1.5, 8.25, 2.0 ], "windMode": [-1,-1,-1,-1] },
						"up": { "texture": "#mithril", "uv": [ 8.0, 4.0, 12.0, 8.0 ], "windMode": [-1,-1,-1,-1] },
						"down": { "texture": "#mithril", "uv": [ 8.0, 9.0, 12.0, 13.0 ], "windMode": [-1,-1,-1,-1] }
					}
				},
				{
					"name": "razor-handle",
					"from": [ 0.3, 0.4, -0.4 ],
					"to": [ 0.8, 0.9, 3.6 ],
					"rotationOrigin": [ 0.3, 0.6, 1.6 ],
					"rotationX": 20.0,
					"rotationY": -58.0,
					"faces": {
						"north": { "texture": "#iron2", "uv": [ 0.0, 9.0, 0.5, 9.5 ] },
						"east": { "texture": "#iron2", "uv": [ 8.5, 13.5, 12.5, 14.0 ], "windMode": [-1,-1,-1,-1] },
						"south": { "texture": "#iron2", "uv": [ 5.5, 15.0, 6.0, 15.5 ], "windMode": [-1,-1,-1,-1] },
						"west": { "texture": "#iron2", "uv": [ 10.5, 11.5, 14.5, 12.0 ], "windMode": [-1,-1,-1,-1] },
						"up": { "texture": "#iron2", "uv": [ 15.0, 3.5, 15.5, 7.5 ], "windMode": [-1,-1,-1,-1] },
						"down": { "texture": "#iron2", "uv": [ 4.0, 2.0, 4.5, 6.0 ], "windMode": [-1,-1,-1,-1] }
					},
					"children": [
						{
							"name": "razor-blade",
							"from": [ 0.3, 0.2, -1.0 ],
							"to": [ 1.3, 0.4, 2.5 ],
							"rotationOrigin": [ 0.3, 0.2, -0.5 ],
							"faces": {
								"north": { "texture": "#iron2", "uv": [ 6.0, 8.5, 7.0, 9.0 ] },
								"east": { "texture": "#iron2", "uv": [ 5.0, 9.0, 8.5, 9.5 ], "windMode": [-1,-1,-1,-1] },
								"south": { "texture": "#iron2", "uv": [ 5.5, 4.5, 6.5, 5.0 ], "windMode": [-1,-1,-1,-1] },
								"west": { "texture": "#iron2", "uv": [ 1.5, 14.0, 5.0, 14.5 ], "windMode": [-1,-1,-1,-1] },
								"up": { "texture": "#iron2", "uv": [ 12.0, 6.0, 13.0, 9.5 ], "windMode": [-1,-1,-1,-1] },
								"down": { "texture": "#iron2", "uv": [ 11.5, 2.0, 12.5, 5.5 ], "windMode": [-1,-1,-1,-1] }
							}
						}
					]
				}
			]
		}
	]}