{
	"editor": {
		"allAngles": true,
		"entityTextureMode": false
	},
	"textureWidth": 16,
	"textureHeight": 16,
	"textureSizes": {
	},
	"textures": {
		"mycelium3": "block/plant/mushroom/mycelium3",
		"waxcap": "block/plant/mushroom/waxcap/waxcap"
	},
	"elements": [
		{
			"name": "origin",
			"from": [ 8.0, 0.0, 8.0 ], 
			"to": [ 8.0, 0.0, 8.0 ], 
			"rotationOrigin": [ 8.0, 0.0, 8.0 ],
			"faces": {
				"north": { "texture": "#waxcap", "uv": [ 0.0, 0.0, 0.5, 0.5 ], "enabled": false },
				"east": { "texture": "#waxcap", "uv": [ 0.0, 0.0, 0.5, 0.5 ], "enabled": false },
				"south": { "texture": "#waxcap", "uv": [ 0.0, 0.0, 0.5, 0.5 ], "enabled": false },
				"west": { "texture": "#waxcap", "uv": [ 0.0, 0.0, 0.5, 0.5 ], "enabled": false },
				"up": { "texture": "#waxcap", "uv": [ 0.0, 0.0, 0.5, 0.5 ], "enabled": false },
				"down": { "texture": "#waxcap", "uv": [ 0.0, 0.0, 0.5, 0.5 ], "enabled": false }
			},
			"children": [
				{
					"name": "medium small",
					"from": [ -1.5, -0.3, -1.7 ], 
					"to": [ -0.5, 1.7, -0.7 ], 
					"rotationOrigin": [ -1.0, -0.3, -1.2 ],
					"rotationX": 14.0,
					"rotationY": 15.999999277071767,
					"rotationZ": -17.0,
					"faces": {
						"north": { "texture": "#waxcap", "uv": [ 1.0, 8.5, 2.0, 10.5 ] },
						"east": { "texture": "#waxcap", "uv": [ 2.5, 9.0, 3.5, 11.0 ] },
						"south": { "texture": "#waxcap", "uv": [ 2.0, 10.5, 3.0, 12.5 ] },
						"west": { "texture": "#waxcap", "uv": [ 1.0, 9.0, 2.0, 11.0 ] },
						"up": { "texture": "#waxcap", "uv": [ 4.0, 5.0, 5.0, 6.0 ], "enabled": false },
						"down": { "texture": "#waxcap", "uv": [ 2.5, 12.0, 3.5, 13.0 ] }
					},
					"children": [
						{
							"name": "cap",
							"from": [ -1.8, 2.9, -1.5 ], 
							"to": [ 1.2, 3.4, 1.5 ], 
							"rotationOrigin": [ -0.3, 2.9, 0.0 ],
							"rotationX": -19.0,
							"rotationZ": 25.0,
							"faces": {
								"north": { "texture": "#waxcap", "uv": [ 13.0, 3.0, 16.0, 3.5 ], "enabled": false },
								"east": { "texture": "#waxcap", "uv": [ 9.0, 7.0, 12.0, 7.5 ], "enabled": false },
								"south": { "texture": "#waxcap", "uv": [ 10.0, 8.0, 13.0, 8.5 ], "enabled": false },
								"west": { "texture": "#waxcap", "uv": [ 9.0, 7.0, 12.0, 7.5 ], "enabled": false },
								"up": { "texture": "#waxcap", "uv": [ 11.5, 3.5, 14.5, 6.5 ] },
								"down": { "texture": "#waxcap", "uv": [ 10.5, 2.0, 13.5, 5.0 ] }
							},
							"children": [
								{
									"name": "Cube1",
									"from": [ 0.0, -0.2, 2.7 ], 
									"to": [ 3.0, 0.3, 3.7 ], 
									"rotationOrigin": [ 1.5, 0.3, 2.7 ],
									"rotationX": -42.0,
									"faces": {
										"north": { "texture": "#waxcap", "uv": [ 0.0, 0.0, 3.0, 0.5 ], "enabled": false },
										"east": { "texture": "#waxcap", "uv": [ 7.0, 10.5, 8.0, 11.0 ] },
										"south": { "texture": "#waxcap", "uv": [ 3.0, 6.0, 6.0, 6.5 ] },
										"west": { "texture": "#waxcap", "uv": [ 5.0, 4.0, 6.0, 4.5 ] },
										"up": { "texture": "#waxcap", "uv": [ 4.0, 3.5, 7.0, 4.5 ] },
										"down": { "texture": "#waxcap", "uv": [ 12.0, 1.5, 15.0, 2.5 ] }
									}
								},
								{
									"name": "Cube24",
									"from": [ 0.0, -0.1, -0.6 ], 
									"to": [ 3.0, 0.4, 0.4 ], 
									"rotationOrigin": [ 1.5, 0.4, 0.4 ],
									"rotationX": 33.0,
									"faces": {
										"north": { "texture": "#waxcap", "uv": [ 8.5, 6.5, 11.5, 7.0 ] },
										"east": { "texture": "#waxcap", "uv": [ 6.5, 1.0, 7.5, 1.5 ] },
										"south": { "texture": "#waxcap", "uv": [ 3.5, 8.0, 6.5, 8.5 ], "enabled": false },
										"west": { "texture": "#waxcap", "uv": [ 4.0, 4.5, 5.0, 5.0 ] },
										"up": { "texture": "#waxcap", "uv": [ 8.0, 3.5, 11.0, 4.5 ] },
										"down": { "texture": "#waxcap", "uv": [ 11.5, 1.0, 14.5, 2.0 ] }
									}
								},
								{
									"name": "Cube25",
									"from": [ 2.7, -0.1, 0.0 ], 
									"to": [ 3.7, 0.4, 3.0 ], 
									"rotationOrigin": [ 2.7, 0.4, 1.5 ],
									"rotationZ": 19.0,
									"faces": {
										"north": { "texture": "#waxcap", "uv": [ 14.5, 4.0, 15.5, 4.5 ] },
										"east": { "texture": "#waxcap", "uv": [ 3.0, 1.0, 6.0, 1.5 ] },
										"south": { "texture": "#waxcap", "uv": [ 7.5, 2.5, 8.5, 3.0 ] },
										"west": { "texture": "#waxcap", "uv": [ 11.0, 6.0, 14.0, 6.5 ], "enabled": false },
										"up": { "texture": "#waxcap", "uv": [ 11.5, 0.5, 12.5, 3.5 ] },
										"down": { "texture": "#waxcap", "uv": [ 12.0, 0.5, 13.0, 3.5 ] }
									}
								},
								{
									"name": "Cube26",
									"from": [ -0.6, -0.2, 0.0 ], 
									"to": [ 0.4, 0.3, 3.0 ], 
									"rotationOrigin": [ 0.4, 0.3, 1.5 ],
									"rotationZ": -50.0,
									"faces": {
										"north": { "texture": "#waxcap", "uv": [ 14.5, 4.0, 15.5, 4.5 ] },
										"east": { "texture": "#waxcap", "uv": [ 3.0, 1.0, 6.0, 1.5 ], "enabled": false },
										"south": { "texture": "#waxcap", "uv": [ 5.5, 2.0, 6.5, 2.5 ] },
										"west": { "texture": "#waxcap", "uv": [ 11.0, 6.0, 14.0, 6.5 ] },
										"up": { "texture": "#waxcap", "uv": [ 13.5, 0.0, 14.5, 3.0 ] },
										"down": { "texture": "#waxcap", "uv": [ 13.0, 1.5, 14.0, 4.5 ] }
									}
								}
							]
						},
						{
							"name": "stem",
							"from": [ 0.1, 1.6, 0.1 ], 
							"to": [ 1.1, 3.6, 1.1 ], 
							"rotationOrigin": [ 0.6, 1.6, 0.6 ],
							"rotationX": -25.0,
							"rotationZ": 28.0,
							"faces": {
								"north": { "texture": "#waxcap", "uv": [ 1.5, 9.0, 2.5, 11.0 ] },
								"east": { "texture": "#waxcap", "uv": [ 0.0, 8.5, 1.0, 10.5 ] },
								"south": { "texture": "#waxcap", "uv": [ 0.5, 10.0, 1.5, 12.0 ] },
								"west": { "texture": "#waxcap", "uv": [ 1.0, 8.5, 2.0, 10.5 ] },
								"up": { "texture": "#waxcap", "uv": [ 0.0, 0.0, 1.0, 1.0 ], "enabled": false },
								"down": { "texture": "#waxcap", "uv": [ 0.0, 0.0, 1.0, 1.0 ], "enabled": false }
							}
						}
					]
				},
				{
					"name": "tiny20",
					"from": [ -1.31, 0.0, -0.24 ], 
					"to": [ -0.31, 0.5, 0.76 ], 
					"rotationOrigin": [ -0.8144, 0.0, 0.2631 ],
					"rotationY": 15.999999277071767,
					"faces": {
						"north": { "texture": "#waxcap", "uv": [ 1.5, 9.0, 2.5, 9.5 ] },
						"east": { "texture": "#waxcap", "uv": [ 0.0, 11.0, 1.0, 11.5 ] },
						"south": { "texture": "#waxcap", "uv": [ 1.0, 8.0, 2.0, 8.5 ] },
						"west": { "texture": "#waxcap", "uv": [ 1.0, 11.0, 2.0, 11.5 ] },
						"up": { "texture": "#waxcap", "uv": [ 4.0, 5.0, 5.0, 6.0 ], "enabled": false },
						"down": { "texture": "#waxcap", "uv": [ 1.0, 11.5, 2.0, 12.5 ] }
					},
					"children": [
						{
							"name": "cap6",
							"from": [ -0.2, 0.5, -0.2 ], 
							"to": [ 1.3, 1.0, 1.3 ], 
							"faces": {
								"north": { "texture": "#waxcap", "uv": [ 4.0, 10.0, 5.5, 10.5 ] },
								"east": { "texture": "#waxcap", "uv": [ 3.0, 9.0, 4.5, 9.5 ] },
								"south": { "texture": "#waxcap", "uv": [ 5.0, 9.0, 6.5, 9.5 ] },
								"west": { "texture": "#waxcap", "uv": [ 3.0, 12.0, 4.5, 12.5 ] },
								"up": { "texture": "#waxcap", "uv": [ 4.5, 4.0, 6.0, 5.5 ] },
								"down": { "texture": "#waxcap", "uv": [ 2.5, 4.0, 4.0, 5.5 ] }
							}
						}
					]
				},
				{
					"name": "stem29",
					"from": [ 0.5, -0.4, 0.5 ], 
					"to": [ 1.3, 1.1, 1.3 ], 
					"rotationOrigin": [ 1.0, -0.4, 1.0 ],
					"rotationX": 6.0,
					"rotationZ": 9.000000175481285,
					"faces": {
						"north": { "texture": "#waxcap", "uv": [ 1.0, 10.0, 1.5, 11.5 ] },
						"east": { "texture": "#waxcap", "uv": [ 1.5, 11.0, 2.0, 12.5 ] },
						"south": { "texture": "#waxcap", "uv": [ 1.5, 9.5, 2.0, 11.0 ] },
						"west": { "texture": "#waxcap", "uv": [ 1.5, 8.0, 2.0, 9.5 ] },
						"up": { "texture": "#waxcap", "uv": [ 0.0, 0.0, 0.5, 0.5 ], "enabled": false },
						"down": { "texture": "#waxcap", "uv": [ 2.0, 14.0, 2.5, 14.5 ] }
					},
					"children": [
						{
							"name": "Cap30",
							"from": [ -0.4, 2.3, -0.9 ], 
							"to": [ 2.1, 2.9, 1.6 ], 
							"rotationOrigin": [ 0.7, 2.3, 0.4 ],
							"rotationX": 8.0,
							"rotationY": 14.0,
							"rotationZ": -8.0,
							"faces": {
								"north": { "texture": "#waxcap", "uv": [ 5.5, 5.5, 8.0, 6.0 ] },
								"east": { "texture": "#waxcap", "uv": [ 5.5, 5.5, 8.0, 6.0 ] },
								"south": { "texture": "#waxcap", "uv": [ 4.5, 5.0, 7.0, 5.5 ] },
								"west": { "texture": "#waxcap", "uv": [ 6.5, 5.5, 9.0, 6.0 ] },
								"up": { "texture": "#waxcap", "uv": [ 2.5, 2.5, 5.0, 5.0 ] },
								"down": { "texture": "#waxcap", "uv": [ 3.0, 1.5, 5.5, 4.0 ] }
							}
						},
						{
							"name": "ring31",
							"from": [ -0.3, 1.1, -0.3 ], 
							"to": [ 1.1, 2.6, 1.1 ], 
							"rotationOrigin": [ 0.4, 1.1, 0.4 ],
							"rotationX": 6.0,
							"rotationZ": -14.0,
							"faces": {
								"north": { "texture": "#waxcap", "uv": [ 0.5, 7.5, 1.5, 9.0 ] },
								"east": { "texture": "#waxcap", "uv": [ 1.0, 8.0, 2.0, 9.5 ] },
								"south": { "texture": "#waxcap", "uv": [ 1.5, 7.0, 2.5, 8.5 ] },
								"west": { "texture": "#waxcap", "uv": [ 0.5, 5.0, 1.5, 6.5 ] },
								"up": { "texture": "#waxcap", "uv": [ 0.0, 0.0, 1.0, 1.0 ], "enabled": false },
								"down": { "texture": "#waxcap", "uv": [ 0.0, 0.0, 1.0, 1.0 ] }
							}
						}
					]
				},
				{
					"name": "mycelium",
					"from": [ -2.0, 0.1, -2.0 ], 
					"to": [ 2.0, 0.1, 2.0 ], 
					"renderPass": 3,
					"rotationOrigin": [ 0.0, 0.1, 0.0 ],
					"faces": {
						"north": { "texture": "#waxcap", "uv": [ 0.0, 0.0, 4.0, 0.5 ], "enabled": false },
						"east": { "texture": "#waxcap", "uv": [ 0.0, 0.0, 4.0, 0.5 ], "enabled": false },
						"south": { "texture": "#waxcap", "uv": [ 0.0, 0.0, 4.0, 0.5 ], "enabled": false },
						"west": { "texture": "#waxcap", "uv": [ 0.0, 0.0, 4.0, 0.5 ], "enabled": false },
						"up": { "texture": "#mycelium3", "uv": [ 6.0, 6.0, 10.0, 10.0 ] },
						"down": { "texture": "#waxcap", "uv": [ 0.0, 0.0, 4.0, 4.0 ], "enabled": false }
					}
				}
			]
		}
	]}