{
	"editor": {
		"allAngles": true,
		"entityTextureMode": false
	},
	"textureWidth": 16,
	"textureHeight": 16,
	"textureSizes": {
	},
	"textures": {
		"waxcap": "block/plant/mushroom/waxcap/waxcap",
		"mycelium1": "block/plant/mushroom/mycelium1"
	},
	"elements": [
		{
			"name": "origin",
			"from": [ 8.0, 0.0, 8.0 ], 
			"to": [ 8.0, 0.0, 8.0 ], 
			"rotationOrigin": [ 8.0, 0.0, 8.0 ],
			"faces": {
				"north": { "texture": "#waxcap", "uv": [ 0.0, 0.0, 0.5, 0.5 ], "enabled": false },
				"east": { "texture": "#waxcap", "uv": [ 0.0, 0.0, 0.5, 0.5 ], "enabled": false },
				"south": { "texture": "#waxcap", "uv": [ 0.0, 0.0, 0.5, 0.5 ], "enabled": false },
				"west": { "texture": "#waxcap", "uv": [ 0.0, 0.0, 0.5, 0.5 ], "enabled": false },
				"up": { "texture": "#waxcap", "uv": [ 0.0, 0.0, 0.5, 0.5 ], "enabled": false },
				"down": { "texture": "#waxcap", "uv": [ 0.0, 0.0, 0.5, 0.5 ], "enabled": false }
			},
			"children": [
				{
					"name": "tiny20",
					"from": [ 1.0, 0.0, 0.0 ], 
					"to": [ 2.0, 0.5, 1.0 ], 
					"rotationOrigin": [ 1.5, 0.0, 0.5 ],
					"rotationY": -38.999984087261936,
					"faces": {
						"north": { "texture": "#waxcap", "uv": [ 0.5, 3.0, 1.5, 3.5 ] },
						"east": { "texture": "#waxcap", "uv": [ 0.5, 5.0, 1.5, 5.5 ] },
						"south": { "texture": "#waxcap", "uv": [ 0.0, 3.5, 1.0, 4.0 ] },
						"west": { "texture": "#waxcap", "uv": [ 0.0, 2.0, 1.0, 2.5 ] },
						"up": { "texture": "#waxcap", "uv": [ 4.0, 5.0, 5.0, 6.0 ], "enabled": false },
						"down": { "texture": "#waxcap", "uv": [ 0.5, 0.0, 1.5, 1.0 ] }
					},
					"children": [
						{
							"name": "cap6",
							"from": [ -0.2, 0.4, -0.3 ], 
							"to": [ 1.3, 0.9, 1.2 ], 
							"rotationOrigin": [ 0.5, 0.4, 0.4 ],
							"rotationX": 5.0,
							"rotationZ": 3.0,
							"faces": {
								"north": { "texture": "#waxcap", "uv": [ 4.0, 10.0, 5.5, 10.5 ] },
								"east": { "texture": "#waxcap", "uv": [ 3.0, 9.0, 4.5, 9.5 ] },
								"south": { "texture": "#waxcap", "uv": [ 5.0, 9.0, 6.5, 9.5 ] },
								"west": { "texture": "#waxcap", "uv": [ 3.0, 12.0, 4.5, 12.5 ] },
								"up": { "texture": "#waxcap", "uv": [ 14.0, 7.0, 15.5, 8.5 ] },
								"down": { "texture": "#waxcap", "uv": [ 12.5, 1.0, 14.0, 2.5 ] }
							}
						}
					]
				},
				{
					"name": "single voxel25",
					"from": [ -0.9, 0.0, 0.5 ], 
					"to": [ 0.1, 0.5, 1.5 ], 
					"rotationOrigin": [ -0.9, 0.0, 0.5 ],
					"rotationY": 19.999997735545687,
					"faces": {
						"north": { "texture": "#waxcap", "uv": [ 0.5, 7.5, 1.5, 8.0 ] },
						"east": { "texture": "#waxcap", "uv": [ 1.0, 5.5, 2.0, 6.0 ] },
						"south": { "texture": "#waxcap", "uv": [ 0.5, 6.5, 1.5, 7.0 ] },
						"west": { "texture": "#waxcap", "uv": [ 0.5, 4.0, 1.5, 4.5 ] },
						"up": { "texture": "#waxcap", "uv": [ 0.5, 5.5, 1.5, 6.5 ] },
						"down": { "texture": "#waxcap", "uv": [ 1.0, 7.5, 2.0, 8.5 ] }
					}
				},
				{
					"name": "stem9",
					"from": [ -1.5, 0.0, -0.5 ], 
					"to": [ -0.7, 1.0, 0.3 ], 
					"rotationOrigin": [ -1.1, 0.0, -0.1 ],
					"rotationX": 11.0,
					"rotationY": 19.0,
					"rotationZ": 14.0,
					"faces": {
						"north": { "texture": "#waxcap", "uv": [ 1.0, 10.0, 1.5, 11.0 ] },
						"east": { "texture": "#waxcap", "uv": [ 1.5, 11.0, 2.0, 12.0 ] },
						"south": { "texture": "#waxcap", "uv": [ 1.0, 11.0, 1.5, 12.0 ] },
						"west": { "texture": "#waxcap", "uv": [ 1.0, 11.0, 1.5, 12.0 ] },
						"up": { "texture": "#waxcap", "uv": [ 0.0, 0.0, 0.5, 0.5 ], "enabled": false },
						"down": { "texture": "#waxcap", "uv": [ 0.5, 14.5, 1.0, 15.0 ] }
					},
					"children": [
						{
							"name": "Cap10",
							"from": [ -0.6, 2.0, -0.6 ], 
							"to": [ 1.4, 2.5, 1.4 ], 
							"rotationOrigin": [ 0.4, 2.0, 0.4 ],
							"rotationX": 6.0,
							"faces": {
								"north": { "texture": "#waxcap", "uv": [ 5.5, 5.5, 7.5, 6.0 ] },
								"east": { "texture": "#waxcap", "uv": [ 5.5, 5.5, 7.5, 6.0 ] },
								"south": { "texture": "#waxcap", "uv": [ 4.5, 5.0, 6.5, 5.5 ] },
								"west": { "texture": "#waxcap", "uv": [ 6.5, 5.5, 8.5, 6.0 ] },
								"up": { "texture": "#waxcap", "uv": [ 2.5, 3.5, 4.5, 5.5 ] },
								"down": { "texture": "#waxcap", "uv": [ 1.5, 2.5, 3.5, 4.5 ] }
							}
						},
						{
							"name": "ring15",
							"from": [ -0.1, 0.8, -0.1 ], 
							"to": [ 0.9, 2.3, 0.9 ], 
							"rotationOrigin": [ 0.5, 0.8, 0.5 ],
							"rotationZ": -8.0,
							"faces": {
								"north": { "texture": "#waxcap", "uv": [ 0.5, 7.5, 1.5, 9.0 ] },
								"east": { "texture": "#waxcap", "uv": [ 1.0, 8.0, 2.0, 9.5 ] },
								"south": { "texture": "#waxcap", "uv": [ 1.5, 7.0, 2.5, 8.5 ] },
								"west": { "texture": "#waxcap", "uv": [ 0.5, 5.0, 1.5, 6.5 ] },
								"up": { "texture": "#waxcap", "uv": [ 0.0, 0.0, 1.0, 1.0 ], "enabled": false },
								"down": { "texture": "#waxcap", "uv": [ 0.0, 0.0, 1.0, 1.0 ] }
							}
						}
					]
				},
				{
					"name": "stem16",
					"from": [ -0.5, -0.7, -1.5 ], 
					"to": [ 0.5, 1.8, -0.5 ], 
					"rotationOrigin": [ 0.0, -0.7, -1.0 ],
					"rotationX": 14.000002969233734,
					"rotationY": 14.0,
					"rotationZ": -14.000002969233734,
					"faces": {
						"north": { "texture": "#waxcap", "uv": [ 3.0, 7.5, 4.0, 10.0 ] },
						"east": { "texture": "#waxcap", "uv": [ 4.0, 10.0, 5.0, 12.5 ] },
						"south": { "texture": "#waxcap", "uv": [ 2.5, 9.0, 3.5, 11.5 ] },
						"west": { "texture": "#waxcap", "uv": [ 1.5, 10.0, 2.5, 12.5 ] },
						"up": { "texture": "#waxcap", "uv": [ 0.0, 0.0, 1.0, 1.0 ], "enabled": false },
						"down": { "texture": "#waxcap", "uv": [ 3.5, 10.5, 4.5, 11.5 ] }
					},
					"children": [
						{
							"name": "Cap17",
							"from": [ -1.5, 3.7, -1.5 ], 
							"to": [ 2.5, 4.7, 2.5 ], 
							"rotationOrigin": [ 0.5, 3.7, 0.5 ],
							"rotationX": -10.0,
							"rotationZ": 10.0,
							"faces": {
								"north": { "texture": "#waxcap", "uv": [ 1.5, 9.0, 5.5, 10.0 ] },
								"east": { "texture": "#waxcap", "uv": [ 3.0, 9.5, 7.0, 10.5 ] },
								"south": { "texture": "#waxcap", "uv": [ 2.0, 9.0, 6.0, 10.0 ] },
								"west": { "texture": "#waxcap", "uv": [ 4.5, 5.5, 8.5, 6.5 ] },
								"up": { "texture": "#waxcap", "uv": [ 3.5, 1.0, 7.5, 5.0 ] },
								"down": { "texture": "#waxcap", "uv": [ 9.5, 4.0, 13.5, 8.0 ] }
							}
						},
						{
							"name": "gillsE18",
							"from": [ 0.6, 2.6, 0.0 ], 
							"to": [ 2.6, 3.1, 1.0 ], 
							"rotationOrigin": [ 0.6, 2.6, 0.5 ],
							"rotationZ": 45.0,
							"faces": {
								"north": { "texture": "#waxcap", "uv": [ 9.5, 6.0, 11.5, 6.5 ] },
								"east": { "texture": "#waxcap", "uv": [ 8.5, 10.5, 9.5, 11.0 ], "enabled": false },
								"south": { "texture": "#waxcap", "uv": [ 10.0, 7.0, 12.0, 7.5 ] },
								"west": { "texture": "#waxcap", "uv": [ 11.5, 11.5, 12.5, 12.0 ], "enabled": false },
								"up": { "texture": "#waxcap", "uv": [ 10.0, 10.0, 12.0, 11.0 ], "enabled": false },
								"down": { "texture": "#waxcap", "uv": [ 9.0, 4.5, 11.0, 5.5 ] }
							}
						},
						{
							"name": "gillsW19",
							"from": [ -1.6, 2.6, 0.0 ], 
							"to": [ 0.4, 3.1, 1.0 ], 
							"rotationOrigin": [ 0.4, 2.6, 0.5 ],
							"rotationZ": -25.0,
							"faces": {
								"north": { "texture": "#waxcap", "uv": [ 9.0, 9.0, 11.0, 9.5 ] },
								"east": { "texture": "#waxcap", "uv": [ 10.5, 10.5, 11.5, 11.0 ], "enabled": false },
								"south": { "texture": "#waxcap", "uv": [ 10.0, 7.0, 12.0, 7.5 ] },
								"west": { "texture": "#waxcap", "uv": [ 9.0, 10.5, 10.0, 11.0 ], "enabled": false },
								"up": { "texture": "#waxcap", "uv": [ 10.0, 11.0, 12.0, 12.0 ], "enabled": false },
								"down": { "texture": "#waxcap", "uv": [ 8.5, 8.5, 10.5, 9.5 ] }
							}
						},
						{
							"name": "gillsS20",
							"from": [ 0.0, 2.6, 0.6 ], 
							"to": [ 1.0, 3.1, 2.6 ], 
							"rotationOrigin": [ 0.5, 2.6, 0.6 ],
							"rotationX": -50.0,
							"faces": {
								"north": { "texture": "#waxcap", "uv": [ 10.0, 9.0, 11.0, 9.5 ], "enabled": false },
								"east": { "texture": "#waxcap", "uv": [ 11.0, 8.5, 13.0, 9.0 ] },
								"south": { "texture": "#waxcap", "uv": [ 5.5, 6.0, 6.5, 6.5 ], "enabled": false },
								"west": { "texture": "#waxcap", "uv": [ 10.0, 7.5, 12.0, 8.0 ] },
								"up": { "texture": "#waxcap", "uv": [ 0.0, 0.0, 1.0, 2.0 ], "enabled": false },
								"down": { "texture": "#waxcap", "uv": [ 10.0, 6.0, 11.0, 8.0 ] }
							}
						},
						{
							"name": "gillsN21",
							"from": [ 0.0, 2.6, -1.6 ], 
							"to": [ 1.0, 3.1, 0.4 ], 
							"rotationOrigin": [ 0.5, 2.6, 0.4 ],
							"rotationX": 45.0,
							"faces": {
								"north": { "texture": "#waxcap", "uv": [ 0.0, 0.0, 1.0, 0.5 ], "enabled": false },
								"east": { "texture": "#waxcap", "uv": [ 4.5, 6.5, 6.5, 7.0 ] },
								"south": { "texture": "#waxcap", "uv": [ 0.0, 0.0, 1.0, 0.5 ], "enabled": false },
								"west": { "texture": "#waxcap", "uv": [ 3.0, 3.0, 5.0, 3.5 ] },
								"up": { "texture": "#waxcap", "uv": [ 5.5, 1.5, 6.5, 3.5 ], "enabled": false },
								"down": { "texture": "#waxcap", "uv": [ 4.0, 1.5, 5.0, 3.5 ] }
							}
						},
						{
							"name": "ring22",
							"from": [ -0.1, 1.5, -0.1 ], 
							"to": [ 1.1, 4.0, 1.1 ], 
							"rotationOrigin": [ 0.5, 1.5, 0.5 ],
							"faces": {
								"north": { "texture": "#waxcap", "uv": [ 11.0, 7.5, 12.0, 10.0 ] },
								"east": { "texture": "#waxcap", "uv": [ 13.0, 4.5, 14.0, 7.0 ] },
								"south": { "texture": "#waxcap", "uv": [ 11.0, 4.5, 12.0, 7.0 ] },
								"west": { "texture": "#waxcap", "uv": [ 10.5, 5.5, 11.5, 8.0 ] },
								"up": { "texture": "#waxcap", "uv": [ 0.0, 0.0, 1.0, 1.0 ], "enabled": false },
								"down": { "texture": "#waxcap", "uv": [ 11.0, 6.0, 12.0, 7.0 ] }
							}
						}
					]
				},
				{
					"name": "mycelium",
					"from": [ -2.0, 0.1, -2.0 ], 
					"to": [ 2.0, 0.1, 2.0 ], 
					"rotationOrigin": [ 0.0, 0.1, 0.0 ],
					"renderPass": 3,
					"faces": {
						"north": { "texture": "#waxcap", "uv": [ 0.0, 0.0, 4.0, 0.5 ], "enabled": false },
						"east": { "texture": "#waxcap", "uv": [ 0.0, 0.0, 4.0, 0.5 ], "enabled": false },
						"south": { "texture": "#waxcap", "uv": [ 0.0, 0.0, 4.0, 0.5 ], "enabled": false },
						"west": { "texture": "#waxcap", "uv": [ 0.0, 0.0, 4.0, 0.5 ], "enabled": false },
						"up": { "texture": "#mycelium1", "uv": [ 6.0, 6.0, 10.0, 10.0 ] },
						"down": { "texture": "#waxcap", "uv": [ 0.0, 0.0, 4.0, 4.0 ], "enabled": false }
					}
				}
			]
		}
	]}