{
	"editor": {
		"allAngles": true,
		"entityTextureMode": false
	},
	"textureWidth": 16,
	"textureHeight": 16,
	"textureSizes": {
	},
	"textures": {
		"goldenloaf": "block/plant/mushroom/goldenloaf/goldenloaf",
		"mycelium2": "block/plant/mushroom/mycelium2"
	},
	"elements": [
		{
			"name": "origin",
			"from": [ 8.0, 0.0, 8.0 ], 
			"to": [ 8.0, 0.0, 8.0 ], 
			"rotationOrigin": [ 8.0, 0.0, 8.0 ],
			"faces": {
				"north": { "texture": "#null", "uv": [ 0.0, 0.0, 0.5, 0.5 ], "enabled": false },
				"east": { "texture": "#null", "uv": [ 0.0, 0.0, 0.5, 0.5 ], "enabled": false },
				"south": { "texture": "#null", "uv": [ 0.0, 0.0, 0.5, 0.5 ], "enabled": false },
				"west": { "texture": "#null", "uv": [ 0.0, 0.0, 0.5, 0.5 ], "enabled": false },
				"up": { "texture": "#null", "uv": [ 0.0, 0.0, 0.5, 0.5 ], "enabled": false },
				"down": { "texture": "#null", "uv": [ 0.0, 0.0, 0.5, 0.5 ], "enabled": false }
			},
			"children": [
				{
					"name": "small",
					"from": [ 0.9, 0.0, 0.8 ], 
					"to": [ 1.9, 1.0, 1.8 ], 
					"rotationOrigin": [ 1.3, 0.0, 1.3 ],
					"rotationY": 19.0,
					"faces": {
						"north": { "texture": "#goldenloaf", "uv": [ 5.5, 5.0, 6.5, 6.0 ] },
						"east": { "texture": "#goldenloaf", "uv": [ 5.5, 4.0, 6.5, 5.0 ] },
						"south": { "texture": "#goldenloaf", "uv": [ 5.5, 1.5, 6.5, 2.5 ] },
						"west": { "texture": "#goldenloaf", "uv": [ 4.5, 0.5, 5.5, 1.5 ] },
						"up": { "texture": "#goldenloaf", "uv": [ 5.5, 5.5, 6.5, 6.5 ] },
						"down": { "texture": "#goldenloaf", "uv": [ 4.0, 7.0, 5.0, 8.0 ] }
					}
				},
				{
					"name": "small6",
					"from": [ -1.6, 0.0, 0.7 ], 
					"to": [ -0.6, 0.5, 1.7 ], 
					"rotationOrigin": [ -1.2, 0.0, 1.2 ],
					"rotationY": 19.0,
					"faces": {
						"north": { "texture": "#goldenloaf", "uv": [ 5.0, 10.5, 6.0, 11.0 ] },
						"east": { "texture": "#goldenloaf", "uv": [ 5.5, 10.0, 6.5, 10.5 ] },
						"south": { "texture": "#goldenloaf", "uv": [ 6.0, 11.5, 7.0, 12.0 ] },
						"west": { "texture": "#goldenloaf", "uv": [ 4.5, 9.5, 5.5, 10.0 ] },
						"up": { "texture": "#goldenloaf", "uv": [ 5.0, 11.5, 6.0, 12.5 ] },
						"down": { "texture": "#goldenloaf", "uv": [ 3.5, 12.0, 4.5, 13.0 ] }
					}
				},
				{
					"name": "medium",
					"from": [ -1.6, 0.0, -1.8 ], 
					"to": [ 1.4, 1.5, 1.2 ], 
					"rotationOrigin": [ -0.1, 0.0, -0.3 ],
					"rotationY": 55.0,
					"faces": {
						"north": { "texture": "#goldenloaf", "uv": [ 3.5, 3.0, 6.5, 4.5 ] },
						"east": { "texture": "#goldenloaf", "uv": [ 3.0, 4.5, 6.0, 6.0 ] },
						"south": { "texture": "#goldenloaf", "uv": [ 2.5, 2.0, 5.5, 3.5 ] },
						"west": { "texture": "#goldenloaf", "uv": [ 2.5, 2.5, 5.5, 4.0 ] },
						"up": { "texture": "#goldenloaf", "uv": [ 11.5, 0.5, 14.5, 3.5 ] },
						"down": { "texture": "#goldenloaf", "uv": [ 9.5, 11.5, 12.5, 14.5 ] }
					},
					"children": [
						{
							"name": "Cube1",
							"from": [ 0.5, 1.5, 0.5 ], 
							"to": [ 2.5, 2.0, 2.5 ], 
							"rotationOrigin": [ 1.5, 1.5, 1.5 ],
							"faces": {
								"north": { "texture": "#goldenloaf", "uv": [ 3.5, 6.5, 5.5, 7.0 ] },
								"east": { "texture": "#goldenloaf", "uv": [ 2.5, 7.0, 4.5, 7.5 ] },
								"south": { "texture": "#goldenloaf", "uv": [ 2.5, 4.5, 4.5, 5.0 ] },
								"west": { "texture": "#goldenloaf", "uv": [ 1.0, 2.5, 3.0, 3.0 ] },
								"up": { "texture": "#goldenloaf", "uv": [ 3.0, 1.5, 5.0, 3.5 ] },
								"down": { "texture": "#goldenloaf", "uv": [ 0.0, 0.0, 2.0, 2.0 ], "enabled": false }
							}
						}
					]
				},
				{
					"name": "mycelium",
					"from": [ -2.0, 0.1, -2.0 ], 
					"to": [ 2.0, 0.1, 2.0 ], 
					"renderPass": 3,
					"rotationOrigin": [ 0.0, 0.1, 0.0 ],
					"faces": {
						"north": { "texture": "#goldenloaf", "uv": [ 0.0, 0.0, 4.0, 0.5 ], "enabled": false },
						"east": { "texture": "#goldenloaf", "uv": [ 0.0, 0.0, 4.0, 0.5 ], "enabled": false },
						"south": { "texture": "#goldenloaf", "uv": [ 0.0, 0.0, 4.0, 0.5 ], "enabled": false },
						"west": { "texture": "#goldenloaf", "uv": [ 0.0, 0.0, 4.0, 0.5 ], "enabled": false },
						"up": { "texture": "#mycelium2", "uv": [ 6.0, 6.0, 10.0, 10.0 ] },
						"down": { "texture": "#goldenloaf", "uv": [ 0.0, 0.0, 4.0, 4.0 ], "enabled": false }
					}
				}
			]
		}
	]}