{
	"editor": {
		"allAngles": true,
		"entityTextureMode": false
	},
	"textureWidth": 16,
	"textureHeight": 16,
	"textureSizes": {
	},
	"textures": {
		"beardedtooth": "block/plant/mushroom/beardedtooth/beardedtooth"
	},
	"elements": [
		{
			"name": "origin",
			"from": [ 8.0, 0.0, 8.0 ], 
			"to": [ 8.0, 0.0, 8.0 ], 
			"rotationOrigin": [ 8.0, 0.0, 8.0 ],
			"faces": {
				"north": { "texture": "#null", "uv": [ 0.0, 0.0, 0.5, 0.5 ], "enabled": false },
				"east": { "texture": "#null", "uv": [ 0.0, 0.0, 0.5, 0.5 ], "enabled": false },
				"south": { "texture": "#null", "uv": [ 0.0, 0.0, 0.5, 0.5 ], "enabled": false },
				"west": { "texture": "#null", "uv": [ 0.0, 0.0, 0.5, 0.5 ], "enabled": false },
				"up": { "texture": "#null", "uv": [ 0.0, 0.0, 0.5, 0.5 ], "enabled": false },
				"down": { "texture": "#null", "uv": [ 0.0, 0.0, 0.5, 0.5 ], "enabled": false }
			},
			"children": [
				{
					"name": "Main",
					"from": [ -5.0, 4.0, 8.0 ], 
					"to": [ -4.0, 5.0, 9.0 ], 
					"rotationOrigin": [ -5.0, 4.0, 9.0 ],
					"rotationX": -8.0,
					"rotationY": 45.0,
					"rotationZ": -8.0,
					"faces": {
						"north": { "texture": "#beardedtooth", "uv": [ 4.0, 7.5, 5.0, 8.5 ] },
						"east": { "texture": "#beardedtooth", "uv": [ 6.5, 11.5, 7.5, 12.5 ] },
						"south": { "texture": "#beardedtooth", "uv": [ 4.5, 7.0, 5.5, 8.0 ] },
						"west": { "texture": "#beardedtooth", "uv": [ 5.5, 8.5, 6.5, 9.5 ] },
						"up": { "texture": "#beardedtooth", "uv": [ 5.0, 1.0, 6.0, 2.0 ] },
						"down": { "texture": "#beardedtooth", "uv": [ 5.0, 1.0, 6.0, 2.0 ] }
					}
				},
				{
					"name": "att1",
					"from": [ 0.6, 1.4, 7.1 ], 
					"to": [ 1.6, 2.4, 8.1 ], 
					"rotationOrigin": [ 1.0, 1.5, 8.1 ],
					"rotationX": -14.0,
					"rotationZ": 6.0,
					"faces": {
						"north": { "texture": "#beardedtooth", "uv": [ 5.0, 10.5, 6.0, 11.5 ] },
						"east": { "texture": "#beardedtooth", "uv": [ 3.0, 10.5, 4.0, 11.5 ] },
						"south": { "texture": "#beardedtooth", "uv": [ 5.5, 10.5, 6.5, 11.5 ] },
						"west": { "texture": "#beardedtooth", "uv": [ 11.0, 10.5, 12.0, 11.5 ] },
						"up": { "texture": "#beardedtooth", "uv": [ 9.0, 3.5, 10.0, 4.5 ] },
						"down": { "texture": "#beardedtooth", "uv": [ 6.0, 3.0, 7.0, 4.0 ] }
					}
				},
				{
					"name": "att3",
					"from": [ 2.8, 12.5, 7.9 ], 
					"to": [ 3.8, 13.5, 8.9 ], 
					"rotationOrigin": [ 3.3, 12.5, 8.4 ],
					"rotationX": -25.0,
					"rotationY": 89.9,
					"faces": {
						"north": { "texture": "#beardedtooth", "uv": [ 6.0, 12.5, 7.0, 13.5 ] },
						"east": { "texture": "#beardedtooth", "uv": [ 9.5, 10.5, 10.5, 11.5 ] },
						"south": { "texture": "#beardedtooth", "uv": [ 5.0, 10.5, 6.0, 11.5 ] },
						"west": { "texture": "#beardedtooth", "uv": [ 0.0, 0.0, 3.0, 2.0 ], "enabled": false, "autoUv": false },
						"up": { "texture": "#beardedtooth", "uv": [ 7.5, 3.0, 8.5, 4.0 ] },
						"down": { "texture": "#beardedtooth", "uv": [ 8.5, 10.5, 9.5, 11.5 ] }
					}
				},
				{
					"name": "att2",
					"from": [ -2.9, 11.0, 7.9 ], 
					"to": [ -1.9, 12.0, 8.9 ], 
					"rotationOrigin": [ -2.3, 11.0, 8.8 ],
					"rotationX": -13.6,
					"rotationY": 0.2,
					"rotationZ": -5.6,
					"faces": {
						"north": { "texture": "#beardedtooth", "uv": [ 6.5, 6.0, 7.5, 7.0 ] },
						"east": { "texture": "#beardedtooth", "uv": [ 9.5, 12.0, 10.5, 13.0 ] },
						"south": { "texture": "#beardedtooth", "uv": [ 9.5, 15.0, 10.5, 16.0 ] },
						"west": { "texture": "#beardedtooth", "uv": [ 8.5, 12.0, 9.5, 13.0 ] },
						"up": { "texture": "#beardedtooth", "uv": [ 6.0, 5.5, 7.0, 6.5 ] },
						"down": { "texture": "#beardedtooth", "uv": [ 8.5, 3.0, 9.5, 4.0 ] }
					}
				},
				{
					"name": "Main41",
					"from": [ 3.0, 8.0, 8.2 ], 
					"to": [ 4.0, 9.0, 9.2 ], 
					"rotationOrigin": [ 3.0, 8.0, 9.2 ],
					"rotationX": -30.0,
					"rotationY": 45.0,
					"rotationZ": -8.0,
					"faces": {
						"north": { "texture": "#beardedtooth", "uv": [ 4.0, 7.5, 5.0, 8.5 ] },
						"east": { "texture": "#beardedtooth", "uv": [ 6.5, 11.5, 7.5, 12.5 ] },
						"south": { "texture": "#beardedtooth", "uv": [ 4.5, 7.0, 5.5, 8.0 ] },
						"west": { "texture": "#beardedtooth", "uv": [ 5.5, 8.5, 6.5, 9.5 ] },
						"up": { "texture": "#beardedtooth", "uv": [ 5.0, 1.0, 6.0, 2.0 ] },
						"down": { "texture": "#beardedtooth", "uv": [ 5.0, 1.0, 6.0, 2.0 ] }
					}
				}
			]
		}
	]}