{
	"editor": {
		"allAngles": true,
		"entityTextureMode": false
	},
	"textureWidth": 16,
	"textureHeight": 16,
	"textureSizes": {
	},
	"textures": {
		"dwarvesbeard": "block/plant/mushroom/dwarvesbeard/dwarvesbeard",
		"mane": "block/plant/mushroom/dwarvesbeard/mane"
	},
	"elements": [
		{
			"name": "origin",
			"from": [ 8.0, 0.0, 8.0 ],
			"to": [ 8.0, 0.0, 8.0 ],
			"renderPass": 1,
			"rotationOrigin": [ 8.0, 0.0, 8.0 ],
			"faces": {
			},
			"children": [
				{
					"name": "Main",
					"from": [ -1.0, 9.0, 3.5 ],
					"to": [ 5.0, 12.0, 9.5 ],
					"renderPass": 1,
					"rotationOrigin": [ 2.0, 9.0, 6.5 ],
					"rotationX": -8.0,
					"rotationY": 45.0,
					"rotationZ": -8.0,
					"faces": {
						"north": { "texture": "#dwarvesbeard", "uv": [ 4.0, 7.5, 10.0, 10.5 ] },
						"east": { "texture": "#dwarvesbeard", "uv": [ 6.5, 11.5, 12.5, 14.5 ] },
						"south": { "texture": "#dwarvesbeard", "uv": [ 4.5, 7.0, 10.5, 10.0 ] },
						"west": { "texture": "#dwarvesbeard", "uv": [ 5.5, 8.5, 11.5, 11.5 ] },
						"up": { "texture": "#dwarvesbeard", "uv": [ 5.0, 1.0, 11.0, 7.0 ] },
						"down": { "texture": "#dwarvesbeard", "uv": [ 5.0, 1.0, 11.0, 7.0 ] }
					},
					"children": [
						{
							"name": "top",
							"from": [ 0.5, 3.0, 0.5 ],
							"to": [ 5.5, 4.0, 5.5 ],
							"renderPass": 1,
							"rotationOrigin": [ 3.0, 3.0, 3.0 ],
							"faces": {
								"north": { "texture": "#dwarvesbeard", "uv": [ 5.5, 8.5, 10.5, 9.5 ] },
								"east": { "texture": "#dwarvesbeard", "uv": [ 8.0, 9.0, 13.0, 10.0 ] },
								"south": { "texture": "#dwarvesbeard", "uv": [ 9.0, 14.5, 14.0, 15.5 ] },
								"west": { "texture": "#dwarvesbeard", "uv": [ 6.0, 11.0, 11.0, 12.0 ] },
								"up": { "texture": "#dwarvesbeard", "uv": [ 5.5, 1.0, 10.5, 6.0 ] }
							},
							"children": [
								{
									"name": "tw",
									"from": [ 0.0, -1.0, 0.0 ],
									"to": [ 0.0, 1.0, 5.0 ],
									"renderPass": 1,
									"rotationOrigin": [ 0.0, 1.0, 2.5 ],
									"rotationZ": -47.0,
									"faces": {
										"west": { "texture": "#mane", "uv": [ 10.0, 6.5, 15.0, 8.5 ] }
									}
								},
								{
									"name": "ts",
									"from": [ 0.0, -1.0, 0.0 ],
									"to": [ 5.0, 1.0, 0.0 ],
									"renderPass": 1,
									"rotationOrigin": [ 2.5, 1.0, 0.0 ],
									"rotationX": 28.0,
									"faces": {
										"north": { "texture": "#mane", "uv": [ 11.0, 6.5, 16.0, 8.5 ], "windMode": [-1,-1,-1,-1] }
									}
								},
								{
									"name": "te",
									"from": [ 5.0, -1.0, 0.0 ],
									"to": [ 5.0, 1.0, 5.0 ],
									"renderPass": 1,
									"rotationOrigin": [ 5.0, 1.0, 2.5 ],
									"rotationZ": 36.0,
									"faces": {
										"east": { "texture": "#mane", "uv": [ 7.5, 6.5, 12.5, 8.5 ] }
									}
								},
								{
									"name": "tn",
									"from": [ 0.0, -1.0, 5.0 ],
									"to": [ 5.0, 1.0, 5.0 ],
									"renderPass": 1,
									"rotationOrigin": [ 2.5, 1.0, 5.0 ],
									"rotationX": -33.0,
									"faces": {
										"south": { "texture": "#mane", "uv": [ 11.0, 7.0, 16.0, 9.0 ] }
									}
								}
							]
						},
						{
							"name": "w1",
							"from": [ 0.0, -1.0, 0.0 ],
							"to": [ 0.0, 1.0, 6.0 ],
							"renderPass": 1,
							"rotationOrigin": [ 0.0, 1.0, 3.0 ],
							"rotationZ": -22.5,
							"faces": {
								"west": { "texture": "#mane", "uv": [ 8.5, 6.5, 14.5, 8.5 ] }
							}
						},
						{
							"name": "w2",
							"from": [ 0.0, -1.0, 0.0 ],
							"to": [ 0.0, 2.0, 6.0 ],
							"renderPass": 1,
							"rotationOrigin": [ 0.0, 2.0, 3.0 ],
							"rotationZ": -22.5,
							"faces": {
								"west": { "texture": "#mane", "uv": [ 3.0, 6.0, 9.0, 9.0 ] }
							}
						},
						{
							"name": "w3",
							"from": [ 0.0, 1.0, 0.0 ],
							"to": [ 0.0, 3.0, 6.0 ],
							"renderPass": 1,
							"rotationOrigin": [ 0.0, 3.0, 3.0 ],
							"rotationZ": -30.0,
							"faces": {
								"west": { "texture": "#mane", "uv": [ 3.5, 6.5, 9.5, 8.5 ] }
							}
						},
						{
							"name": "e1",
							"from": [ 6.0, -1.0, 0.0 ],
							"to": [ 6.0, 1.0, 6.0 ],
							"renderPass": 1,
							"rotationOrigin": [ 6.0, 1.0, 3.0 ],
							"rotationZ": 22.5,
							"faces": {
								"east": { "texture": "#mane", "uv": [ 5.5, 6.0, 11.5, 8.0 ] }
							}
						},
						{
							"name": "e2",
							"from": [ 6.0, -1.0, 0.0 ],
							"to": [ 6.0, 2.0, 6.0 ],
							"renderPass": 1,
							"rotationOrigin": [ 6.0, 2.0, 3.0 ],
							"rotationZ": 25.0,
							"faces": {
								"east": { "texture": "#mane", "uv": [ 7.0, 5.5, 13.0, 8.5 ] }
							}
						},
						{
							"name": "e3",
							"from": [ 6.0, 1.0, 0.0 ],
							"to": [ 6.0, 3.0, 6.0 ],
							"renderPass": 1,
							"rotationOrigin": [ 6.0, 3.0, 3.0 ],
							"rotationZ": 22.0,
							"faces": {
								"east": { "texture": "#mane", "uv": [ 5.0, 6.5, 11.0, 8.5 ] }
							}
						},
						{
							"name": "n1",
							"from": [ 0.0, -1.0, 0.0 ],
							"to": [ 6.0, 1.0, 0.0 ],
							"renderPass": 1,
							"rotationOrigin": [ 3.0, 1.0, 0.0 ],
							"rotationX": 28.0,
							"faces": {
								"north": { "texture": "#mane", "uv": [ 9.0, 6.5, 15.0, 8.5 ] }
							}
						},
						{
							"name": "n2",
							"from": [ 0.0, -1.0, 0.0 ],
							"to": [ 6.0, 2.0, 0.0 ],
							"renderPass": 1,
							"rotationOrigin": [ 3.0, 2.0, 0.0 ],
							"rotationX": 28.0,
							"faces": {
								"north": { "texture": "#mane", "uv": [ 1.0, 6.0, 7.0, 9.0 ] }
							}
						},
						{
							"name": "n3",
							"from": [ 0.0, 1.0, 0.0 ],
							"to": [ 6.0, 3.0, 0.0 ],
							"renderPass": 1,
							"rotationOrigin": [ 3.0, 3.0, 0.0 ],
							"rotationX": 28.0,
							"faces": {
								"north": { "texture": "#mane", "uv": [ 5.0, 6.5, 11.0, 8.5 ] }
							}
						},
						{
							"name": "s3",
							"from": [ 0.0, 1.0, 6.0 ],
							"to": [ 6.0, 3.0, 6.0 ],
							"renderPass": 1,
							"rotationOrigin": [ 3.0, 3.0, 6.0 ],
							"rotationX": -47.0,
							"faces": {
								"south": { "texture": "#mane", "uv": [ 5.0, 6.0, 11.0, 8.0 ] }
							}
						},
						{
							"name": "s2",
							"from": [ 0.0, -1.0, 6.0 ],
							"to": [ 6.0, 2.0, 6.0 ],
							"renderPass": 1,
							"rotationOrigin": [ 3.0, 2.0, 6.0 ],
							"rotationX": -36.0,
							"faces": {
								"south": { "texture": "#mane", "uv": [ 3.5, 5.5, 9.5, 8.5 ] }
							}
						},
						{
							"name": "s1",
							"from": [ 0.0, -1.0, 6.0 ],
							"to": [ 6.0, 1.0, 6.0 ],
							"renderPass": 1,
							"rotationOrigin": [ 3.0, 1.0, 6.0 ],
							"rotationX": -9.0,
							"faces": {
								"south": { "texture": "#mane", "uv": [ 1.5, 5.5, 7.5, 7.5 ] }
							}
						}
					]
				},
				{
					"name": "att1",
					"from": [ -7.1, 5.4, 5.1 ],
					"to": [ -4.1, 7.4, 8.1 ],
					"renderPass": 1,
					"rotationOrigin": [ -5.6, 5.5, 6.6 ],
					"faces": {
						"north": { "texture": "#dwarvesbeard", "uv": [ 5.0, 10.5, 8.0, 12.5 ] },
						"east": { "texture": "#dwarvesbeard", "uv": [ 3.0, 10.5, 6.0, 12.5 ] },
						"south": { "texture": "#dwarvesbeard", "uv": [ 5.5, 10.5, 8.5, 12.5 ] },
						"west": { "texture": "#dwarvesbeard", "uv": [ 11.0, 10.5, 14.0, 12.5 ] },
						"up": { "texture": "#dwarvesbeard", "uv": [ 9.0, 3.5, 12.0, 6.5 ] },
						"down": { "texture": "#dwarvesbeard", "uv": [ 6.0, 3.0, 9.0, 6.0 ] }
					},
					"children": [
						{
							"name": "1s1",
							"from": [ 0.0, -1.0, 0.0 ],
							"to": [ 0.0, 1.0, 3.0 ],
							"renderPass": 1,
							"rotationOrigin": [ 0.0, 1.0, 1.5 ],
							"rotationZ": -44.0,
							"faces": {
								"west": { "texture": "#mane", "uv": [ 11.0, 6.5, 14.0, 8.5 ], "windMode": [-1,-1,-1,-1] }
							}
						},
						{
							"name": "1s2",
							"from": [ 0.0, 0.0, 0.0 ],
							"to": [ 0.0, 2.0, 3.0 ],
							"renderPass": 1,
							"rotationOrigin": [ 0.0, 2.0, 1.5 ],
							"rotationZ": -30.0,
							"faces": {
								"west": { "texture": "#mane", "uv": [ 7.0, 6.5, 10.0, 8.5 ], "windMode": [-1,-1,-1,-1] }
							}
						},
						{
							"name": "1n1",
							"from": [ 3.0, -1.0, 0.0 ],
							"to": [ 3.0, 1.0, 3.0 ],
							"renderPass": 1,
							"rotationOrigin": [ 3.0, 1.0, 1.5 ],
							"rotationZ": 22.0,
							"faces": {
								"east": { "texture": "#mane", "uv": [ 11.0, 6.5, 14.0, 8.5 ] }
							}
						},
						{
							"name": "1n2",
							"from": [ 3.0, 0.0, 0.0 ],
							"to": [ 3.0, 2.0, 3.0 ],
							"renderPass": 1,
							"rotationOrigin": [ 3.0, 2.0, 1.5 ],
							"rotationZ": 17.0,
							"faces": {
								"east": { "texture": "#mane", "uv": [ 7.0, 6.5, 10.0, 8.5 ] }
							}
						},
						{
							"name": "1w1",
							"from": [ 0.0, -1.0, 0.0 ],
							"to": [ 3.0, 1.0, 0.0 ],
							"renderPass": 1,
							"rotationOrigin": [ 1.5, 1.0, 0.0 ],
							"rotationX": 30.0,
							"faces": {
								"north": { "texture": "#mane", "uv": [ 6.5, 6.5, 9.5, 8.5 ], "windMode": [-1,-1,-1,-1] }
							}
						},
						{
							"name": "1w2",
							"from": [ 0.0, 0.0, 0.0 ],
							"to": [ 3.0, 2.0, 0.0 ],
							"renderPass": 1,
							"rotationOrigin": [ 1.5, 2.0, 0.0 ],
							"rotationX": 30.0,
							"faces": {
								"north": { "texture": "#mane", "uv": [ 2.5, 6.5, 5.5, 8.5 ], "windMode": [-1,-1,-1,-1] }
							}
						}
					]
				},
				{
					"name": "att3",
					"from": [ -0.2, 4.5, 5.1 ],
					"to": [ 2.8, 6.5, 8.1 ],
					"renderPass": 1,
					"rotationOrigin": [ 1.3, 4.5, 6.6 ],
					"rotationY": 89.9,
					"faces": {
						"north": { "texture": "#dwarvesbeard", "uv": [ 6.0, 12.5, 9.0, 14.5 ] },
						"east": { "texture": "#dwarvesbeard", "uv": [ 9.5, 10.5, 12.5, 12.5 ] },
						"south": { "texture": "#dwarvesbeard", "uv": [ 5.0, 10.5, 8.0, 12.5 ] },
						"up": { "texture": "#dwarvesbeard", "uv": [ 7.5, 3.0, 10.5, 6.0 ] },
						"down": { "texture": "#dwarvesbeard", "uv": [ 8.5, 10.5, 11.5, 13.5 ] }
					},
					"children": [
						{
							"name": "2e1",
							"from": [ 3.0, -1.5, 0.0 ],
							"to": [ 3.0, 0.0, 3.0 ],
							"renderPass": 1,
							"rotationOrigin": [ 3.0, 0.0, 1.5 ],
							"rotationZ": 19.0,
							"faces": {
								"east": { "texture": "#mane", "uv": [ 12.5, 7.0, 15.5, 8.5 ] }
							}
						},
						{
							"name": "2e2",
							"from": [ 3.0, -0.5, 0.0 ],
							"to": [ 3.0, 1.0, 3.0 ],
							"renderPass": 1,
							"rotationOrigin": [ 3.0, 1.0, 1.5 ],
							"rotationZ": 19.0,
							"faces": {
								"east": { "texture": "#mane", "uv": [ 3.0, 6.0, 6.0, 7.5 ] }
							}
						},
						{
							"name": "2e3",
							"from": [ 3.0, 0.5, 0.0 ],
							"to": [ 3.0, 2.0, 3.0 ],
							"renderPass": 1,
							"rotationOrigin": [ 3.0, 2.0, 1.5 ],
							"rotationZ": 19.0,
							"faces": {
								"east": { "texture": "#mane", "uv": [ 8.5, 6.5, 11.5, 8.0 ] }
							}
						},
						{
							"name": "2n1",
							"from": [ 0.0, -1.5, 0.0 ],
							"to": [ 3.0, 0.0, 0.0 ],
							"renderPass": 1,
							"rotationOrigin": [ 1.5, 0.0, 0.0 ],
							"rotationX": 28.0,
							"faces": {
								"north": { "texture": "#mane", "uv": [ 12.5, 6.5, 15.5, 8.0 ] }
							}
						},
						{
							"name": "2n2",
							"from": [ 0.0, -0.5, 0.0 ],
							"to": [ 3.0, 1.0, 0.0 ],
							"renderPass": 1,
							"rotationOrigin": [ 1.5, 1.0, 0.0 ],
							"rotationX": 28.0,
							"faces": {
								"north": { "texture": "#mane", "uv": [ 1.0, 7.5, 4.0, 9.0 ] }
							}
						},
						{
							"name": "2n3",
							"from": [ 0.0, 0.5, 0.0 ],
							"to": [ 3.0, 2.0, 0.0 ],
							"renderPass": 1,
							"rotationOrigin": [ 1.5, 2.0, 0.0 ],
							"rotationX": 28.0,
							"faces": {
								"north": { "texture": "#mane", "uv": [ 9.0, 7.5, 12.0, 9.0 ] }
							}
						},
						{
							"name": "2s1",
							"from": [ 0.0, -1.5, 3.0 ],
							"to": [ 3.0, 0.0, 3.0 ],
							"renderPass": 1,
							"rotationOrigin": [ 1.5, 0.0, 3.0 ],
							"rotationX": -19.0,
							"faces": {
								"south": { "texture": "#mane", "uv": [ 10.0, 6.5, 13.0, 8.0 ] }
							}
						},
						{
							"name": "2s2",
							"from": [ 0.0, -0.5, 3.0 ],
							"to": [ 3.0, 1.0, 3.0 ],
							"renderPass": 1,
							"rotationOrigin": [ 1.5, 1.0, 3.0 ],
							"rotationX": -33.0,
							"faces": {
								"south": { "texture": "#mane", "uv": [ 3.0, 6.5, 6.0, 8.0 ] }
							}
						},
						{
							"name": "2s3",
							"from": [ 0.0, 0.5, 3.0 ],
							"to": [ 3.0, 2.0, 3.0 ],
							"renderPass": 1,
							"rotationOrigin": [ 1.5, 2.0, 3.0 ],
							"rotationX": -42.0,
							"faces": {
								"south": { "texture": "#mane", "uv": [ 0.5, 6.5, 3.5, 8.0 ] }
							}
						}
					]
				}
			]
		}
	]}