{
	"editor": {
		"backDropShape": "D:/Vintagestory/assets/game/shapes/entity/humanoid/seraph-hairless",
		"allAngles": false,
		"entityTextureMode": false
	},
	"textureWidth": 16,
	"textureHeight": 16,
	"textureSizes": {
	},
	"textures": {
		"null": "item/badges/gold4",
	},
	"elements": [
		{
			"name": "Cube2",
			"stepParentName": "UpperTorso",
			"from": [ -0.1, 2.0, 4.3 ],
			"to": [ 0.0, 3.2, 5.5 ],
			"rotationOrigin": [ -0.1, 2.0, 3.9 ],
			"faces": {
				"north": { "texture": "#null", "uv": [ 2.0, 2.0, 0.25, 3.0 ], "autoUv": false },
				"east": { "texture": "#null", "uv": [ 0.0, 0.0, 1.0, 1.0 ] },
				"south": { "texture": "#null", "uv": [ 0.0, 0.0, 0.5, 1.0 ] },
				"west": { "texture": "#null", "uv": [ 2.0, 2.0, 14.0, 14.0 ], "autoUv": false, "windMode": [-1,-1,-1,-1] },
				"up": { "texture": "#null", "uv": [ 0.0, 3.0, 0.5, 4.0 ] },
				"down": { "texture": "#null", "uv": [ 0.0, 0.0, 0.5, 1.0 ] }
			},
			"children": [
				{
					"name": "Cube3",
					"from": [ 0.0, 1.2, 0.0 ],
					"to": [ 0.1, 1.4, 1.2 ],
					"rotationOrigin": [ 0.0, 1.2, -0.45 ],
					"faces": {
						"north": { "texture": "#null", "uv": [ 1.0, 2.0, 0.0, 3.0 ], "autoUv": false },
						"east": { "texture": "#null", "uv": [ 0.0, 0.0, 1.0, 1.0 ] },
						"south": { "texture": "#null", "uv": [ 0.0, 0.0, 1.0, 1.0 ] },
						"west": { "texture": "#null", "uv": [ 2.0, 0.0, 14.0, 2.0 ], "autoUv": false, "windMode": [-1,-1,-1,-1] },
						"up": { "texture": "#null", "uv": [ 0.0, 3.0, 1.0, 4.0 ] },
						"down": { "texture": "#null", "uv": [ 0.0, 0.0, 1.0, 1.0 ] }
					}
				},
				{
					"name": "Cube4",
					"from": [ 0.0, -0.1, 0.0 ],
					"to": [ 0.1, 0.0, 1.2 ],
					"rotationOrigin": [ 0.0, -0.1, -0.45 ],
					"faces": {
						"north": { "texture": "#null", "uv": [ 0.0, 2.0, 1.0, 3.0 ], "autoUv": false },
						"east": { "texture": "#null", "uv": [ 0.0, 0.0, 1.0, 1.0 ] },
						"south": { "texture": "#null", "uv": [ 0.0, 0.0, 1.0, 1.0 ] },
						"west": { "texture": "#null", "uv": [ 2.0, 14.0, 14.0, 15.0 ], "autoUv": false, "windMode": [-1,-1,-1,-1] },
						"up": { "texture": "#null", "uv": [ 0.0, 3.0, 1.0, 4.0 ] },
						"down": { "texture": "#null", "uv": [ 0.0, 0.0, 1.0, 1.0 ] }
					}
				},
				{
					"name": "Cube5",
					"from": [ 0.0, -0.2, 0.0 ],
					"to": [ 0.1, -0.1, 1.2 ],
					"rotationOrigin": [ 0.0, -0.2, -0.45 ],
					"faces": {
						"north": { "texture": "#null", "uv": [ 1.0, 2.0, 0.0, 3.0 ], "autoUv": false, "windMode": [-1,-1,-1,-1], "windData": [1,1,1,1] },
						"east": { "texture": "#null", "uv": [ 0.0, 0.0, 1.0, 1.0 ] },
						"south": { "texture": "#null", "uv": [ 0.0, 0.0, 1.0, 1.0 ] },
						"west": { "texture": "#null", "uv": [ 2.0, 15.0, 14.0, 16.0 ], "autoUv": false, "windMode": [-1,-1,-1,-1] },
						"up": { "texture": "#null", "uv": [ 0.0, 3.0, 1.0, 4.0 ] },
						"down": { "texture": "#null", "uv": [ 0.0, 0.0, 1.0, 1.0 ] }
					}
				},
				{
					"name": "Cube6",
					"from": [ 0.0, 0.0, -0.2 ],
					"to": [ 0.1, 1.2, 0.0 ],
					"rotationOrigin": [ 0.0, 0.0, -0.65 ],
					"faces": {
						"north": { "texture": "#null", "uv": [ 1.0, 2.0, 0.0, 3.0 ], "autoUv": false, "windMode": [-1,-1,-1,-1], "windData": [1,1,1,1] },
						"east": { "texture": "#null", "uv": [ 0.0, 0.0, 1.0, 1.0 ] },
						"south": { "texture": "#null", "uv": [ 0.0, 0.0, 1.0, 1.0 ] },
						"west": { "texture": "#null", "uv": [ 0.0, 3.0, 2.0, 5.0 ], "autoUv": false, "windMode": [-1,-1,-1,-1] },
						"up": { "texture": "#null", "uv": [ 0.0, 3.0, 1.0, 4.0 ] },
						"down": { "texture": "#null", "uv": [ 0.0, 0.0, 1.0, 1.0 ] }
					}
				},
				{
					"name": "Cube7",
					"from": [ 0.0, 0.0, 1.2 ],
					"to": [ 0.1, 0.1, 1.4 ],
					"rotationOrigin": [ 0.0, 0.0, 0.75 ],
					"faces": {
						"north": { "texture": "#null", "uv": [ 1.0, 2.0, 0.0, 3.0 ], "autoUv": false, "windMode": [-1,-1,-1,-1], "windData": [1,1,1,1] },
						"east": { "texture": "#null", "uv": [ 0.0, 0.0, 1.0, 1.0 ] },
						"south": { "texture": "#null", "uv": [ 0.0, 0.0, 1.0, 1.0 ] },
						"west": { "texture": "#null", "uv": [ 14.0, 13.0, 16.0, 14.0 ], "autoUv": false, "windMode": [-1,-1,-1,-1] },
						"up": { "texture": "#null", "uv": [ 0.0, 3.0, 1.0, 4.0 ] },
						"down": { "texture": "#null", "uv": [ 0.0, 0.0, 1.0, 1.0 ] }
					}
				},
				{
					"name": "Cube8",
					"from": [ 0.0, 1.2, 1.2 ],
					"to": [ 0.1, 1.4, 1.4 ],
					"rotationOrigin": [ 0.0, 1.2, 0.75 ],
					"faces": {
						"north": { "texture": "#null", "uv": [ 1.0, 2.0, 0.0, 3.0 ], "autoUv": false, "windMode": [-1,-1,-1,-1], "windData": [1,1,1,1] },
						"east": { "texture": "#null", "uv": [ 0.0, 0.0, 1.0, 1.0 ] },
						"south": { "texture": "#null", "uv": [ 0.0, 0.0, 1.0, 1.0 ] },
						"west": { "texture": "#null", "uv": [ 14.0, 0.0, 16.0, 2.0 ], "autoUv": false, "windMode": [-1,-1,-1,-1] },
						"up": { "texture": "#null", "uv": [ 0.0, 3.0, 1.0, 4.0 ] },
						"down": { "texture": "#null", "uv": [ 0.0, 0.0, 1.0, 1.0 ] }
					}
				},
				{
					"name": "Cube9",
					"from": [ 0.0, 1.2, -0.2 ],
					"to": [ 0.1, 1.4, 0.0 ],
					"rotationOrigin": [ 0.0, 1.2, -0.65 ],
					"faces": {
						"north": { "texture": "#null", "uv": [ 1.0, 0.0, 0.0, 1.0 ], "autoUv": false, "windMode": [-1,-1,-1,-1], "windData": [1,1,1,1] },
						"east": { "texture": "#null", "uv": [ 0.0, 0.0, 1.0, 1.0 ] },
						"south": { "texture": "#null", "uv": [ 0.0, 0.0, 1.0, 1.0 ] },
						"west": { "texture": "#null", "uv": [ 0.0, 0.0, 2.0, 2.0 ], "autoUv": false, "windMode": [-1,-1,-1,-1] },
						"up": { "texture": "#null", "uv": [ 0.0, 3.0, 1.0, 4.0 ] },
						"down": { "texture": "#null", "uv": [ 0.0, 0.0, 1.0, 1.0 ] }
					}
				},
				{
					"name": "Cube10",
					"from": [ 0.0, -0.1, 1.2 ],
					"to": [ 0.1, 0.0, 1.3 ],
					"rotationOrigin": [ 0.0, -0.1, 0.75 ],
					"faces": {
						"north": { "texture": "#null", "uv": [ 1.0, 0.0, 0.0, 1.0 ], "autoUv": false, "windMode": [-1,-1,-1,-1], "windData": [1,1,1,1] },
						"east": { "texture": "#null", "uv": [ 0.0, 0.0, 1.0, 1.0 ] },
						"south": { "texture": "#null", "uv": [ 0.0, 0.0, 1.0, 1.0 ] },
						"west": { "texture": "#null", "uv": [ 14.0, 14.0, 15.0, 15.0 ], "autoUv": false, "windMode": [-1,-1,-1,-1] },
						"up": { "texture": "#null", "uv": [ 0.0, 3.0, 1.0, 4.0 ] },
						"down": { "texture": "#null", "uv": [ 0.0, 0.0, 1.0, 1.0 ] }
					}
				},
				{
					"name": "Cube11",
					"from": [ 0.0, -0.1, -0.1 ],
					"to": [ 0.1, 0.0, 0.0 ],
					"rotationOrigin": [ 0.0, -0.1, -0.55 ],
					"faces": {
						"north": { "texture": "#null", "uv": [ 1.0, 0.0, 0.0, 1.0 ], "autoUv": false, "windMode": [-1,-1,-1,-1], "windData": [1,1,1,1] },
						"east": { "texture": "#null", "uv": [ 0.0, 0.0, 1.0, 1.0 ] },
						"south": { "texture": "#null", "uv": [ 0.0, 0.0, 1.0, 1.0 ] },
						"west": { "texture": "#null", "uv": [ 1.0, 14.0, 2.0, 15.0 ], "autoUv": false, "windMode": [-1,-1,-1,-1] },
						"up": { "texture": "#null", "uv": [ 0.0, 3.0, 1.0, 4.0 ] },
						"down": { "texture": "#null", "uv": [ 0.0, 0.0, 1.0, 1.0 ] }
					}
				},
				{
					"name": "Cube12",
					"from": [ 0.0, 1.0, 1.2 ],
					"to": [ 0.1, 1.2, 1.3 ],
					"rotationOrigin": [ 0.0, 1.0, 0.75 ],
					"faces": {
						"north": { "texture": "#null", "uv": [ 1.0, 2.0, 0.0, 3.0 ], "autoUv": false, "windMode": [-1,-1,-1,-1], "windData": [1,1,1,1] },
						"east": { "texture": "#null", "uv": [ 0.0, 0.0, 1.0, 1.0 ] },
						"south": { "texture": "#null", "uv": [ 0.0, 0.0, 1.0, 1.0 ] },
						"west": { "texture": "#null", "uv": [ 14.0, 2.0, 15.0, 4.0 ], "autoUv": false, "windMode": [-1,-1,-1,-1] },
						"up": { "texture": "#null", "uv": [ 0.0, 3.0, 1.0, 4.0 ] },
						"down": { "texture": "#null", "uv": [ 0.0, 0.0, 1.0, 1.0 ] }
					}
				},
				{
					"name": "Cube13",
					"from": [ 0.0, 0.7, 1.2 ],
					"to": [ 0.1, 0.9, 1.3 ],
					"rotationOrigin": [ 0.0, 0.7, 0.75 ],
					"faces": {
						"north": { "texture": "#null", "uv": [ 1.0, 2.0, 0.0, 3.0 ], "autoUv": false, "windMode": [-1,-1,-1,-1], "windData": [1,1,1,1] },
						"east": { "texture": "#null", "uv": [ 0.0, 0.0, 1.0, 1.0 ] },
						"south": { "texture": "#null", "uv": [ 0.0, 0.0, 1.0, 1.0 ] },
						"west": { "texture": "#null", "uv": [ 14.0, 2.0, 15.0, 4.0 ], "autoUv": false, "windMode": [-1,-1,-1,-1] },
						"up": { "texture": "#null", "uv": [ 0.0, 3.0, 1.0, 4.0 ] },
						"down": { "texture": "#null", "uv": [ 0.0, 0.0, 1.0, 1.0 ] }
					}
				},
				{
					"name": "Cube14",
					"from": [ 0.0, 0.9, 1.2 ],
					"to": [ 0.1, 1.0, 1.4 ],
					"rotationOrigin": [ 0.0, 0.9, 0.75 ],
					"faces": {
						"north": { "texture": "#null", "uv": [ 1.0, 2.0, 0.0, 3.0 ], "autoUv": false, "windMode": [-1,-1,-1,-1], "windData": [1,1,1,1] },
						"east": { "texture": "#null", "uv": [ 0.0, 0.0, 1.0, 1.0 ] },
						"south": { "texture": "#null", "uv": [ 0.0, 0.0, 1.0, 1.0 ] },
						"west": { "texture": "#null", "uv": [ 14.0, 4.0, 16.0, 5.0 ], "autoUv": false, "windMode": [-1,-1,-1,-1] },
						"up": { "texture": "#null", "uv": [ 0.0, 3.0, 1.0, 4.0 ] },
						"down": { "texture": "#null", "uv": [ 0.0, 0.0, 1.0, 1.0 ] }
					}
				},
				{
					"name": "Cube15",
					"from": [ 0.0, 0.4, 1.2 ],
					"to": [ 0.1, 0.6, 1.3 ],
					"rotationOrigin": [ 0.0, 0.4, 0.75 ],
					"faces": {
						"north": { "texture": "#null", "uv": [ 1.0, 2.0, 0.0, 3.0 ], "autoUv": false, "windMode": [-1,-1,-1,-1], "windData": [1,1,1,1] },
						"east": { "texture": "#null", "uv": [ 0.0, 0.0, 1.0, 1.0 ] },
						"south": { "texture": "#null", "uv": [ 0.0, 0.0, 1.0, 1.0 ] },
						"west": { "texture": "#null", "uv": [ 14.0, 2.0, 15.0, 4.0 ], "autoUv": false, "windMode": [-1,-1,-1,-1] },
						"up": { "texture": "#null", "uv": [ 0.0, 3.0, 1.0, 4.0 ] },
						"down": { "texture": "#null", "uv": [ 0.0, 0.0, 1.0, 1.0 ] }
					}
				},
				{
					"name": "Cube16",
					"from": [ 0.0, 0.1, 1.2 ],
					"to": [ 0.1, 0.3, 1.3 ],
					"rotationOrigin": [ 0.0, 0.1, 0.75 ],
					"faces": {
						"north": { "texture": "#null", "uv": [ 1.0, 2.0, 0.0, 3.0 ], "autoUv": false, "windMode": [-1,-1,-1,-1], "windData": [1,1,1,1] },
						"east": { "texture": "#null", "uv": [ 0.0, 0.0, 1.0, 1.0 ] },
						"south": { "texture": "#null", "uv": [ 0.0, 0.0, 1.0, 1.0 ] },
						"west": { "texture": "#null", "uv": [ 14.0, 2.0, 15.0, 4.0 ], "autoUv": false, "windMode": [-1,-1,-1,-1] },
						"up": { "texture": "#null", "uv": [ 0.0, 3.0, 1.0, 4.0 ] },
						"down": { "texture": "#null", "uv": [ 0.0, 0.0, 1.0, 1.0 ] }
					}
				},
				{
					"name": "Cube17",
					"from": [ 0.0, 0.6, 1.2 ],
					"to": [ 0.1, 0.7, 1.4 ],
					"rotationOrigin": [ 0.0, 0.6, 0.75 ],
					"faces": {
						"north": { "texture": "#null", "uv": [ 1.0, 2.0, 0.0, 3.0 ], "autoUv": false, "windMode": [-1,-1,-1,-1], "windData": [1,1,1,1] },
						"east": { "texture": "#null", "uv": [ 0.0, 0.0, 1.0, 1.0 ] },
						"south": { "texture": "#null", "uv": [ 0.0, 0.0, 1.0, 1.0 ] },
						"west": { "texture": "#null", "uv": [ 14.0, 4.0, 16.0, 5.0 ], "autoUv": false, "windMode": [-1,-1,-1,-1] },
						"up": { "texture": "#null", "uv": [ 0.0, 3.0, 1.0, 4.0 ] },
						"down": { "texture": "#null", "uv": [ 0.0, 0.0, 1.0, 1.0 ] }
					}
				},
				{
					"name": "Cube18",
					"from": [ 0.0, 0.3, 1.2 ],
					"to": [ 0.1, 0.4, 1.4 ],
					"rotationOrigin": [ 0.0, 0.3, 0.75 ],
					"faces": {
						"north": { "texture": "#null", "uv": [ 1.0, 2.0, 0.0, 3.0 ], "autoUv": false, "windMode": [-1,-1,-1,-1], "windData": [1,1,1,1] },
						"east": { "texture": "#null", "uv": [ 0.0, 0.0, 1.0, 1.0 ] },
						"south": { "texture": "#null", "uv": [ 0.0, 0.0, 1.0, 1.0 ] },
						"west": { "texture": "#null", "uv": [ 14.0, 4.0, 16.0, 5.0 ], "autoUv": false, "windMode": [-1,-1,-1,-1] },
						"up": { "texture": "#null", "uv": [ 0.0, 3.0, 1.0, 4.0 ] },
						"down": { "texture": "#null", "uv": [ 0.0, 0.0, 1.0, 1.0 ] }
					}
				}
			]
		}
	]}