{
  "code": "clothes",
  "class": "ItemWearable",
  "variantgroups": [
    {
      "code": "category",
      "states": [
        "emblem"
      ]
    },
    {
      "code": "emblem",
      "combine": "SelectiveMultiply",
      "onVariant": "category",
      "states": [
        "khazaddum-genkill0",
        "khazaddum-genkill1",
        "khazaddum-genkill2",
        "khazaddum-genkill3",
        "khazaddum-genkill4",
        "khazaddum-playerkill0",
        "khazaddum-playerkill1",
        "khazaddum-playerkill2",
        "khazaddum-playerkill3",
        "khazaddum-playerkill4",
        "khazaddum-gold0",
        "khazaddum-gold1",
        "khazaddum-gold2",
        "khazaddum-gold3",
        "khazaddum-gold4",
        "khazaddum-quest0",
        "khazaddum-quest1",
        "khazaddum-quest2",
        "khazaddum-quest3",
        "khazaddum-quest4",
        "khazaddum-wanted0",
        "khazaddum-wanted1",
        "khazaddum-wanted2",
        "khazaddum-wanted3",
        "khazaddum-wanted4",
        "khazaddum-bountyhunter",
        "khazaddum-builder",
        "khazaddum-defeat",
        "khazaddum-defence",
        "khazaddum-guard",
        "khazaddum-logo",
        "khazaddum-settlement",
        "khazaddum-tavern",
        "khazaddum-first",
      ]
    }
  ],
  "storageFlags": 128,
  "attributes": {
    "clothescategory": "emblem",
    "wearableAttachment": true,
    "warmth": 0
  },
  "shapeByType": {
    "*-genkill0": {
      "base": "clothes/genkill0"
    },
    "*-genkill1": {
      "base": "clothes/genkill1"
    },
    "*-genkill2": {
      "base": "clothes/genkill2"
    },
    "*-genkill3": {
      "base": "clothes/genkill3"
    },
    "*-genkill4": {
      "base": "clothes/genkill4"
    },
    "*-playerkill0": {
      "base": "clothes/playerkill0"
    },
    "*-playerkill1": {
      "base": "clothes/playerkill1"
    },
    "*-playerkill2": {
      "base": "clothes/playerkill2"
    },
    "*-playerkill3": {
      "base": "clothes/playerkill3"
    },
    "*-playerkill4": {
      "base": "clothes/playerkill4"
    },
    "*-gold0": {
      "base": "clothes/gold0"
    },
    "*-gold1": {
      "base": "clothes/gold1"
    },
    "*-gold2": {
      "base": "clothes/gold2"
    },
    "*-gold3": {
      "base": "clothes/gold3"
    },
    "*-gold4": {
      "base": "clothes/gold4"
    },
    "*-quest0": {
      "base": "clothes/quest0"
    },
    "*-quest1": {
      "base": "clothes/quest1"
    },
    "*-quest2": {
      "base": "clothes/quest2"
    },
    "*-quest3": {
      "base": "clothes/quest3"
    },
    "*-quest4": {
      "base": "clothes/quest4"
    },
    "*-wanted0": {
      "base": "clothes/wanted0"
    },
    "*-wanted1": {
      "base": "clothes/wanted1"
    },
    "*-wanted2": {
      "base": "clothes/wanted2"
    },
    "*-wanted3": {
      "base": "clothes/wanted3"
    },
    "*-wanted4": {
      "base": "clothes/wanted4"
    },
    "*-bountyhunter": {
      "base": "clothes/bountyhunter"
    },
    "*-builder": {
      "base": "clothes/builder"
    },
    "*-defeat": {
      "base": "clothes/defeat"
    },
    "*-defence": {
      "base": "clothes/defence"
    },
    "*-guard": {
      "base": "clothes/guard"
    },
    "*-logo": {
      "base": "clothes/logo"
    },
    "*-settlement": {
      "base": "clothes/settlement"
    },
    "*-tavern": {
      "base": "clothes/tavern"
    },
    "*-first": {
      "base": "clothes/first"
    },
  },
  "texturesByType": {
    "*": {
      "seraph": {
        "base": "game:block/transparent"
      }
    }
  },
  "creativeinventory": {
    "general": [
      "*"
    ],
    "items": [
      "*"
    ],
    "clothing": [
      "*"
    ],
    "khazaddum": [
      "*"
    ]
  },
  "renderAlphaTest": 0.25,
  "fpHandTransformByType": {
    "*": {
      "translation": {
        "x": 0.6,
        "y": 0,
        "z": -0.5
      },
      "rotation": {
        "x": 180,
        "y": 42,
        "z": -29
      },
      "scale": 2.5
    }
  },
  "tpHandTransformByType": {
    "*": {
      "translation": {
        "x": 0.23,
        "y": -0.65,
        "z": -0.38
      },
      "rotation": {
        "x": 0,
        "y": 0,
        "z": -90
      },
      "scale": 1
    }
  },
  "guiTransformByType": {
    "*": {
      "translation": {
        "x": 20.4,
        "y": 27.3,
        "z": 12
      },
      "rotation": {
        "x": -180,
        "y": -90,
        "z": 0
      },
      "origin": {
        "x": 0.1,
        "y": 1.2,
        "z": 0.5
      },
      "scale": 6
    }
  },
  "groundTransformByType": {
    "*": {
      "translation": {
        "x": 0,
        "y": -0.1,
        "z": 0
      },
      "rotation": {
        "x": 0,
        "y": 0,
        "z": -90
      },
      "origin": {
        "x": 0.5,
        "y": 1.6,
        "z": 0.7
      },
      "scale": 6
    }
  },
}