{
	"editor": {
		"allAngles": true,
		"entityTextureMode": false
	},
	"textureWidth": 16,
	"textureHeight": 16,
	"textureSizes": {
	},
	"textures": {
		"pores": "block/plant/mushroom/pores",
		"dimplecup": "block/plant/mushroom/dimplecup/dimplecup"
	},
	"elements": [
		{
			"name": "origin",
			"from": [ 8.0, 0.0, 8.0 ], 
			"to": [ 8.0, 0.0, 8.0 ], 
			"rotationOrigin": [ 8.0, 0.0, 8.0 ],
			"faces": {
				"north": { "texture": "#pores2", "uv": [ 0.0, 0.0, 0.5, 0.5 ], "enabled": false },
				"east": { "texture": "#dimplecup", "uv": [ 0.0, 0.0, 0.5, 0.5 ], "enabled": false },
				"south": { "texture": "#dimplecup", "uv": [ 0.0, 0.0, 0.5, 0.5 ], "enabled": false },
				"west": { "texture": "#dimplecup", "uv": [ 0.0, 0.0, 0.5, 0.5 ], "enabled": false },
				"up": { "texture": "#dimplecup", "uv": [ 0.0, 0.0, 0.5, 0.5 ], "enabled": false },
				"down": { "texture": "#dimplecup", "uv": [ 0.0, 0.0, 0.5, 0.5 ], "enabled": false }
			},
			"children": [
				{
					"name": "single voxel25",
					"from": [ 3.0, 0.0, 5.0 ], 
					"to": [ 4.0, 0.5, 6.0 ], 
					"rotationOrigin": [ 3.5, 0.0, 5.5 ],
					"rotationY": 5.999999305231196,
					"faces": {
						"north": { "texture": "#dimplecup", "uv": [ 1.5, 14.5, 2.5, 15.0 ] },
						"east": { "texture": "#dimplecup", "uv": [ 4.0, 14.5, 5.0, 15.0 ] },
						"south": { "texture": "#dimplecup", "uv": [ 3.5, 13.5, 4.5, 14.0 ] },
						"west": { "texture": "#dimplecup", "uv": [ 3.5, 13.0, 4.5, 13.5 ] },
						"up": { "texture": "#dimplecup", "uv": [ 3.0, 12.0, 4.0, 13.0 ] },
						"down": { "texture": "#dimplecup", "uv": [ 2.5, 14.5, 3.5, 15.5 ] }
					}
				},
				{
					"name": "tiny22",
					"from": [ 2.0, -0.1, -4.0 ], 
					"to": [ 3.0, 0.4, -3.0 ], 
					"rotationOrigin": [ 2.5, -0.1, -3.5 ],
					"rotationX": 4.0,
					"rotationY": -13.999999591706448,
					"rotationZ": -9.0,
					"faces": {
						"north": { "texture": "#dimplecup", "uv": [ 3.0, 13.0, 4.0, 13.5 ] },
						"east": { "texture": "#dimplecup", "uv": [ 8.0, 13.0, 9.0, 13.5 ] },
						"south": { "texture": "#dimplecup", "uv": [ 5.0, 12.5, 6.0, 13.0 ] },
						"west": { "texture": "#dimplecup", "uv": [ 8.0, 14.0, 9.0, 14.5 ] },
						"up": { "texture": "#dimplecup", "uv": [ 7.0, 12.0, 8.0, 13.0 ] },
						"down": { "texture": "#dimplecup", "uv": [ 2.0, 14.0, 3.0, 15.0 ] }
					}
				},
				{
					"name": "tiny20",
					"from": [ -4.0, -0.1, -2.0 ], 
					"to": [ -3.0, 0.4, -1.0 ], 
					"rotationOrigin": [ -3.5, -0.1, -1.5 ],
					"rotationX": 3.0,
					"rotationY": -19.999997735545687,
					"rotationZ": 8.0,
					"faces": {
						"north": { "texture": "#dimplecup", "uv": [ 3.0, 13.0, 4.0, 13.5 ] },
						"east": { "texture": "#dimplecup", "uv": [ 7.5, 8.5, 8.5, 9.0 ] },
						"south": { "texture": "#dimplecup", "uv": [ 8.0, 13.5, 9.0, 14.0 ] },
						"west": { "texture": "#dimplecup", "uv": [ 9.0, 9.0, 10.0, 9.5 ] },
						"up": { "texture": "#dimplecup", "uv": [ 4.5, 10.0, 5.5, 11.0 ] },
						"down": { "texture": "#dimplecup", "uv": [ 2.0, 14.0, 3.0, 15.0 ] }
					}
				},
				{
					"name": "tiny24",
					"from": [ 4.0, 0.0, 5.0 ], 
					"to": [ 5.5, 0.5, 6.5 ], 
					"rotationOrigin": [ 5.0, 0.0, 6.0 ],
					"rotationX": 4.0,
					"rotationY": -12.99999778556861,
					"faces": {
						"north": { "texture": "#dimplecup", "uv": [ 3.0, 13.0, 4.5, 13.5 ] },
						"east": { "texture": "#dimplecup", "uv": [ 11.0, 11.5, 12.5, 12.0 ] },
						"south": { "texture": "#dimplecup", "uv": [ 6.0, 9.0, 7.5, 9.5 ] },
						"west": { "texture": "#dimplecup", "uv": [ 9.0, 9.0, 10.5, 9.5 ] },
						"up": { "texture": "#dimplecup", "uv": [ 6.0, 11.0, 7.5, 12.5 ] },
						"down": { "texture": "#dimplecup", "uv": [ 2.0, 14.0, 3.5, 15.5 ] }
					}
				},
				{
					"name": "tiny21",
					"from": [ 1.0, 0.0, 0.0 ], 
					"to": [ 2.0, 0.5, 1.0 ], 
					"rotationOrigin": [ 1.5, 0.0, 0.5 ],
					"rotationX": 2.0,
					"rotationY": -21.99999609307891,
					"rotationZ": 3.0,
					"faces": {
						"north": { "texture": "#dimplecup", "uv": [ 3.0, 13.0, 4.0, 13.5 ] },
						"east": { "texture": "#dimplecup", "uv": [ 13.0, 14.5, 14.0, 15.0 ] },
						"south": { "texture": "#dimplecup", "uv": [ 6.0, 9.0, 7.0, 9.5 ] },
						"west": { "texture": "#dimplecup", "uv": [ 9.0, 10.5, 10.0, 11.0 ] },
						"up": { "texture": "#dimplecup", "uv": [ 3.5, 12.5, 4.5, 13.5 ] },
						"down": { "texture": "#dimplecup", "uv": [ 2.0, 14.0, 3.0, 15.0 ] }
					}
				},
				{
					"name": "large",
					"from": [ 0.0, -0.1, -3.0 ], 
					"to": [ 2.5, 0.9, -0.5 ], 
					"rotationOrigin": [ 1.0, -0.1, -2.0 ],
					"rotationX": 7.0,
					"rotationY": 22.999998586573348,
					"rotationZ": 4.0,
					"faces": {
						"north": { "texture": "#dimplecup", "uv": [ 3.0, 12.0, 5.5, 13.0 ] },
						"east": { "texture": "#dimplecup", "uv": [ 12.0, 11.5, 14.5, 12.5 ] },
						"south": { "texture": "#dimplecup", "uv": [ 0.0, 11.5, 2.5, 12.5 ] },
						"west": { "texture": "#dimplecup", "uv": [ 12.0, 11.5, 14.5, 12.5 ] },
						"up": { "texture": "#dimplecup", "uv": [ 9.5, 8.0, 12.0, 10.5 ] },
						"down": { "texture": "#dimplecup", "uv": [ 12.5, 13.0, 15.0, 15.5 ] }
					}
				},
				{
					"name": "medium",
					"from": [ -3.0, 0.0, 0.0 ], 
					"to": [ -1.0, 0.5, 2.0 ], 
					"rotationOrigin": [ -2.0, 0.0, 1.0 ],
					"rotationX": 3.0,
					"rotationY": -1.9999998236580536,
					"rotationZ": 2.0,
					"faces": {
						"north": { "texture": "#dimplecup", "uv": [ 2.0, 13.5, 4.0, 14.0 ] },
						"east": { "texture": "#dimplecup", "uv": [ 9.5, 13.0, 11.5, 13.5 ] },
						"south": { "texture": "#dimplecup", "uv": [ 2.0, 11.5, 4.0, 12.0 ] },
						"west": { "texture": "#dimplecup", "uv": [ 6.5, 10.0, 8.5, 10.5 ] },
						"up": { "texture": "#dimplecup", "uv": [ 5.5, 9.5, 7.5, 11.5 ] },
						"down": { "texture": "#dimplecup", "uv": [ 2.0, 14.0, 4.0, 16.0 ] }
					}
				}
			]
		}
	]}