{
	"editor": {
		"allAngles": false,
		"entityTextureMode": false
	},
	"textureWidth": 16,
	"textureHeight": 16,
	"textureSizes": {
	},
	"textures": {
		"dimplecup": "block/plant/mushroom/dimplecup/dimplecup",
		"pores": "block/plant/mushroom/pores"		
	},
	"elements": [
		{
			"name": "origin",
			"from": [ 8.0, 0.0, 8.0 ],
			"to": [ 8.0, 0.0, 8.0 ],
			"rotationOrigin": [ 8.0, 0.0, 8.0 ],
			"faces": {
			},
			"children": [
				{
					"name": "tiny22",
					"from": [ 5.0, 0.0, 2.0 ],
					"to": [ 6.0, 0.5, 3.0 ],
					"rotationOrigin": [ 5.5, 0.0, 2.5 ],
					"rotationX": 1.0,
					"rotationY": 20.0,
					"rotationZ": 2.0,
					"faces": {
						"north": { "texture": "#dimplecup", "uv": [ 8.0, 13.0, 9.0, 13.5 ] },
						"east": { "texture": "#dimplecup", "uv": [ 10.0, 11.0, 11.0, 11.5 ] },
						"south": { "texture": "#dimplecup", "uv": [ 9.0, 15.0, 10.0, 15.5 ] },
						"west": { "texture": "#dimplecup", "uv": [ 7.0, 13.0, 8.0, 13.5 ] },
						"down": { "texture": "#dimplecup", "uv": [ 2.0, 14.0, 3.0, 15.0 ] }
					},
					"children": [
						{
							"name": "Cube26",
							"from": [ -0.1, 0.5, -0.1 ],
							"to": [ 1.1, 1.0, 1.1 ],
							"rotationOrigin": [ -0.1, 0.0, -0.1 ],
							"faces": {
								"north": { "texture": "#dimplecup", "uv": [ 12.0, 3.0, 13.0, 3.5 ] },
								"east": { "texture": "#dimplecup", "uv": [ 12.0, 3.0, 13.0, 3.5 ] },
								"south": { "texture": "#dimplecup", "uv": [ 10.0, 3.5, 11.0, 4.0 ] },
								"west": { "texture": "#dimplecup", "uv": [ 13.0, 4.0, 14.0, 4.5 ] },
								"up": { "texture": "#dimplecup", "uv": [ 10.5, 3.0, 11.5, 4.0 ] },
								"down": { "texture": "#pores", "uv": [ 1.0, 12.5, 2.0, 13.5 ] }
							}
						}
					]
				},
				{
					"name": "tiny20",
					"from": [ -2.0, 0.0, 1.0 ],
					"to": [ -1.0, 0.5, 2.0 ],
					"rotationOrigin": [ -1.5, 0.0, 1.5 ],
					"rotationX": 3.0,
					"rotationY": 10.0,
					"rotationZ": -4.0,
					"faces": {
						"north": { "texture": "#dimplecup", "uv": [ 10.0, 14.5, 11.0, 15.0 ] },
						"east": { "texture": "#dimplecup", "uv": [ 10.0, 12.0, 11.0, 12.5 ] },
						"south": { "texture": "#dimplecup", "uv": [ 7.5, 10.5, 8.5, 11.0 ] },
						"west": { "texture": "#dimplecup", "uv": [ 9.0, 9.0, 10.0, 9.5 ] },
						"down": { "texture": "#dimplecup", "uv": [ 2.0, 14.0, 3.0, 15.0 ] }
					},
					"children": [
						{
							"name": "Cube21",
							"from": [ -0.2, 0.5, -0.2 ],
							"to": [ 1.3, 1.5, 1.3 ],
							"faces": {
								"north": { "texture": "#dimplecup", "uv": [ 3.5, 4.0, 5.0, 5.0 ] },
								"east": { "texture": "#dimplecup", "uv": [ 2.5, 6.5, 4.0, 7.5 ] },
								"south": { "texture": "#dimplecup", "uv": [ 4.0, 5.5, 5.5, 6.5 ] },
								"west": { "texture": "#dimplecup", "uv": [ 3.0, 5.5, 4.5, 6.5 ] },
								"up": { "texture": "#dimplecup", "uv": [ 4.5, 2.0, 6.0, 3.5 ] },
								"down": { "texture": "#pores", "uv": [ 0.5, 14.5, 2.0, 16.0 ] }
							}
						}
					]
				},
				{
					"name": "tiny24",
					"from": [ 3.0, 0.0, -4.0 ],
					"to": [ 4.5, 0.5, -2.5 ],
					"rotationOrigin": [ 4.0, 0.0, -3.0 ],
					"rotationX": -4.0,
					"rotationY": -6.0,
					"rotationZ": 2.0,
					"faces": {
						"north": { "texture": "#dimplecup", "uv": [ 3.0, 13.0, 4.5, 13.5 ] },
						"east": { "texture": "#dimplecup", "uv": [ 6.0, 12.5, 7.5, 13.0 ] },
						"south": { "texture": "#dimplecup", "uv": [ 3.5, 10.5, 5.0, 11.0 ] },
						"west": { "texture": "#dimplecup", "uv": [ 9.0, 9.0, 10.5, 9.5 ] },
						"down": { "texture": "#dimplecup", "uv": [ 2.0, 14.0, 3.5, 15.5 ] }
					},
					"children": [
						{
							"name": "Cube25",
							"from": [ -0.2, 0.5, -0.2 ],
							"to": [ 1.8, 2.0, 1.8 ],
							"faces": {
								"north": { "texture": "#dimplecup", "uv": [ 1.5, 5.0, 3.5, 6.5 ] },
								"east": { "texture": "#dimplecup", "uv": [ 4.5, 2.5, 6.5, 4.0 ] },
								"south": { "texture": "#dimplecup", "uv": [ 2.0, 3.0, 4.0, 4.5 ] },
								"west": { "texture": "#dimplecup", "uv": [ 7.0, 5.0, 9.0, 6.5 ] },
								"up": { "texture": "#dimplecup", "uv": [ 6.0, 6.0, 8.0, 8.0 ] },
								"down": { "texture": "#pores", "uv": [ 0.5, 13.5, 2.5, 15.5 ] }
							}
						}
					]
				},
				{
					"name": "medium",
					"from": [ -4.0, 0.0, -3.0 ],
					"to": [ -2.0, 1.0, -1.0 ],
					"rotationOrigin": [ -3.0, 0.0, -2.0 ],
					"rotationY": -20.0,
					"rotationZ": 3.0,
					"faces": {
						"north": { "texture": "#dimplecup", "uv": [ 7.0, 12.5, 9.0, 13.5 ] },
						"east": { "texture": "#dimplecup", "uv": [ 10.5, 12.0, 12.5, 13.0 ] },
						"south": { "texture": "#dimplecup", "uv": [ 4.0, 12.0, 6.0, 13.0 ] },
						"west": { "texture": "#dimplecup", "uv": [ 10.5, 14.5, 12.5, 15.5 ] },
						"down": { "texture": "#dimplecup", "uv": [ 2.0, 14.0, 4.0, 16.0 ] }
					},
					"children": [
						{
							"name": "Cube2",
							"from": [ -0.5, 1.0, -0.5 ],
							"to": [ 2.5, 3.0, 2.4 ],
							"faces": {
								"north": { "texture": "#dimplecup", "uv": [ 11.5, 4.5, 14.5, 6.5 ] },
								"east": { "texture": "#dimplecup", "uv": [ 11.0, 5.0, 13.5, 7.0 ] },
								"south": { "texture": "#dimplecup", "uv": [ 11.0, 5.5, 14.0, 7.5 ] },
								"west": { "texture": "#dimplecup", "uv": [ 12.0, 6.0, 14.5, 8.0 ] },
								"up": { "texture": "#dimplecup", "uv": [ 11.0, 3.5, 14.0, 6.0 ] },
								"down": { "texture": "#pores", "uv": [ 0.0, 13.0, 3.0, 15.5 ] }
							},
							"children": [
								{
									"name": "Cube3",
									"from": [ 0.5, 2.0, 0.5 ],
									"to": [ 2.5, 2.5, 2.5 ],
									"faces": {
										"north": { "texture": "#dimplecup", "uv": [ 11.5, 3.0, 13.5, 3.5 ] },
										"east": { "texture": "#dimplecup", "uv": [ 12.5, 2.5, 14.5, 3.0 ] },
										"south": { "texture": "#dimplecup", "uv": [ 12.0, 1.0, 14.0, 1.5 ] },
										"west": { "texture": "#dimplecup", "uv": [ 12.0, 2.0, 14.0, 2.5 ] },
										"up": { "texture": "#dimplecup", "uv": [ 12.5, 2.0, 14.5, 4.0 ] }
									}
								}
							]
						}
					]
				}
			]
		}
	]}