{
	"editor": {
		"allAngles": true,
		"entityTextureMode": false
	},
	"textureWidth": 16,
	"textureHeight": 16,
	"textureSizes": {
	},
	"textures": {
		"waxcap": "block/plant/mushroom/waxcap/waxcap",
		"mycelium2": "block/plant/mushroom/mycelium2"
	},
	"elements": [
		{
			"name": "origin",
			"from": [ 8.0, 0.0, 8.0 ], 
			"to": [ 8.0, 0.0, 8.0 ], 
			"rotationOrigin": [ 8.0, 0.0, 8.0 ],
			"faces": {
				"north": { "texture": "#waxcap", "uv": [ 0.0, 0.0, 0.5, 0.5 ], "enabled": false },
				"east": { "texture": "#waxcap", "uv": [ 0.0, 0.0, 0.5, 0.5 ], "enabled": false },
				"south": { "texture": "#waxcap", "uv": [ 0.0, 0.0, 0.5, 0.5 ], "enabled": false },
				"west": { "texture": "#waxcap", "uv": [ 0.0, 0.0, 0.5, 0.5 ], "enabled": false },
				"up": { "texture": "#waxcap", "uv": [ 0.0, 0.0, 0.5, 0.5 ], "enabled": false },
				"down": { "texture": "#waxcap", "uv": [ 0.0, 0.0, 0.5, 0.5 ], "enabled": false }
			},
			"children": [
				{
					"name": "tiny",
					"from": [ 3.0, -0.1, -3.5 ], 
					"to": [ 4.0, 0.9, -2.5 ], 
					"rotationOrigin": [ 3.5, -0.1, -3.0 ],
					"rotationX": 4.0,
					"rotationY": 16.000001053432165,
					"rotationZ": -7.0,
					"faces": {
						"north": { "texture": "#waxcap", "uv": [ 1.5, 10.0, 2.5, 11.0 ] },
						"east": { "texture": "#waxcap", "uv": [ 1.5, 7.5, 2.5, 8.5 ] },
						"south": { "texture": "#waxcap", "uv": [ 0.0, 7.5, 1.0, 8.5 ] },
						"west": { "texture": "#waxcap", "uv": [ 0.0, 8.5, 1.0, 9.5 ] },
						"up": { "texture": "#waxcap", "uv": [ 4.0, 5.0, 5.0, 6.0 ], "enabled": false },
						"down": { "texture": "#waxcap", "uv": [ 1.0, 9.0, 2.0, 10.0 ] }
					},
					"children": [
						{
							"name": "Cube8",
							"from": [ -0.5, 0.8, -0.5 ], 
							"to": [ 1.5, 1.3, 1.5 ], 
							"rotationOrigin": [ 0.5, 0.8, 0.5 ],
							"rotationZ": -6.0,
							"faces": {
								"north": { "texture": "#waxcap", "uv": [ 10.5, 7.5, 12.5, 8.0 ] },
								"east": { "texture": "#waxcap", "uv": [ 11.5, 5.5, 13.5, 6.0 ] },
								"south": { "texture": "#waxcap", "uv": [ 11.0, 3.0, 13.0, 3.5 ] },
								"west": { "texture": "#waxcap", "uv": [ 11.5, 5.0, 13.5, 5.5 ] },
								"up": { "texture": "#waxcap", "uv": [ 14.0, 2.0, 16.0, 4.0 ] },
								"down": { "texture": "#waxcap", "uv": [ 10.0, 2.5, 12.0, 4.5 ] }
							}
						}
					]
				},
				{
					"name": "tiny13",
					"from": [ -3.0, -0.3, 2.0 ], 
					"to": [ -2.0, 1.2, 3.0 ], 
					"rotationOrigin": [ -2.5, -0.3, 2.5 ],
					"rotationX": 5.0,
					"rotationY": 14.99998848273884,
					"rotationZ": -8.0,
					"faces": {
						"north": { "texture": "#waxcap", "uv": [ 9.0, 10.5, 10.0, 12.0 ] },
						"east": { "texture": "#waxcap", "uv": [ 8.5, 10.0, 9.5, 11.5 ] },
						"south": { "texture": "#waxcap", "uv": [ 10.0, 11.0, 11.0, 12.5 ] },
						"west": { "texture": "#waxcap", "uv": [ 8.0, 9.0, 9.0, 10.5 ] },
						"up": { "texture": "#waxcap", "uv": [ 4.0, 5.0, 5.0, 6.0 ], "enabled": false },
						"down": { "texture": "#waxcap", "uv": [ 7.5, 11.0, 8.5, 12.0 ] }
					},
					"children": [
						{
							"name": "Cube14",
							"from": [ -0.5, 1.4, -0.5 ], 
							"to": [ 1.5, 1.9, 1.5 ], 
							"rotationOrigin": [ 0.5, 1.4, 0.5 ],
							"rotationX": -19.0,
							"rotationZ": -6.0,
							"faces": {
								"north": { "texture": "#waxcap", "uv": [ 11.5, 5.0, 13.5, 5.5 ] },
								"east": { "texture": "#waxcap", "uv": [ 11.5, 5.5, 13.5, 6.0 ] },
								"south": { "texture": "#waxcap", "uv": [ 10.0, 4.0, 12.0, 4.5 ] },
								"west": { "texture": "#waxcap", "uv": [ 11.0, 5.0, 13.0, 5.5 ] },
								"up": { "texture": "#waxcap", "uv": [ 8.5, 6.0, 10.5, 8.0 ] },
								"down": { "texture": "#waxcap", "uv": [ 11.0, 2.0, 13.0, 4.0 ] }
							}
						}
					]
				},
				{
					"name": "tiny20",
					"from": [ 0.0, -0.1, 3.5 ], 
					"to": [ 1.0, 0.4, 4.5 ], 
					"rotationOrigin": [ 0.5, -0.1, 4.0 ],
					"rotationX": 4.0,
					"rotationY": 36.999995251110676,
					"rotationZ": 4.0,
					"faces": {
						"north": { "texture": "#waxcap", "uv": [ 1.0, 9.5, 2.0, 10.0 ] },
						"east": { "texture": "#waxcap", "uv": [ 1.0, 9.0, 2.0, 9.5 ] },
						"south": { "texture": "#waxcap", "uv": [ 2.0, 10.0, 3.0, 10.5 ] },
						"west": { "texture": "#waxcap", "uv": [ 0.5, 10.5, 1.5, 11.0 ] },
						"up": { "texture": "#waxcap", "uv": [ 4.0, 5.0, 5.0, 6.0 ], "enabled": false },
						"down": { "texture": "#waxcap", "uv": [ 3.0, 8.0, 4.0, 9.0 ] }
					},
					"children": [
						{
							"name": "Cube21",
							"from": [ -0.2, 0.3, -0.2 ], 
							"to": [ 1.3, 0.8, 1.3 ], 
							"rotationOrigin": [ 0.5, 0.3, 0.5 ],
							"rotationX": -11.0,
							"rotationZ": 4.0,
							"faces": {
								"north": { "texture": "#waxcap", "uv": [ 4.0, 10.0, 5.5, 10.5 ] },
								"east": { "texture": "#waxcap", "uv": [ 3.0, 9.0, 4.5, 9.5 ] },
								"south": { "texture": "#waxcap", "uv": [ 5.0, 9.0, 6.5, 9.5 ] },
								"west": { "texture": "#waxcap", "uv": [ 3.0, 12.0, 4.5, 12.5 ] },
								"up": { "texture": "#waxcap", "uv": [ 13.0, 12.0, 14.5, 13.5 ] },
								"down": { "texture": "#waxcap", "uv": [ 11.0, 2.5, 12.5, 4.0 ] }
							}
						}
					]
				},
				{
					"name": "single voxel25",
					"from": [ 4.0, 0.0, -1.0 ], 
					"to": [ 5.0, 0.5, 0.0 ], 
					"rotationOrigin": [ 4.5, 0.0, -0.5 ],
					"rotationY": 11.000002074262246,
					"faces": {
						"north": { "texture": "#waxcap", "uv": [ 0.5, 9.0, 1.5, 9.5 ] },
						"east": { "texture": "#waxcap", "uv": [ 0.5, 6.0, 1.5, 6.5 ] },
						"south": { "texture": "#waxcap", "uv": [ 0.5, 9.5, 1.5, 10.0 ] },
						"west": { "texture": "#waxcap", "uv": [ 1.5, 9.0, 2.5, 9.5 ] },
						"up": { "texture": "#waxcap", "uv": [ 0.0, 2.0, 1.0, 3.0 ] },
						"down": { "texture": "#waxcap", "uv": [ 1.0, 11.0, 2.0, 12.0 ] }
					}
				},
				{
					"name": "large",
					"from": [ 0.6941, -0.1, 0.1381 ], 
					"to": [ 2.1941, 1.9, 1.6381 ], 
					"rotationOrigin": [ 1.1941, -0.1, 0.8381 ],
					"rotationY": -22.50000022689532,
					"rotationZ": -6.0,
					"faces": {
						"north": { "texture": "#waxcap", "uv": [ 3.5, 10.5, 5.0, 12.5 ] },
						"east": { "texture": "#waxcap", "uv": [ 4.0, 10.0, 5.5, 12.0 ] },
						"south": { "texture": "#waxcap", "uv": [ 4.0, 10.0, 5.5, 12.0 ] },
						"west": { "texture": "#waxcap", "uv": [ 4.0, 9.5, 5.5, 11.5 ] },
						"up": { "texture": "#waxcap", "uv": [ 4.0, 5.0, 5.5, 6.5 ], "enabled": false },
						"down": { "texture": "#waxcap", "uv": [ 4.0, 12.5, 5.5, 14.0 ] }
					},
					"children": [
						{
							"name": "cap large",
							"from": [ -2.0, 3.1, -1.8 ], 
							"to": [ 2.5, 4.1, 2.7 ], 
							"rotationOrigin": [ 0.3, 3.1, 0.5 ],
							"rotationX": -14.0,
							"rotationY": -11.0,
							"rotationZ": -8.0,
							"faces": {
								"north": { "texture": "#waxcap", "uv": [ 10.0, 1.5, 14.5, 2.5 ] },
								"east": { "texture": "#waxcap", "uv": [ 9.0, 2.0, 13.5, 3.0 ] },
								"south": { "texture": "#waxcap", "uv": [ 9.5, 5.0, 14.0, 6.0 ] },
								"west": { "texture": "#waxcap", "uv": [ 10.0, 3.5, 14.5, 4.5 ] },
								"up": { "texture": "#waxcap", "uv": [ 10.0, 1.0, 14.5, 5.5 ] },
								"down": { "texture": "#waxcap", "uv": [ 9.5, 1.0, 14.0, 5.5 ] }
							},
							"children": [
								{
									"name": "Cube17",
									"from": [ 4.0, 0.5, 0.0 ], 
									"to": [ 5.0, 1.0, 4.5 ], 
									"rotationOrigin": [ 4.0, 1.0, 2.0 ],
									"rotationZ": 47.0,
									"faces": {
										"north": { "texture": "#waxcap", "uv": [ 10.0, 6.0, 11.0, 6.5 ] },
										"east": { "texture": "#waxcap", "uv": [ 9.5, 2.5, 14.0, 3.0 ] },
										"south": { "texture": "#waxcap", "uv": [ 9.0, 8.5, 10.0, 9.0 ] },
										"west": { "texture": "#waxcap", "uv": [ 7.5, 2.0, 12.0, 2.5 ], "enabled": false },
										"up": { "texture": "#waxcap", "uv": [ 10.0, 1.5, 11.0, 6.0 ] },
										"down": { "texture": "#waxcap", "uv": [ 10.5, 2.0, 11.5, 6.5 ] }
									}
								},
								{
									"name": "Cube18",
									"from": [ -0.6, 0.5, 0.0 ], 
									"to": [ 0.4, 1.0, 4.5 ], 
									"rotationOrigin": [ 0.4, 1.0, 2.0 ],
									"rotationZ": -39.0,
									"faces": {
										"north": { "texture": "#waxcap", "uv": [ 9.0, 5.5, 10.0, 6.0 ] },
										"east": { "texture": "#waxcap", "uv": [ 10.5, 5.5, 15.0, 6.0 ] },
										"south": { "texture": "#waxcap", "uv": [ 5.5, 6.5, 6.5, 7.0 ] },
										"west": { "texture": "#waxcap", "uv": [ 7.5, 2.0, 12.0, 2.5 ] },
										"up": { "texture": "#waxcap", "uv": [ 5.0, 2.0, 6.0, 6.5 ] },
										"down": { "texture": "#waxcap", "uv": [ 13.0, 2.0, 14.0, 6.5 ] }
									}
								},
								{
									"name": "Cube19",
									"from": [ 0.0, 0.5, 4.1 ], 
									"to": [ 4.5, 1.0, 5.1 ], 
									"rotationOrigin": [ 1.0, 1.0, 4.1 ],
									"rotationX": -39.0,
									"faces": {
										"north": { "texture": "#waxcap", "uv": [ 5.0, 11.5, 9.5, 12.0 ], "enabled": false },
										"east": { "texture": "#waxcap", "uv": [ 9.0, 2.5, 10.0, 3.0 ] },
										"south": { "texture": "#waxcap", "uv": [ 7.0, 5.0, 11.5, 5.5 ] },
										"west": { "texture": "#waxcap", "uv": [ 9.5, 7.0, 10.5, 7.5 ] },
										"up": { "texture": "#waxcap", "uv": [ 7.0, 2.5, 11.5, 3.5 ] },
										"down": { "texture": "#waxcap", "uv": [ 10.0, 2.0, 14.5, 3.0 ] }
									}
								},
								{
									"name": "Cube20",
									"from": [ 0.0, 0.5, -0.5 ], 
									"to": [ 4.5, 1.0, 0.5 ], 
									"rotationOrigin": [ 1.0, 1.0, 0.5 ],
									"rotationX": 42.0,
									"faces": {
										"north": { "texture": "#waxcap", "uv": [ 10.5, 4.0, 15.0, 4.5 ] },
										"east": { "texture": "#waxcap", "uv": [ 11.0, 3.0, 12.0, 3.5 ] },
										"south": { "texture": "#waxcap", "uv": [ 2.0, 9.5, 6.5, 10.0 ], "enabled": false },
										"west": { "texture": "#waxcap", "uv": [ 6.5, 3.5, 7.5, 4.0 ] },
										"up": { "texture": "#waxcap", "uv": [ 6.0, 1.5, 10.5, 2.5 ] },
										"down": { "texture": "#waxcap", "uv": [ 11.0, 0.5, 15.5, 1.5 ] }
									}
								}
							]
						},
						{
							"name": "Cube1",
							"from": [ 0.0, 1.7, 0.0 ], 
							"to": [ 1.5, 3.7, 1.5 ], 
							"rotationOrigin": [ 0.8, 1.7, 0.8 ],
							"rotationX": -8.0,
							"rotationZ": 14.0,
							"faces": {
								"north": { "texture": "#waxcap", "uv": [ 1.0, 8.5, 2.5, 10.5 ] },
								"east": { "texture": "#waxcap", "uv": [ 1.5, 7.5, 3.0, 9.5 ] },
								"south": { "texture": "#waxcap", "uv": [ 2.0, 8.0, 3.5, 10.0 ] },
								"west": { "texture": "#waxcap", "uv": [ 3.5, 6.0, 5.0, 8.0 ] },
								"up": { "texture": "#waxcap", "uv": [ 0.0, 0.0, 1.5, 1.5 ], "enabled": false },
								"down": { "texture": "#waxcap", "uv": [ 3.0, 4.0, 4.5, 5.5 ], "enabled": false }
							}
						}
					]
				},
				{
					"name": "medium small",
					"from": [ -4.77, -0.3, -1.1533 ], 
					"to": [ -3.77, 1.2, -0.1533 ], 
					"rotationOrigin": [ -4.2706, -0.3, -0.6533 ],
					"rotationX": 19.0,
					"rotationY": -22.50000022689532,
					"rotationZ": 6.0,
					"faces": {
						"north": { "texture": "#waxcap", "uv": [ 1.0, 10.0, 2.0, 11.5 ] },
						"east": { "texture": "#waxcap", "uv": [ 2.0, 9.5, 3.0, 11.0 ] },
						"south": { "texture": "#waxcap", "uv": [ 2.0, 9.5, 3.0, 11.0 ] },
						"west": { "texture": "#waxcap", "uv": [ 2.5, 8.0, 3.5, 9.5 ] },
						"up": { "texture": "#waxcap", "uv": [ 4.0, 5.0, 5.0, 6.0 ], "enabled": false },
						"down": { "texture": "#waxcap", "uv": [ 4.0, 8.0, 5.0, 9.0 ] }
					},
					"children": [
						{
							"name": "cap medium",
							"from": [ -1.1, 2.2, -1.7 ], 
							"to": [ 1.9, 3.2, 1.3 ], 
							"rotationOrigin": [ 0.4, 2.2, -0.2 ],
							"rotationX": -30.0,
							"rotationY": 33.0,
							"rotationZ": 22.0,
							"faces": {
								"north": { "texture": "#waxcap", "uv": [ 13.0, 3.0, 16.0, 4.0 ], "enabled": false },
								"east": { "texture": "#waxcap", "uv": [ 9.0, 7.0, 12.0, 8.0 ], "enabled": false },
								"south": { "texture": "#waxcap", "uv": [ 10.0, 8.0, 13.0, 9.0 ], "enabled": false },
								"west": { "texture": "#waxcap", "uv": [ 9.0, 7.0, 12.0, 8.0 ], "enabled": false },
								"up": { "texture": "#waxcap", "uv": [ 4.0, 2.5, 7.0, 5.5 ] },
								"down": { "texture": "#waxcap", "uv": [ 5.0, 2.5, 8.0, 5.5 ] }
							},
							"children": [
								{
									"name": "Cube22",
									"from": [ -0.5, -0.2, 0.0 ], 
									"to": [ 0.5, 0.8, 3.0 ], 
									"rotationOrigin": [ 0.5, 0.8, 1.5 ],
									"rotationZ": -33.0,
									"faces": {
										"north": { "texture": "#waxcap", "uv": [ 6.0, 3.5, 7.0, 4.5 ] },
										"east": { "texture": "#waxcap", "uv": [ 11.5, 12.0, 14.5, 13.0 ], "enabled": false },
										"south": { "texture": "#waxcap", "uv": [ 6.5, 1.0, 7.5, 2.0 ] },
										"west": { "texture": "#waxcap", "uv": [ 11.0, 4.0, 14.0, 5.0 ] },
										"up": { "texture": "#waxcap", "uv": [ 6.0, 7.5, 7.0, 10.5 ] },
										"down": { "texture": "#waxcap", "uv": [ 14.0, 1.5, 15.0, 4.5 ] }
									}
								},
								{
									"name": "Cube23",
									"from": [ 2.6, -0.1, 0.0 ], 
									"to": [ 3.6, 0.9, 3.0 ], 
									"rotationOrigin": [ 2.6, 0.9, 1.5 ],
									"rotationZ": 19.0,
									"faces": {
										"north": { "texture": "#waxcap", "uv": [ 6.0, 3.5, 7.0, 4.5 ] },
										"east": { "texture": "#waxcap", "uv": [ 10.0, 6.5, 13.0, 7.5 ] },
										"south": { "texture": "#waxcap", "uv": [ 7.5, 1.5, 8.5, 2.5 ] },
										"west": { "texture": "#waxcap", "uv": [ 12.5, 7.5, 15.5, 8.5 ], "enabled": false },
										"up": { "texture": "#waxcap", "uv": [ 9.0, 5.5, 10.0, 8.5 ] },
										"down": { "texture": "#waxcap", "uv": [ 14.0, 1.0, 15.0, 4.0 ] }
									}
								},
								{
									"name": "Cube24",
									"from": [ 0.0, -0.2, 2.5 ], 
									"to": [ 3.0, 0.8, 3.5 ], 
									"rotationOrigin": [ 1.5, 0.8, 2.5 ],
									"rotationX": -33.0,
									"faces": {
										"north": { "texture": "#waxcap", "uv": [ 5.5, 6.0, 8.5, 7.0 ], "enabled": false },
										"east": { "texture": "#waxcap", "uv": [ 4.0, 6.5, 5.0, 7.5 ] },
										"south": { "texture": "#waxcap", "uv": [ 12.5, 7.5, 15.5, 8.5 ] },
										"west": { "texture": "#waxcap", "uv": [ 7.0, 6.5, 8.0, 7.5 ] },
										"up": { "texture": "#waxcap", "uv": [ 4.5, 8.0, 7.5, 9.0 ] },
										"down": { "texture": "#waxcap", "uv": [ 11.5, 1.5, 14.5, 2.5 ] }
									}
								},
								{
									"name": "Cube25",
									"from": [ 0.0, -0.2, -0.5 ], 
									"to": [ 3.0, 0.8, 0.5 ], 
									"rotationOrigin": [ 1.5, 0.8, 0.5 ],
									"rotationX": 33.0,
									"faces": {
										"north": { "texture": "#waxcap", "uv": [ 7.0, 7.0, 10.0, 8.0 ] },
										"east": { "texture": "#waxcap", "uv": [ 7.5, 6.0, 8.5, 7.0 ] },
										"south": { "texture": "#waxcap", "uv": [ 10.5, 14.0, 13.5, 15.0 ], "enabled": false },
										"west": { "texture": "#waxcap", "uv": [ 9.0, 6.5, 10.0, 7.5 ] },
										"up": { "texture": "#waxcap", "uv": [ 5.5, 1.0, 8.5, 2.0 ] },
										"down": { "texture": "#waxcap", "uv": [ 11.5, 1.0, 14.5, 2.0 ] }
									}
								}
							]
						},
						{
							"name": "Cube27",
							"from": [ 0.0, 1.2, 0.1 ], 
							"to": [ 1.0, 2.7, 1.1 ], 
							"rotationOrigin": [ 0.5, 1.2, 0.6 ],
							"rotationX": -28.0,
							"rotationZ": -6.0,
							"faces": {
								"north": { "texture": "#waxcap", "uv": [ 3.5, 11.0, 4.5, 12.5 ] },
								"east": { "texture": "#waxcap", "uv": [ 3.0, 8.0, 4.0, 9.5 ] },
								"south": { "texture": "#waxcap", "uv": [ 6.0, 6.5, 7.0, 8.0 ] },
								"west": { "texture": "#waxcap", "uv": [ 5.0, 7.0, 6.0, 8.5 ] },
								"up": { "texture": "#waxcap", "uv": [ 0.0, 0.0, 1.0, 1.0 ], "enabled": false },
								"down": { "texture": "#waxcap", "uv": [ 0.0, 0.0, 1.0, 1.0 ], "enabled": false }
							}
						}
					]
				},
				{
					"name": "stem16",
					"from": [ -3.5, -0.3, 3.5 ], 
					"to": [ -2.5, 0.7, 4.5 ], 
					"rotationOrigin": [ -3.0, -0.3, 4.0 ],
					"rotationX": 3.9999997336870456,
					"rotationY": -18.99999805363589,
					"rotationZ": 21.99999735022694,
					"faces": {
						"north": { "texture": "#waxcap", "uv": [ 1.0, 7.0, 2.0, 8.0 ] },
						"east": { "texture": "#waxcap", "uv": [ 2.0, 10.0, 3.0, 11.0 ] },
						"south": { "texture": "#waxcap", "uv": [ 1.0, 8.5, 2.0, 9.5 ] },
						"west": { "texture": "#waxcap", "uv": [ 1.0, 8.5, 2.0, 9.5 ] },
						"up": { "texture": "#waxcap", "uv": [ 0.0, 0.0, 1.0, 1.0 ], "enabled": false },
						"down": { "texture": "#waxcap", "uv": [ 2.0, 12.5, 3.0, 13.5 ] }
					},
					"children": [
						{
							"name": "Cap17",
							"from": [ -1.0, 2.8, -1.0 ], 
							"to": [ 2.0, 3.6, 2.0 ], 
							"rotationOrigin": [ 0.5, 2.8, 0.5 ],
							"rotationY": 36.0,
							"faces": {
								"north": { "texture": "#waxcap", "uv": [ 5.5, 5.5, 8.5, 6.0 ] },
								"east": { "texture": "#waxcap", "uv": [ 5.5, 5.5, 8.5, 6.0 ] },
								"south": { "texture": "#waxcap", "uv": [ 4.5, 5.0, 7.5, 5.5 ] },
								"west": { "texture": "#waxcap", "uv": [ 6.5, 5.5, 9.5, 6.0 ] },
								"up": { "texture": "#waxcap", "uv": [ 5.5, 7.5, 8.5, 10.5 ] },
								"down": { "texture": "#waxcap", "uv": [ 8.5, 9.0, 11.5, 12.0 ] }
							}
						},
						{
							"name": "gillsE18",
							"from": [ 0.6, 1.6, 0.0 ], 
							"to": [ 2.6, 2.1, 1.0 ], 
							"rotationOrigin": [ 0.6, 1.6, 0.5 ],
							"rotationZ": 45.0,
							"faces": {
								"north": { "texture": "#waxcap", "uv": [ 5.0, 8.0, 7.0, 8.5 ] },
								"east": { "texture": "#waxcap", "uv": [ 8.5, 10.5, 9.5, 11.0 ], "enabled": false },
								"south": { "texture": "#waxcap", "uv": [ 6.0, 6.5, 8.0, 7.0 ] },
								"west": { "texture": "#waxcap", "uv": [ 11.5, 11.5, 12.5, 12.0 ], "enabled": false },
								"up": { "texture": "#waxcap", "uv": [ 10.0, 10.0, 12.0, 11.0 ], "enabled": false },
								"down": { "texture": "#waxcap", "uv": [ 5.0, 4.5, 7.0, 5.5 ] }
							}
						},
						{
							"name": "gillsW19",
							"from": [ -1.6, 1.5, 0.0 ], 
							"to": [ 0.4, 2.0, 1.0 ], 
							"rotationOrigin": [ 0.4, 1.5, 0.5 ],
							"rotationZ": -45.0,
							"faces": {
								"north": { "texture": "#waxcap", "uv": [ 10.0, 5.0, 12.0, 5.5 ] },
								"east": { "texture": "#waxcap", "uv": [ 10.5, 10.5, 11.5, 11.0 ], "enabled": false },
								"south": { "texture": "#waxcap", "uv": [ 8.5, 6.5, 10.5, 7.0 ] },
								"west": { "texture": "#waxcap", "uv": [ 9.0, 10.5, 10.0, 11.0 ], "enabled": false },
								"up": { "texture": "#waxcap", "uv": [ 10.0, 11.0, 12.0, 12.0 ], "enabled": false },
								"down": { "texture": "#waxcap", "uv": [ 8.0, 4.0, 10.0, 5.0 ] }
							}
						},
						{
							"name": "gillsS20",
							"from": [ 0.0, 1.6, 0.6 ], 
							"to": [ 1.0, 2.1, 2.6 ], 
							"rotationOrigin": [ 0.5, 1.6, 0.6 ],
							"rotationX": -45.0,
							"faces": {
								"north": { "texture": "#waxcap", "uv": [ 10.0, 9.0, 11.0, 9.5 ], "enabled": false },
								"east": { "texture": "#waxcap", "uv": [ 5.5, 7.0, 7.5, 7.5 ] },
								"south": { "texture": "#waxcap", "uv": [ 5.5, 6.0, 6.5, 6.5 ], "enabled": false },
								"west": { "texture": "#waxcap", "uv": [ 5.0, 6.5, 7.0, 7.0 ] },
								"up": { "texture": "#waxcap", "uv": [ 0.0, 0.0, 1.0, 2.0 ], "enabled": false },
								"down": { "texture": "#waxcap", "uv": [ 9.0, 3.5, 10.0, 5.5 ] }
							}
						},
						{
							"name": "gillsN21",
							"from": [ 0.0, 1.5, -1.6 ], 
							"to": [ 1.0, 2.0, 0.4 ], 
							"rotationOrigin": [ 0.5, 1.5, 0.4 ],
							"rotationX": 45.0,
							"faces": {
								"north": { "texture": "#waxcap", "uv": [ 0.0, 0.0, 1.0, 0.5 ], "enabled": false },
								"east": { "texture": "#waxcap", "uv": [ 7.0, 8.0, 9.0, 8.5 ] },
								"south": { "texture": "#waxcap", "uv": [ 0.0, 0.0, 1.0, 0.5 ], "enabled": false },
								"west": { "texture": "#waxcap", "uv": [ 6.5, 7.5, 8.5, 8.0 ] },
								"up": { "texture": "#waxcap", "uv": [ 5.5, 1.5, 6.5, 3.5 ], "enabled": false },
								"down": { "texture": "#waxcap", "uv": [ 8.0, 8.0, 9.0, 10.0 ] }
							}
						},
						{
							"name": "ring22",
							"from": [ -0.1, 0.9, -0.1 ], 
							"to": [ 1.1, 2.4, 1.1 ], 
							"rotationOrigin": [ 0.5, 0.9, 0.5 ],
							"rotationX": 3.0,
							"faces": {
								"north": { "texture": "#waxcap", "uv": [ 0.5, 7.5, 1.5, 9.0 ] },
								"east": { "texture": "#waxcap", "uv": [ 1.0, 8.0, 2.0, 9.5 ] },
								"south": { "texture": "#waxcap", "uv": [ 1.5, 7.0, 2.5, 8.5 ] },
								"west": { "texture": "#waxcap", "uv": [ 0.5, 5.0, 1.5, 6.5 ] },
								"up": { "texture": "#waxcap", "uv": [ 0.0, 0.0, 1.0, 1.0 ], "enabled": false },
								"down": { "texture": "#waxcap", "uv": [ 0.0, 0.0, 1.0, 1.0 ] }
							}
						}
					]
				},
				{
					"name": "stem23",
					"from": [ -1.5, -0.3, -4.5 ], 
					"to": [ -0.5, 1.2, -3.5 ], 
					"rotationOrigin": [ -1.0, -0.3, -4.0 ],
					"rotationX": -9.000000695622022,
					"rotationY": -36.0000016565325,
					"rotationZ": 3.999999645614903,
					"faces": {
						"north": { "texture": "#waxcap", "uv": [ 2.0, 7.5, 3.0, 9.0 ] },
						"east": { "texture": "#waxcap", "uv": [ 1.5, 8.5, 2.5, 10.0 ] },
						"south": { "texture": "#waxcap", "uv": [ 1.5, 7.5, 2.5, 9.0 ] },
						"west": { "texture": "#waxcap", "uv": [ 2.5, 9.0, 3.5, 10.5 ] },
						"up": { "texture": "#waxcap", "uv": [ 0.0, 0.0, 1.0, 1.0 ], "enabled": false },
						"down": { "texture": "#waxcap", "uv": [ 3.5, 10.0, 4.5, 11.0 ] }
					},
					"children": [
						{
							"name": "Cap24",
							"from": [ -1.5, 3.0, -1.5 ], 
							"to": [ 2.5, 4.0, 2.5 ], 
							"rotationOrigin": [ 0.5, 3.0, 0.5 ],
							"rotationX": 5.0,
							"rotationY": -14.0,
							"faces": {
								"north": { "texture": "#waxcap", "uv": [ 1.5, 4.0, 5.5, 5.0 ] },
								"east": { "texture": "#waxcap", "uv": [ 3.0, 5.0, 7.0, 6.0 ] },
								"south": { "texture": "#waxcap", "uv": [ 2.5, 3.0, 6.5, 4.0 ] },
								"west": { "texture": "#waxcap", "uv": [ 1.5, 1.0, 5.5, 2.0 ] },
								"up": { "texture": "#waxcap", "uv": [ 2.5, 2.5, 6.5, 6.5 ] },
								"down": { "texture": "#waxcap", "uv": [ 3.5, 3.0, 7.5, 7.0 ] }
							}
						},
						{
							"name": "gillsE25",
							"from": [ 0.6, 1.6, 0.0 ], 
							"to": [ 2.6, 2.1, 1.0 ], 
							"rotationOrigin": [ 0.6, 1.6, 0.5 ],
							"rotationZ": 45.0,
							"faces": {
								"north": { "texture": "#waxcap", "uv": [ 5.0, 7.0, 7.0, 7.5 ] },
								"east": { "texture": "#waxcap", "uv": [ 8.5, 10.5, 9.5, 11.0 ], "enabled": false },
								"south": { "texture": "#waxcap", "uv": [ 3.0, 5.0, 5.0, 5.5 ] },
								"west": { "texture": "#waxcap", "uv": [ 11.5, 11.5, 12.5, 12.0 ], "enabled": false },
								"up": { "texture": "#waxcap", "uv": [ 10.0, 10.0, 12.0, 11.0 ], "enabled": false },
								"down": { "texture": "#waxcap", "uv": [ 1.5, 6.0, 3.5, 7.0 ] }
							}
						},
						{
							"name": "gillsW26",
							"from": [ -1.6, 1.6, 0.0 ], 
							"to": [ 0.4, 2.1, 1.0 ], 
							"rotationOrigin": [ 0.4, 1.6, 0.5 ],
							"rotationZ": -45.0,
							"faces": {
								"north": { "texture": "#waxcap", "uv": [ 3.0, 6.5, 5.0, 7.0 ] },
								"east": { "texture": "#waxcap", "uv": [ 10.5, 10.5, 11.5, 11.0 ], "enabled": false },
								"south": { "texture": "#waxcap", "uv": [ 5.0, 4.0, 7.0, 4.5 ] },
								"west": { "texture": "#waxcap", "uv": [ 9.0, 10.5, 10.0, 11.0 ], "enabled": false },
								"up": { "texture": "#waxcap", "uv": [ 10.0, 11.0, 12.0, 12.0 ], "enabled": false },
								"down": { "texture": "#waxcap", "uv": [ 3.5, 6.0, 5.5, 7.0 ] }
							}
						},
						{
							"name": "gillsS27",
							"from": [ 0.0, 1.6, 0.6 ], 
							"to": [ 1.0, 2.1, 2.6 ], 
							"rotationOrigin": [ 0.5, 1.6, 0.6 ],
							"rotationX": -45.0,
							"faces": {
								"north": { "texture": "#waxcap", "uv": [ 10.0, 9.0, 11.0, 9.5 ], "enabled": false },
								"east": { "texture": "#waxcap", "uv": [ 12.0, 7.0, 14.0, 7.5 ] },
								"south": { "texture": "#waxcap", "uv": [ 5.5, 6.0, 6.5, 6.5 ], "enabled": false },
								"west": { "texture": "#waxcap", "uv": [ 11.0, 6.0, 13.0, 6.5 ] },
								"up": { "texture": "#waxcap", "uv": [ 0.0, 0.0, 1.0, 2.0 ], "enabled": false },
								"down": { "texture": "#waxcap", "uv": [ 9.5, 8.0, 10.5, 10.0 ] }
							}
						},
						{
							"name": "gillsN28",
							"from": [ 0.0, 1.9, -1.6 ], 
							"to": [ 1.0, 2.4, 0.4 ], 
							"rotationOrigin": [ 0.5, 1.9, 0.4 ],
							"rotationX": 40.0,
							"faces": {
								"north": { "texture": "#waxcap", "uv": [ 0.0, 0.0, 1.0, 0.5 ], "enabled": false },
								"east": { "texture": "#waxcap", "uv": [ 4.5, 7.0, 6.5, 7.5 ] },
								"south": { "texture": "#waxcap", "uv": [ 0.0, 0.0, 1.0, 0.5 ], "enabled": false },
								"west": { "texture": "#waxcap", "uv": [ 5.5, 9.5, 7.5, 10.0 ] },
								"up": { "texture": "#waxcap", "uv": [ 5.5, 1.5, 6.5, 3.5 ], "enabled": false },
								"down": { "texture": "#waxcap", "uv": [ 6.0, 2.5, 7.0, 4.5 ] }
							}
						},
						{
							"name": "ring29",
							"from": [ -0.1, 1.4, -0.1 ], 
							"to": [ 1.1, 2.9, 1.1 ], 
							"rotationOrigin": [ 0.5, 1.4, 0.5 ],
							"rotationZ": 3.0,
							"faces": {
								"north": { "texture": "#waxcap", "uv": [ 0.5, 7.5, 1.5, 9.0 ] },
								"east": { "texture": "#waxcap", "uv": [ 1.0, 8.0, 2.0, 9.5 ] },
								"south": { "texture": "#waxcap", "uv": [ 1.5, 7.0, 2.5, 8.5 ] },
								"west": { "texture": "#waxcap", "uv": [ 0.5, 5.0, 1.5, 6.5 ] },
								"up": { "texture": "#waxcap", "uv": [ 0.0, 0.0, 1.0, 1.0 ], "enabled": false },
								"down": { "texture": "#waxcap", "uv": [ 0.0, 0.0, 1.0, 1.0 ] }
							}
						}
					]
				},
				{
					"name": "stem37",
					"from": [ 2.8, -0.4, 2.9 ], 
					"to": [ 3.6, 0.6, 3.7 ], 
					"rotationOrigin": [ 3.2, -0.4, 3.3 ],
					"rotationX": 4.999999821399809,
					"faces": {
						"north": { "texture": "#waxcap", "uv": [ 1.0, 10.0, 1.5, 11.0 ] },
						"east": { "texture": "#waxcap", "uv": [ 1.5, 11.0, 2.0, 12.0 ] },
						"south": { "texture": "#waxcap", "uv": [ 1.0, 11.0, 1.5, 12.0 ] },
						"west": { "texture": "#waxcap", "uv": [ 1.0, 11.0, 1.5, 12.0 ] },
						"up": { "texture": "#waxcap", "uv": [ 0.0, 0.0, 0.5, 0.5 ], "enabled": false },
						"down": { "texture": "#waxcap", "uv": [ 0.5, 14.5, 1.0, 15.0 ] }
					},
					"children": [
						{
							"name": "Cap38",
							"from": [ -0.9, 1.8, -0.8 ], 
							"to": [ 1.6, 2.4, 1.7 ], 
							"rotationOrigin": [ 0.5, 1.8, 0.5 ],
							"rotationY": 14.0,
							"faces": {
								"north": { "texture": "#waxcap", "uv": [ 5.5, 5.5, 8.0, 6.0 ] },
								"east": { "texture": "#waxcap", "uv": [ 5.5, 5.5, 8.0, 6.0 ] },
								"south": { "texture": "#waxcap", "uv": [ 4.5, 5.0, 7.0, 5.5 ] },
								"west": { "texture": "#waxcap", "uv": [ 6.5, 5.5, 9.0, 6.0 ] },
								"up": { "texture": "#waxcap", "uv": [ 7.0, 1.5, 9.5, 4.0 ] },
								"down": { "texture": "#waxcap", "uv": [ 8.5, 9.0, 11.0, 11.5 ] }
							}
						},
						{
							"name": "ring43",
							"from": [ -0.2, 0.9, -0.2 ], 
							"to": [ 1.0, 1.9, 1.0 ], 
							"rotationOrigin": [ 0.4, 0.9, 0.4 ],
							"rotationZ": 7.0,
							"faces": {
								"north": { "texture": "#waxcap", "uv": [ 0.5, 7.5, 1.5, 8.5 ] },
								"east": { "texture": "#waxcap", "uv": [ 1.0, 8.0, 2.0, 9.0 ] },
								"south": { "texture": "#waxcap", "uv": [ 1.5, 7.0, 2.5, 8.0 ] },
								"west": { "texture": "#waxcap", "uv": [ 0.5, 5.0, 1.5, 6.0 ] },
								"up": { "texture": "#waxcap", "uv": [ 0.0, 0.0, 1.0, 1.0 ], "enabled": false },
								"down": { "texture": "#waxcap", "uv": [ 0.0, 0.0, 1.0, 1.0 ] }
							}
						}
					]
				},
				{
					"name": "voxel47",
					"from": [ -3.0, 0.0, -1.3 ], 
					"to": [ -2.0, 0.5, -0.3 ], 
					"rotationOrigin": [ -2.5, 0.0, -0.8 ],
					"rotationY": 13.999999591706448,
					"faces": {
						"north": { "texture": "#waxcap", "uv": [ 5.0, 4.5, 6.0, 5.0 ] },
						"east": { "texture": "#waxcap", "uv": [ 10.0, 10.5, 11.0, 11.0 ] },
						"south": { "texture": "#waxcap", "uv": [ 6.0, 8.5, 7.0, 9.0 ] },
						"west": { "texture": "#waxcap", "uv": [ 8.5, 9.0, 9.5, 9.5 ] },
						"up": { "texture": "#waxcap", "uv": [ 7.0, 9.0, 8.0, 10.0 ] },
						"down": { "texture": "#waxcap", "uv": [ 12.0, 12.0, 13.0, 13.0 ] }
					}
				},
				{
					"name": "mycelium",
					"from": [ -5.0, 0.1, -5.0 ], 
					"to": [ 5.0, 0.1, 5.0 ], 
					"rotationOrigin": [ 0.0, 0.1, 0.0 ],
					"renderPass": 3,
					"faces": {
						"north": { "texture": "#waxcap", "uv": [ 0.0, 0.0, 10.0, 0.5 ], "enabled": false },
						"east": { "texture": "#waxcap", "uv": [ 0.0, 0.0, 10.0, 0.5 ], "enabled": false },
						"south": { "texture": "#waxcap", "uv": [ 0.0, 0.0, 10.0, 0.5 ], "enabled": false },
						"west": { "texture": "#waxcap", "uv": [ 0.0, 0.0, 10.0, 0.5 ], "enabled": false },
						"up": { "texture": "#mycelium2", "uv": [ 3.0, 3.0, 13.0, 13.0 ] },
						"down": { "texture": "#waxcap", "uv": [ 0.0, 0.0, 10.0, 10.0 ], "enabled": false }
					}
				}
			]
		}
	]}