{
	"editor": {
		"allAngles": true,
		"entityTextureMode": false
	},
	"textureWidth": 16,
	"textureHeight": 16,
	"textureSizes": {
	},
	"textures": {
		"basiliskfang": "block/plant/mushroom/basiliskfang/basiliskfang"
	},
	"elements": [
		{
			"name": "origin",
			"from": [ 8.0, 0.0, 8.0 ], 
			"to": [ 8.0, 0.0, 8.0 ], 
			"rotationOrigin": [ 8.0, 0.0, 8.0 ],
			"faces": {
				"north": { "texture": "#basiliskfang", "uv": [ 0.0, 0.0, 0.5, 0.5 ], "enabled": false },
				"east": { "texture": "#basiliskfang", "uv": [ 0.0, 0.0, 0.5, 0.5 ], "enabled": false },
				"south": { "texture": "#basiliskfang", "uv": [ 0.0, 0.0, 0.5, 0.5 ], "enabled": false },
				"west": { "texture": "#basiliskfang", "uv": [ 0.0, 0.0, 0.5, 0.5 ], "enabled": false },
				"up": { "texture": "#basiliskfang", "uv": [ 0.0, 0.0, 0.5, 0.5 ], "enabled": false },
				"down": { "texture": "#basiliskfang", "uv": [ 0.0, 0.0, 0.5, 0.5 ], "enabled": false }
			},
			"children": [
				{
					"name": "stem1",
					"from": [ 0.2, 0.0, 0.0 ], 
					"to": [ 0.6, 2.0, 0.4 ], 
					"rotationOrigin": [ 0.4, 0.1, 0.3 ],
					"rotationX": 4.0,
					"rotationY": 28.0,
					"rotationZ": -6.0,
					"faces": {
						"north": { "texture": "#basiliskfang", "uv": [ 11.0, 11.5, 11.5, 13.5 ] },
						"east": { "texture": "#basiliskfang", "uv": [ 11.5, 12.0, 12.0, 14.0 ] },
						"south": { "texture": "#basiliskfang", "uv": [ 10.5, 11.5, 11.0, 13.5 ] },
						"west": { "texture": "#basiliskfang", "uv": [ 11.5, 12.5, 12.0, 14.5 ] },
						"up": { "texture": "#basiliskfang", "uv": [ 11.5, 9.5, 12.0, 10.0 ], "windMode": [-1,-1,-1,-1] },
						"down": { "texture": "#basiliskfang", "uv": [ 9.5, 15.0, 10.0, 15.5 ] }
					},
					"children": [
						{
							"name": "cap1",
							"from": [ -0.3, 1.8, -0.2 ], 
							"to": [ 0.7, 2.8, 0.8 ], 
							"rotationOrigin": [ 0.2, 1.8, 0.3 ],
							"rotationX": 4.0,
							"rotationY": 19.0,
							"rotationZ": 8.0,
							"faces": {
								"north": { "texture": "#basiliskfang", "uv": [ 1.5, 4.5, 2.5, 5.5 ] },
								"east": { "texture": "#basiliskfang", "uv": [ 1.0, 5.5, 2.0, 6.5 ] },
								"south": { "texture": "#basiliskfang", "uv": [ 2.5, 5.0, 3.5, 6.0 ] },
								"west": { "texture": "#basiliskfang", "uv": [ 3.0, 5.5, 4.0, 6.5 ] },
								"up": { "texture": "#basiliskfang", "uv": [ 2.5, 4.5, 3.5, 5.5 ] },
								"down": { "texture": "#basiliskfang", "uv": [ 3.0, 4.0, 4.0, 5.0 ] }
							},
							"children": [
								{
									"name": "tip1",
									"from": [ 0.2, 1.0, 0.2 ], 
									"to": [ 0.8, 2.0, 0.8 ], 
									"rotationOrigin": [ 0.9, 1.0, 0.9 ],
									"faces": {
										"north": { "texture": "#basiliskfang", "uv": [ 2.0, 3.0, 2.5, 4.0 ] },
										"east": { "texture": "#basiliskfang", "uv": [ 3.0, 6.0, 3.5, 7.0 ] },
										"south": { "texture": "#basiliskfang", "uv": [ 2.5, 3.0, 3.0, 4.0 ] },
										"west": { "texture": "#basiliskfang", "uv": [ 3.5, 6.0, 4.0, 7.0 ] },
										"up": { "texture": "#basiliskfang", "uv": [ 6.5, 4.5, 7.0, 5.0 ] },
										"down": { "texture": "#basiliskfang", "uv": [ 0.0, 0.0, 0.5, 0.5 ], "enabled": false }
									}
								}
							]
						}
					]
				},
				{
					"name": "stem10",
					"from": [ -0.2, 0.0, -1.0 ], 
					"to": [ 0.2, 1.5, -0.6 ], 
					"rotationOrigin": [ 0.0, 0.1, -0.8 ],
					"rotationY": 36.0,
					"rotationZ": -6.0,
					"faces": {
						"north": { "texture": "#basiliskfang", "uv": [ 12.5, 12.0, 13.0, 13.5 ] },
						"east": { "texture": "#basiliskfang", "uv": [ 12.0, 10.5, 12.5, 12.0 ] },
						"south": { "texture": "#basiliskfang", "uv": [ 11.0, 12.0, 11.5, 13.5 ] },
						"west": { "texture": "#basiliskfang", "uv": [ 12.5, 11.0, 13.0, 12.5 ] },
						"up": { "texture": "#basiliskfang", "uv": [ 11.0, 9.0, 11.5, 9.5 ], "windMode": [-1,-1,-1,-1] },
						"down": { "texture": "#basiliskfang", "uv": [ 11.5, 14.0, 12.0, 14.5 ] }
					},
					"children": [
						{
							"name": "cap11",
							"from": [ -0.3, 1.3, -0.3 ], 
							"to": [ 0.7, 2.3, 0.7 ], 
							"rotationOrigin": [ 0.2, 1.3, 0.2 ],
							"rotationX": 25.0,
							"rotationZ": 8.0,
							"faces": {
								"north": { "texture": "#basiliskfang", "uv": [ 12.5, 4.0, 13.5, 5.0 ] },
								"east": { "texture": "#basiliskfang", "uv": [ 12.0, 6.5, 13.0, 7.5 ] },
								"south": { "texture": "#basiliskfang", "uv": [ 8.5, 2.5, 9.5, 3.5 ] },
								"west": { "texture": "#basiliskfang", "uv": [ 9.0, 3.5, 10.0, 4.5 ] },
								"up": { "texture": "#basiliskfang", "uv": [ 11.5, 5.5, 12.5, 6.5 ] },
								"down": { "texture": "#basiliskfang", "uv": [ 10.0, 6.5, 11.0, 7.5 ] }
							},
							"children": [
								{
									"name": "tip12",
									"from": [ 0.2, 1.0, 0.2 ], 
									"to": [ 0.8, 2.0, 0.8 ], 
									"rotationOrigin": [ 0.9, 1.0, 0.9 ],
									"faces": {
										"north": { "texture": "#basiliskfang", "uv": [ 10.0, 2.5, 10.5, 3.5 ] },
										"east": { "texture": "#basiliskfang", "uv": [ 11.5, 3.5, 12.0, 4.5 ] },
										"south": { "texture": "#basiliskfang", "uv": [ 10.5, 3.5, 11.0, 4.5 ] },
										"west": { "texture": "#basiliskfang", "uv": [ 10.0, 2.5, 10.5, 3.5 ] },
										"up": { "texture": "#basiliskfang", "uv": [ 10.0, 5.5, 10.5, 6.0 ] },
										"down": { "texture": "#basiliskfang", "uv": [ 0.0, 0.0, 0.5, 0.5 ], "enabled": false }
									}
								}
							]
						}
					]
				},
				{
					"name": "stem18",
					"from": [ -0.2, 0.0, -0.3 ], 
					"to": [ 0.0, 1.0, -0.1 ], 
					"rotationOrigin": [ 0.0, 0.1, -0.2 ],
					"rotationX": -6.0,
					"rotationY": -19.0,
					"rotationZ": 39.0,
					"faces": {
						"north": { "texture": "#basiliskfang", "uv": [ 12.0, 13.5, 12.5, 14.5 ] },
						"east": { "texture": "#basiliskfang", "uv": [ 14.0, 14.0, 14.5, 15.0 ] },
						"south": { "texture": "#basiliskfang", "uv": [ 10.0, 13.0, 10.5, 14.0 ] },
						"west": { "texture": "#basiliskfang", "uv": [ 13.0, 13.5, 13.5, 14.5 ] },
						"up": { "texture": "#basiliskfang", "uv": [ 11.5, 13.5, 12.0, 14.0 ], "windMode": [-1,-1,-1,-1] },
						"down": { "texture": "#basiliskfang", "uv": [ 9.0, 14.0, 9.5, 14.5 ] }
					},
					"children": [
						{
							"name": "cap19",
							"from": [ -0.2, 0.8, -0.2 ], 
							"to": [ 0.4, 1.6, 0.4 ], 
							"rotationOrigin": [ 0.1, 0.8, 0.1 ],
							"rotationX": 8.0,
							"rotationY": -22.0,
							"faces": {
								"north": { "texture": "#basiliskfang", "uv": [ 11.5, 2.0, 12.0, 2.5 ] },
								"east": { "texture": "#basiliskfang", "uv": [ 8.5, 3.5, 9.0, 4.0 ] },
								"south": { "texture": "#basiliskfang", "uv": [ 11.5, 3.0, 12.0, 3.5 ] },
								"west": { "texture": "#basiliskfang", "uv": [ 11.0, 2.5, 11.5, 3.0 ] },
								"up": { "texture": "#basiliskfang", "uv": [ 11.0, 2.5, 11.5, 3.0 ] },
								"down": { "texture": "#basiliskfang", "uv": [ 11.0, 5.5, 11.5, 6.0 ] }
							}
						}
					]
				},
				{
					"name": "stem20",
					"from": [ -0.2, 0.0, 0.0 ], 
					"to": [ 0.0, 1.0, 0.2 ], 
					"rotationOrigin": [ 0.0, 0.1, 0.2 ],
					"rotationY": -19.0,
					"rotationZ": 3.0,
					"faces": {
						"north": { "texture": "#basiliskfang", "uv": [ 8.5, 13.0, 9.0, 14.0 ] },
						"east": { "texture": "#basiliskfang", "uv": [ 8.5, 13.0, 9.0, 14.0 ] },
						"south": { "texture": "#basiliskfang", "uv": [ 9.0, 14.5, 9.5, 15.5 ] },
						"west": { "texture": "#basiliskfang", "uv": [ 10.0, 13.0, 10.5, 14.0 ] },
						"up": { "texture": "#basiliskfang", "uv": [ 9.0, 12.0, 9.5, 12.5 ], "windMode": [-1,-1,-1,-1] },
						"down": { "texture": "#basiliskfang", "uv": [ 9.5, 11.0, 10.0, 11.5 ] }
					},
					"children": [
						{
							"name": "cap21",
							"from": [ -0.2, 0.8, -0.2 ], 
							"to": [ 0.4, 1.5, 0.4 ], 
							"rotationOrigin": [ 0.1, 0.8, 0.1 ],
							"rotationX": 2.0,
							"rotationY": 6.0,
							"faces": {
								"north": { "texture": "#basiliskfang", "uv": [ 12.0, 2.5, 12.5, 3.0 ] },
								"east": { "texture": "#basiliskfang", "uv": [ 11.0, 4.0, 11.5, 4.5 ] },
								"south": { "texture": "#basiliskfang", "uv": [ 11.5, 3.0, 12.0, 3.5 ] },
								"west": { "texture": "#basiliskfang", "uv": [ 12.5, 3.5, 13.0, 4.0 ] },
								"up": { "texture": "#basiliskfang", "uv": [ 11.0, 4.5, 11.5, 5.0 ] },
								"down": { "texture": "#basiliskfang", "uv": [ 13.0, 2.0, 13.5, 2.5 ] }
							}
						}
					]
				}
			]
		}
	]}