{
	"editor": {
		"allAngles": false,
		"entityTextureMode": false
	},
	"textureWidth": 16,
	"textureHeight": 16,
	"textureSizes": {
		"dimplecup": [16,16],
		"pores": [16,16]
	},
	"textures": {
	},
	"elements": [
		{
			"name": "origin",
			"from": [ 8.0, 0.0, 8.0 ],
			"to": [ 8.0, 0.0, 8.0 ],
			"rotationOrigin": [ 8.0, 0.0, 8.0 ],
			"faces": {
			},
			"children": [
				{
					"name": "large",
					"from": [ -1.5, 0.0, -1.0 ],
					"to": [ 0.5, 3.5, 1.0 ],
					"rotationOrigin": [ 0.0, 0.0, 0.5 ],
					"rotationY": -45.0,
					"faces": {
						"north": { "texture": "#dimplecup", "uv": [ 2.0, 12.0, 4.0, 15.5 ] },
						"east": { "texture": "#dimplecup", "uv": [ 5.5, 12.0, 7.5, 15.5 ] },
						"south": { "texture": "#dimplecup", "uv": [ 11.5, 12.0, 13.5, 15.5 ] },
						"west": { "texture": "#dimplecup", "uv": [ 6.5, 11.0, 8.5, 14.5 ] },
						"down": { "texture": "#dimplecup", "uv": [ 0.0, 13.0, 2.0, 15.0 ] }
					},
					"children": [
						{
							"name": "Cube16",
							"from": [ -1.25, 3.5, -1.2 ],
							"to": [ 3.25, 5.0, 3.3 ],
							"rotationOrigin": [ -0.5, 1.0, -0.4 ],
							"faces": {
								"north": { "texture": "#dimplecup", "uv": [ 9.5, 5.0, 14.0, 6.5 ] },
								"east": { "texture": "#dimplecup", "uv": [ 10.0, 5.0, 14.5, 6.5 ] },
								"south": { "texture": "#dimplecup", "uv": [ 9.0, 4.5, 13.5, 6.0 ] },
								"west": { "texture": "#dimplecup", "uv": [ 9.5, 5.5, 14.0, 7.0 ] },
								"up": { "texture": "#dimplecup", "uv": [ 1.5, 1.0, 6.0, 5.5 ] },
								"down": { "texture": "#pores", "uv": [ 0.0, 11.5, 4.5, 16.0 ] }
							},
							"children": [
								{
									"name": "Cube23",
									"from": [ 0.5, 1.5, 0.5 ],
									"to": [ 4.0, 2.0, 4.0 ],
									"rotationOrigin": [ 0.0, -1.0, 0.0 ],
									"faces": {
										"north": { "texture": "#dimplecup", "uv": [ 10.0, 4.5, 13.5, 5.0 ] },
										"east": { "texture": "#dimplecup", "uv": [ 10.0, 6.5, 13.5, 7.0 ] },
										"south": { "texture": "#dimplecup", "uv": [ 9.5, 0.5, 13.0, 1.0 ] },
										"west": { "texture": "#dimplecup", "uv": [ 11.0, 5.5, 14.5, 6.0 ] },
										"up": { "texture": "#dimplecup", "uv": [ 10.5, 2.5, 14.0, 6.0 ] }
									},
									"children": [
										{
											"name": "Cube24",
											"from": [ 0.5, 0.5, 0.5 ],
											"to": [ 3.0, 1.0, 3.0 ],
											"faces": {
												"north": { "texture": "#dimplecup", "uv": [ 11.0, 4.0, 13.5, 4.5 ] },
												"east": { "texture": "#dimplecup", "uv": [ 11.5, 3.0, 14.0, 3.5 ] },
												"south": { "texture": "#dimplecup", "uv": [ 13.0, 3.5, 15.5, 4.0 ] },
												"west": { "texture": "#dimplecup", "uv": [ 10.0, 4.5, 12.5, 5.0 ] },
												"up": { "texture": "#dimplecup", "uv": [ 11.5, 2.0, 14.0, 4.5 ] }
											}
										}
									]
								}
							]
						}
					]
				}
			]
		}
	]}