{
	"editor": {
		"allAngles": true,
		"entityTextureMode": false
	},
	"textureWidth": 16,
	"textureHeight": 16,
	"textureSizes": {
	},
	"textures": {
		"dwarvesbeard": "block/plant/mushroom/dwarvesbeard/dwarvesbeard",
		"mane": "block/plant/mushroom/dwarvesbeard/mane"
	},
	"elements": [
		{
			"name": "origin",
			"from": [ 8.0, 0.0, 8.0 ], 
			"to": [ 8.0, 0.0, 8.0 ], 
			"rotationOrigin": [ 8.0, 0.0, 8.0 ],
			"faces": {
				"north": { "texture": "#dwarvesbeard", "uv": [ 0.0, 0.0, 0.5, 0.5 ], "enabled": false },
				"east": { "texture": "#dwarvesbeard", "uv": [ 0.0, 0.0, 0.5, 0.5 ], "enabled": false },
				"south": { "texture": "#dwarvesbeard", "uv": [ 0.0, 0.0, 0.5, 0.5 ], "enabled": false },
				"west": { "texture": "#dwarvesbeard", "uv": [ 0.0, 0.0, 0.5, 0.5 ], "enabled": false },
				"up": { "texture": "#dwarvesbeard", "uv": [ 0.0, 0.0, 0.5, 0.5 ], "enabled": false },
				"down": { "texture": "#dwarvesbeard", "uv": [ 0.0, 0.0, 0.5, 0.5 ], "enabled": false }
			},
			"children": [
				{
					"name": "Main",
					"from": [ -3.0, 0.0, -3.0 ], 
					"to": [ 3.0, 3.0, 3.0 ], 
					"rotationOrigin": [ 0.0, 0.0, 0.0 ],
					"rotationY": 45.0,
					"faces": {
						"north": { "texture": "#dwarvesbeard", "uv": [ 4.0, 7.5, 10.0, 10.5 ] },
						"east": { "texture": "#dwarvesbeard", "uv": [ 6.5, 11.5, 12.5, 14.5 ] },
						"south": { "texture": "#dwarvesbeard", "uv": [ 4.5, 7.0, 10.5, 10.0 ] },
						"west": { "texture": "#dwarvesbeard", "uv": [ 5.5, 8.5, 11.5, 11.5 ] },
						"up": { "texture": "#dwarvesbeard", "uv": [ 5.0, 1.0, 11.0, 7.0 ] },
						"down": { "texture": "#dwarvesbeard", "uv": [ 5.0, 1.0, 11.0, 7.0 ] }
					},
					"children": [
						{
							"name": "top",
							"from": [ 0.5, 3.0, 0.5 ], 
							"to": [ 5.5, 4.0, 5.5 ], 
							"rotationOrigin": [ 3.0, 3.0, 3.0 ],
							"faces": {
								"north": { "texture": "#dwarvesbeard", "uv": [ 5.5, 8.5, 10.5, 9.5 ] },
								"east": { "texture": "#dwarvesbeard", "uv": [ 8.0, 9.0, 13.0, 10.0 ] },
								"south": { "texture": "#dwarvesbeard", "uv": [ 9.0, 14.5, 14.0, 15.5 ] },
								"west": { "texture": "#dwarvesbeard", "uv": [ 6.0, 11.0, 11.0, 12.0 ] },
								"up": { "texture": "#dwarvesbeard", "uv": [ 5.5, 1.0, 10.5, 6.0 ] },
								"down": { "texture": "#dwarvesbeard", "uv": [ 0.0, 0.0, 5.0, 5.0 ], "enabled": false }
							},
							"children": [
								{
									"name": "tw",
									"from": [ 0.0, -1.0, 0.0 ], 
									"to": [ 0.0, 1.0, 5.0 ], 
									"rotationOrigin": [ 0.0, 1.0, 2.5 ],
									"rotationZ": -47.0,
									"faces": {
										"north": { "texture": "#dwarvesbeard", "uv": [ 0.0, 0.0, 0.5, 2.0 ], "enabled": false },
										"east": { "texture": "#dwarvesbeard", "uv": [ 0.0, 0.0, 5.0, 2.0 ], "enabled": false },
										"south": { "texture": "#dwarvesbeard", "uv": [ 0.0, 0.0, 0.5, 2.0 ], "enabled": false },
										"west": { "texture": "#mane", "uv": [ 10.0, 6.5, 15.0, 8.5 ] },
										"up": { "texture": "#dwarvesbeard", "uv": [ 0.0, 0.0, 0.5, 5.0 ], "enabled": false },
										"down": { "texture": "#dwarvesbeard", "uv": [ 0.0, 0.0, 0.5, 5.0 ], "enabled": false }
									}
								},
								{
									"name": "ts",
									"from": [ 0.0, -1.0, 0.0 ], 
									"to": [ 5.0, 1.0, 0.0 ], 
									"rotationOrigin": [ 2.5, 1.0, 0.0 ],
									"rotationX": 28.0,
									"faces": {
										"north": { "texture": "#mane", "uv": [ 0.0, 0.0, 5.0, 2.0 ], "enabled": false },
										"east": { "texture": "#mane", "uv": [ 0.0, 0.0, 0.5, 2.0 ], "enabled": false },
										"south": { "texture": "#mane", "uv": [ 11.0, 7.0, 16.0, 9.0 ] },
										"west": { "texture": "#mane", "uv": [ 0.0, 0.0, 0.5, 2.0 ], "enabled": false },
										"up": { "texture": "#mane", "uv": [ 0.0, 0.0, 5.0, 0.5 ], "enabled": false },
										"down": { "texture": "#mane", "uv": [ 0.0, 0.0, 5.0, 0.5 ], "enabled": false }
									}
								},
								{
									"name": "te",
									"from": [ 5.0, -1.0, 0.0 ], 
									"to": [ 5.0, 1.0, 5.0 ], 
									"rotationOrigin": [ 5.0, 1.0, 2.5 ],
									"rotationZ": 36.0,
									"faces": {
										"north": { "texture": "#dwarvesbeard", "uv": [ 0.0, 0.0, 0.5, 2.0 ], "enabled": false },
										"east": { "texture": "#mane", "uv": [ 7.0, 7.0, 12.0, 9.0 ] },
										"south": { "texture": "#dwarvesbeard", "uv": [ 0.0, 0.0, 0.5, 2.0 ], "enabled": false },
										"west": { "texture": "#mane", "uv": [ 10.0, 6.5, 15.0, 8.5 ], "enabled": false },
										"up": { "texture": "#dwarvesbeard", "uv": [ 0.0, 0.0, 0.5, 5.0 ], "enabled": false },
										"down": { "texture": "#dwarvesbeard", "uv": [ 0.0, 0.0, 0.5, 5.0 ], "enabled": false }
									}
								},
								{
									"name": "tn",
									"from": [ 0.0, -1.0, 5.0 ], 
									"to": [ 5.0, 1.0, 5.0 ], 
									"rotationOrigin": [ 2.5, 1.0, 5.0 ],
									"rotationX": -33.0,
									"faces": {
										"north": { "texture": "#mane", "uv": [ 0.0, 0.0, 5.0, 2.0 ], "enabled": false },
										"east": { "texture": "#mane", "uv": [ 0.0, 0.0, 0.5, 2.0 ], "enabled": false },
										"south": { "texture": "#mane", "uv": [ 11.0, 7.0, 16.0, 9.0 ] },
										"west": { "texture": "#mane", "uv": [ 0.0, 0.0, 0.5, 2.0 ], "enabled": false },
										"up": { "texture": "#mane", "uv": [ 0.0, 0.0, 5.0, 0.5 ], "enabled": false },
										"down": { "texture": "#mane", "uv": [ 0.0, 0.0, 5.0, 0.5 ], "enabled": false }
									}
								}
							]
						},
						{
							"name": "w1",
							"from": [ 0.0, -1.0, 0.0 ], 
							"to": [ 0.0, 1.0, 6.0 ], 
							"rotationOrigin": [ 0.0, 1.0, 3.0 ],
							"rotationZ": -22.5,
							"faces": {
								"north": { "texture": "#dwarvesbeard", "uv": [ 0.0, 0.0, 0.5, 2.0 ], "enabled": false },
								"east": { "texture": "#dwarvesbeard", "uv": [ 0.0, 0.0, 6.0, 2.0 ], "enabled": false },
								"south": { "texture": "#dwarvesbeard", "uv": [ 0.0, 0.0, 0.5, 2.0 ], "enabled": false },
								"west": { "texture": "#mane", "uv": [ 8.5, 6.5, 14.5, 8.5 ] },
								"up": { "texture": "#dwarvesbeard", "uv": [ 0.0, 0.0, 0.5, 6.0 ], "enabled": false },
								"down": { "texture": "#dwarvesbeard", "uv": [ 0.0, 0.0, 0.5, 6.0 ], "enabled": false }
							}
						},
						{
							"name": "w2",
							"from": [ 0.0, -1.0, 0.0 ], 
							"to": [ 0.0, 2.0, 6.0 ], 
							"rotationOrigin": [ 0.0, 2.0, 3.0 ],
							"rotationZ": -22.5,
							"faces": {
								"north": { "texture": "#dwarvesbeard", "uv": [ 0.0, 0.0, 0.5, 3.0 ], "enabled": false },
								"east": { "texture": "#dwarvesbeard", "uv": [ 0.0, 0.0, 6.0, 3.0 ], "enabled": false },
								"south": { "texture": "#dwarvesbeard", "uv": [ 0.0, 0.0, 0.5, 3.0 ], "enabled": false },
								"west": { "texture": "#mane", "uv": [ 3.0, 6.0, 9.0, 9.0 ] },
								"up": { "texture": "#dwarvesbeard", "uv": [ 0.0, 0.0, 0.5, 6.0 ], "enabled": false },
								"down": { "texture": "#dwarvesbeard", "uv": [ 0.0, 0.0, 0.5, 6.0 ], "enabled": false }
							}
						},
						{
							"name": "w3",
							"from": [ 0.0, 1.0, 0.0 ], 
							"to": [ 0.0, 3.0, 6.0 ], 
							"rotationOrigin": [ 0.0, 3.0, 3.0 ],
							"rotationZ": -30.0,
							"faces": {
								"north": { "texture": "#dwarvesbeard", "uv": [ 0.0, 0.0, 0.5, 2.0 ], "enabled": false },
								"east": { "texture": "#dwarvesbeard", "uv": [ 0.0, 0.0, 6.0, 2.0 ], "enabled": false },
								"south": { "texture": "#dwarvesbeard", "uv": [ 0.0, 0.0, 0.5, 2.0 ], "enabled": false },
								"west": { "texture": "#mane", "uv": [ 3.5, 6.5, 9.5, 8.5 ] },
								"up": { "texture": "#dwarvesbeard", "uv": [ 0.0, 0.0, 0.5, 6.0 ], "enabled": false },
								"down": { "texture": "#dwarvesbeard", "uv": [ 0.0, 0.0, 0.5, 6.0 ], "enabled": false }
							}
						},
						{
							"name": "e1",
							"from": [ 6.0, -1.0, 0.0 ], 
							"to": [ 6.0, 1.0, 6.0 ], 
							"rotationOrigin": [ 6.0, 1.0, 3.0 ],
							"rotationZ": 22.5,
							"faces": {
								"north": { "texture": "#dwarvesbeard", "uv": [ 0.0, 0.0, 0.5, 2.0 ], "enabled": false },
								"east": { "texture": "#mane", "uv": [ 2.0, 6.5, 8.0, 8.5 ] },
								"south": { "texture": "#dwarvesbeard", "uv": [ 0.0, 0.0, 0.5, 2.0 ], "enabled": false },
								"west": { "texture": "#mane", "uv": [ 8.5, 6.5, 14.5, 8.5 ], "enabled": false },
								"up": { "texture": "#dwarvesbeard", "uv": [ 0.0, 0.0, 0.5, 6.0 ], "enabled": false },
								"down": { "texture": "#dwarvesbeard", "uv": [ 0.0, 0.0, 0.5, 6.0 ], "enabled": false }
							}
						},
						{
							"name": "e2",
							"from": [ 6.0, -1.0, 0.0 ], 
							"to": [ 6.0, 2.0, 6.0 ], 
							"rotationOrigin": [ 6.0, 2.0, 3.0 ],
							"rotationZ": 25.0,
							"faces": {
								"north": { "texture": "#dwarvesbeard", "uv": [ 0.0, 0.0, 0.5, 3.0 ], "enabled": false },
								"east": { "texture": "#mane", "uv": [ 9.5, 5.5, 15.5, 8.5 ] },
								"south": { "texture": "#dwarvesbeard", "uv": [ 0.0, 0.0, 0.5, 3.0 ], "enabled": false },
								"west": { "texture": "#mane", "uv": [ 3.0, 6.0, 9.0, 9.0 ], "enabled": false },
								"up": { "texture": "#dwarvesbeard", "uv": [ 0.0, 0.0, 0.5, 6.0 ], "enabled": false },
								"down": { "texture": "#dwarvesbeard", "uv": [ 0.0, 0.0, 0.5, 6.0 ], "enabled": false }
							}
						},
						{
							"name": "e3",
							"from": [ 6.0, 1.0, 0.0 ], 
							"to": [ 6.0, 3.0, 6.0 ], 
							"rotationOrigin": [ 6.0, 3.0, 3.0 ],
							"rotationZ": 22.0,
							"faces": {
								"north": { "texture": "#dwarvesbeard", "uv": [ 0.0, 0.0, 0.5, 2.0 ], "enabled": false },
								"east": { "texture": "#mane", "uv": [ 5.0, 6.5, 11.0, 8.5 ] },
								"south": { "texture": "#dwarvesbeard", "uv": [ 0.0, 0.0, 0.5, 2.0 ], "enabled": false },
								"west": { "texture": "#mane", "uv": [ 3.5, 6.5, 9.5, 8.5 ], "enabled": false },
								"up": { "texture": "#dwarvesbeard", "uv": [ 0.0, 0.0, 0.5, 6.0 ], "enabled": false },
								"down": { "texture": "#dwarvesbeard", "uv": [ 0.0, 0.0, 0.5, 6.0 ], "enabled": false }
							}
						},
						{
							"name": "n1",
							"from": [ 0.0, -1.0, 0.0 ], 
							"to": [ 6.0, 1.0, 0.0 ], 
							"rotationOrigin": [ 3.0, 1.0, 0.0 ],
							"rotationX": 28.0,
							"faces": {
								"north": { "texture": "#mane", "uv": [ 9.0, 6.5, 15.0, 8.5 ] },
								"east": { "texture": "#mane", "uv": [ 0.0, 0.0, 0.5, 2.0 ], "enabled": false },
								"south": { "texture": "#mane", "uv": [ 0.0, 0.0, 6.0, 2.0 ], "enabled": false },
								"west": { "texture": "#mane", "uv": [ 0.0, 0.0, 0.5, 2.0 ], "enabled": false },
								"up": { "texture": "#mane", "uv": [ 0.0, 0.0, 6.0, 0.5 ], "enabled": false },
								"down": { "texture": "#mane", "uv": [ 0.0, 0.0, 6.0, 0.5 ], "enabled": false }
							}
						},
						{
							"name": "n2",
							"from": [ 0.0, -1.0, 0.0 ], 
							"to": [ 6.0, 2.0, 0.0 ], 
							"rotationOrigin": [ 3.0, 2.0, 0.0 ],
							"rotationX": 28.0,
							"faces": {
								"north": { "texture": "#mane", "uv": [ 1.0, 6.0, 7.0, 9.0 ] },
								"east": { "texture": "#mane", "uv": [ 0.0, 0.0, 0.5, 3.0 ], "enabled": false },
								"south": { "texture": "#mane", "uv": [ 0.0, 0.0, 6.0, 3.0 ], "enabled": false },
								"west": { "texture": "#mane", "uv": [ 0.0, 0.0, 0.5, 3.0 ], "enabled": false },
								"up": { "texture": "#mane", "uv": [ 0.0, 0.0, 6.0, 0.5 ], "enabled": false },
								"down": { "texture": "#mane", "uv": [ 0.0, 0.0, 6.0, 0.5 ], "enabled": false }
							}
						},
						{
							"name": "n3",
							"from": [ 0.0, 1.0, 0.0 ], 
							"to": [ 6.0, 3.0, 0.0 ], 
							"rotationOrigin": [ 3.0, 3.0, 0.0 ],
							"rotationX": 28.0,
							"faces": {
								"north": { "texture": "#mane", "uv": [ 5.0, 6.5, 11.0, 8.5 ] },
								"east": { "texture": "#mane", "uv": [ 0.0, 0.0, 0.5, 2.0 ], "enabled": false },
								"south": { "texture": "#mane", "uv": [ 0.0, 0.0, 6.0, 2.0 ], "enabled": false },
								"west": { "texture": "#mane", "uv": [ 0.0, 0.0, 0.5, 2.0 ], "enabled": false },
								"up": { "texture": "#mane", "uv": [ 0.0, 0.0, 6.0, 0.5 ], "enabled": false },
								"down": { "texture": "#mane", "uv": [ 0.0, 0.0, 6.0, 0.5 ], "enabled": false }
							}
						},
						{
							"name": "s3",
							"from": [ 0.0, 1.0, 6.0 ], 
							"to": [ 6.0, 3.0, 6.0 ], 
							"rotationOrigin": [ 3.0, 3.0, 6.0 ],
							"rotationX": -47.0,
							"faces": {
								"north": { "texture": "#mane", "uv": [ 5.0, 6.5, 11.0, 8.5 ], "enabled": false },
								"east": { "texture": "#mane", "uv": [ 0.0, 0.0, 0.5, 2.0 ], "enabled": false },
								"south": { "texture": "#mane", "uv": [ 4.5, 6.5, 10.5, 8.5 ] },
								"west": { "texture": "#mane", "uv": [ 0.0, 0.0, 0.5, 2.0 ], "enabled": false },
								"up": { "texture": "#mane", "uv": [ 0.0, 0.0, 6.0, 0.5 ], "enabled": false },
								"down": { "texture": "#mane", "uv": [ 0.0, 0.0, 6.0, 0.5 ], "enabled": false }
							}
						},
						{
							"name": "s2",
							"from": [ 0.0, -1.0, 6.0 ], 
							"to": [ 6.0, 2.0, 6.0 ], 
							"rotationOrigin": [ 3.0, 2.0, 6.0 ],
							"rotationX": -36.0,
							"faces": {
								"north": { "texture": "#mane", "uv": [ 1.0, 6.0, 7.0, 9.0 ], "enabled": false },
								"east": { "texture": "#mane", "uv": [ 0.0, 0.0, 0.5, 3.0 ], "enabled": false },
								"south": { "texture": "#mane", "uv": [ 6.0, 6.5, 12.0, 9.5 ] },
								"west": { "texture": "#mane", "uv": [ 0.0, 0.0, 0.5, 3.0 ], "enabled": false },
								"up": { "texture": "#mane", "uv": [ 0.0, 0.0, 6.0, 0.5 ], "enabled": false },
								"down": { "texture": "#mane", "uv": [ 0.0, 0.0, 6.0, 0.5 ], "enabled": false }
							}
						},
						{
							"name": "s1",
							"from": [ 0.0, -1.0, 6.0 ], 
							"to": [ 6.0, 1.0, 6.0 ], 
							"rotationOrigin": [ 3.0, 1.0, 6.0 ],
							"rotationX": -9.0,
							"faces": {
								"north": { "texture": "#mane", "uv": [ 9.0, 6.5, 15.0, 8.5 ], "enabled": false },
								"east": { "texture": "#mane", "uv": [ 0.0, 0.0, 0.5, 2.0 ], "enabled": false },
								"south": { "texture": "#mane", "uv": [ 0.0, 6.5, 6.0, 8.5 ] },
								"west": { "texture": "#mane", "uv": [ 0.0, 0.0, 0.5, 2.0 ], "enabled": false },
								"up": { "texture": "#mane", "uv": [ 0.0, 0.0, 6.0, 0.5 ], "enabled": false },
								"down": { "texture": "#mane", "uv": [ 0.0, 0.0, 6.0, 0.5 ], "enabled": false }
							}
						}
					]
				}
			]
		}
	]}