{
	"editor": {
		"allAngles": false,
		"entityTextureMode": false
	},
	"textureWidth": 16,
	"textureHeight": 16,
	"textureSizes": {
	},
	"textures": {
		"goldenloaf": "block/plant/mushroom/goldenloaf/goldenloaf"
	},
	"elements": [
		{
			"name": "origin",
			"from": [ 8.0, 0.0, 8.0 ], 
			"to": [ 8.0, 0.0, 8.0 ], 
			"rotationOrigin": [ 8.0, 0.0, 8.0 ],
			"faces": {
				"north": { "texture": "#null", "uv": [ 0.0, 0.0, 0.5, 0.5 ], "enabled": false },
				"east": { "texture": "#null", "uv": [ 0.0, 0.0, 0.5, 0.5 ], "enabled": false },
				"south": { "texture": "#null", "uv": [ 0.0, 0.0, 0.5, 0.5 ], "enabled": false },
				"west": { "texture": "#null", "uv": [ 0.0, 0.0, 0.5, 0.5 ], "enabled": false },
				"up": { "texture": "#null", "uv": [ 0.0, 0.0, 0.5, 0.5 ], "enabled": false },
				"down": { "texture": "#null", "uv": [ 0.0, 0.0, 0.5, 0.5 ], "enabled": false }
			},
			"children": [
				{
					"name": "main",
					"from": [ -3.0, 0.5, -3.0 ], 
					"to": [ 3.0, 3.5, 3.0 ], 
					"rotationOrigin": [ 0.0, 0.0, 0.0 ],
					"rotationY": 45.0,
					"faces": {
						"north": { "texture": "#goldenloaf", "uv": [ 2.0, 5.0, 8.0, 8.0 ] },
						"east": { "texture": "#goldenloaf", "uv": [ 1.0, 7.0, 7.0, 10.0 ] },
						"south": { "texture": "#goldenloaf", "uv": [ 1.0, 6.0, 7.0, 9.0 ] },
						"west": { "texture": "#goldenloaf", "uv": [ 0.0, 9.0, 6.0, 12.0 ] },
						"up": { "texture": "#goldenloaf", "uv": [ 9.0, 0.5, 15.0, 6.5 ] },
						"down": { "texture": "#goldenloaf", "uv": [ 9.5, 9.5, 15.5, 15.5 ] }
					},
					"children": [
						{
							"name": "top",
							"from": [ 0.5, 3.0, 0.5 ], 
							"to": [ 5.5, 3.5, 5.5 ], 
							"rotationOrigin": [ 3.0, 3.0, 3.0 ],
							"faces": {
								"north": { "texture": "#goldenloaf", "uv": [ 1.5, 2.0, 6.5, 2.5 ] },
								"east": { "texture": "#goldenloaf", "uv": [ 2.0, 2.0, 7.0, 2.5 ] },
								"south": { "texture": "#goldenloaf", "uv": [ 0.0, 1.5, 5.0, 2.0 ] },
								"west": { "texture": "#goldenloaf", "uv": [ 2.5, 1.5, 7.5, 2.0 ] },
								"up": { "texture": "#goldenloaf", "uv": [ 10.0, 1.5, 15.0, 6.5 ] },
								"down": { "texture": "#goldenloaf", "uv": [ 0.0, 0.0, 5.0, 5.0 ], "enabled": false }
							}
						},
						{
							"name": "bottom",
							"from": [ 0.5, -0.5, 0.5 ], 
							"to": [ 5.5, 0.0, 5.5 ], 
							"rotationOrigin": [ 3.0, -0.5, 3.0 ],
							"faces": {
								"north": { "texture": "#goldenloaf", "uv": [ 0.5, 14.5, 5.5, 15.0 ] },
								"east": { "texture": "#goldenloaf", "uv": [ 3.0, 14.5, 8.0, 15.0 ] },
								"south": { "texture": "#goldenloaf", "uv": [ 2.0, 15.0, 7.0, 15.5 ] },
								"west": { "texture": "#goldenloaf", "uv": [ 2.0, 15.0, 7.0, 15.5 ] },
								"up": { "texture": "#goldenloaf", "uv": [ 0.0, 0.0, 5.0, 5.0 ], "enabled": false },
								"down": { "texture": "#goldenloaf", "uv": [ 9.5, 10.0, 14.5, 15.0 ] }
							}
						}
					]
				}
			]
		}
	]}