{
	"editor": {
		"allAngles": true,
		"entityTextureMode": false
	},
	"textureWidth": 16,
	"textureHeight": 16,
	"textureSizes": {
	},
	"textures": {
		"plumphelmet": "block/plant/mushroom/plumphelmet/plumphelmet",
		"gills": "block/plant/mushroom/gills"
	},
	"elements": [
		{
			"name": "origin",
			"from": [ 8.0, 0.0, 8.0 ], 
			"to": [ 8.0, 0.0, 8.0 ], 
			"rotationOrigin": [ 8.0, 0.0, 8.0 ],
			"faces": {
				"north": { "texture": "#plumphelmet", "uv": [ 0.0, 0.0, 0.5, 0.5 ], "enabled": false },
				"east": { "texture": "#plumphelmet", "uv": [ 0.0, 0.0, 0.5, 0.5 ], "enabled": false },
				"south": { "texture": "#plumphelmet", "uv": [ 0.0, 0.0, 0.5, 0.5 ], "enabled": false },
				"west": { "texture": "#plumphelmet", "uv": [ 0.0, 0.0, 0.5, 0.5 ], "enabled": false },
				"up": { "texture": "#plumphelmet", "uv": [ 0.0, 0.0, 0.5, 0.5 ], "enabled": false },
				"down": { "texture": "#plumphelmet", "uv": [ 0.0, 0.0, 0.5, 0.5 ], "enabled": false }
			},
			"children": [
				{
					"name": "stem1",
					"from": [ -0.6, -0.3, -0.5 ], 
					"to": [ 0.4, 2.7, 0.5 ], 
					"rotationOrigin": [ -0.6, -0.2, 0.0 ],
					"rotationY": 28.0,
					"rotationZ": 14.0,
					"faces": {
						"north": { "texture": "#plumphelmet", "uv": [ 9.0, 9.0, 10.0, 12.0 ] },
						"east": { "texture": "#plumphelmet", "uv": [ 9.0, 9.5, 10.0, 12.5 ] },
						"south": { "texture": "#plumphelmet", "uv": [ 9.0, 8.0, 10.0, 11.0 ] },
						"west": { "texture": "#plumphelmet", "uv": [ 8.5, 9.0, 9.5, 12.0 ] },
						"up": { "texture": "#plumphelmet", "uv": [ 14.5, 14.0, 15.5, 15.0 ], "enabled": false, "windMode": [-1,-1,-1,-1] },
						"down": { "texture": "#plumphelmet", "uv": [ 8.0, 10.5, 9.0, 11.5 ] }
					},
					"children": [
						{
							"name": "cap1",
							"from": [ -0.5, 2.8, -0.5 ], 
							"to": [ 1.5, 4.8, 1.5 ], 
							"rotationOrigin": [ 0.5, 2.8, 0.5 ],
							"rotationZ": -19.0,
							"faces": {
								"north": { "texture": "#plumphelmet", "uv": [ 8.5, 3.5, 10.5, 5.5 ] },
								"east": { "texture": "#plumphelmet", "uv": [ 9.0, 1.5, 11.0, 3.5 ] },
								"south": { "texture": "#plumphelmet", "uv": [ 6.0, 1.0, 8.0, 3.0 ] },
								"west": { "texture": "#plumphelmet", "uv": [ 8.0, 5.0, 10.0, 7.0 ] },
								"up": { "texture": "#plumphelmet", "uv": [ 5.0, 4.5, 7.0, 6.5 ] },
								"down": { "texture": "#gills", "uv": [ 12.0, 10.5, 14.0, 12.5 ] }
							},
							"children": [
								{
									"name": "tip1",
									"from": [ 0.3, 2.0, 0.3 ], 
									"to": [ 1.7, 4.0, 1.7 ], 
									"rotationOrigin": [ 1.0, 2.0, 1.0 ],
									"faces": {
										"north": { "texture": "#plumphelmet", "uv": [ 13.0, 3.5, 14.0, 5.5 ] },
										"east": { "texture": "#plumphelmet", "uv": [ 11.0, 0.5, 12.0, 2.5 ] },
										"south": { "texture": "#plumphelmet", "uv": [ 4.5, 6.0, 5.5, 8.0 ] },
										"west": { "texture": "#plumphelmet", "uv": [ 4.0, 3.5, 5.0, 5.5 ] },
										"up": { "texture": "#plumphelmet", "uv": [ 10.5, 4.0, 11.5, 5.0 ] },
										"down": { "texture": "#plumphelmet", "uv": [ 0.0, 0.0, 1.0, 1.0 ], "enabled": false }
									}
								}
							]
						}
					]
				}
			]
		}
	]}