{
	"editor": {
		"allAngles": false,
		"entityTextureMode": false
	},
	"textureWidth": 16,
	"textureHeight": 16,
	"textureSizes": {
	},
	"textures": {
		"utzathudal": "block/plant/mushroom/utzathudal/utzathudal"
	},
	"elements": [
		{
			"name": "origin",
			"from": [ 8.0, 0.0, 8.0 ],
			"to": [ 8.0, 0.0, 8.0 ],
			"rotationOrigin": [ 8.0, 0.0, 8.0 ],
			"faces": {
			},
			"children": [
				{
					"name": "main",
					"from": [ -2.5, 0.0, -2.5 ],
					"to": [ 2.5, 1.5, 2.5 ],
					"rotationOrigin": [ 0.5, 0.0, 0.5 ],
					"rotationY": 45.0,
					"faces": {
						"north": { "texture": "#utzathudal", "uv": [ 2.0, 5.0, 7.0, 6.5 ] },
						"east": { "texture": "#utzathudal", "uv": [ 1.0, 7.0, 6.0, 8.5 ] },
						"south": { "texture": "#utzathudal", "uv": [ 1.0, 6.0, 6.0, 7.5 ] },
						"west": { "texture": "#utzathudal", "uv": [ 0.0, 9.0, 5.0, 10.5 ] },
						"up": { "texture": "#utzathudal", "uv": [ 9.0, 0.5, 14.0, 5.5 ] },
						"down": { "texture": "#utzathudal", "uv": [ 9.5, 9.5, 14.5, 14.5 ] }
					},
					"children": [
						{
							"name": "top",
							"from": [ 0.5, 1.5, 0.5 ],
							"to": [ 4.5, 2.0, 4.5 ],
							"rotationOrigin": [ 3.0, 1.5, 3.0 ],
							"faces": {
								"north": { "texture": "#utzathudal", "uv": [ 1.5, 2.0, 5.5, 2.5 ] },
								"east": { "texture": "#utzathudal", "uv": [ 2.0, 2.0, 6.0, 2.5 ] },
								"south": { "texture": "#utzathudal", "uv": [ 0.0, 1.5, 4.0, 2.0 ] },
								"west": { "texture": "#utzathudal", "uv": [ 2.5, 1.5, 6.5, 2.0 ] },
								"up": { "texture": "#utzathudal", "uv": [ 10.0, 1.5, 14.0, 5.5 ] }
							}
						}
					]
				}
			]
		}
	]}