{
	"editor": {
		"allAngles": true,
		"entityTextureMode": false
	},
	"textureWidth": 16,
	"textureHeight": 16,
	"textureSizes": {
	},
	"textures": {
		"deathcap": "block/plant/mushroom/deathcap/deathcap"
	},
	"elements": [
		{
			"name": "origin",
			"from": [ 8.0, 0.0, 8.0 ], 
			"to": [ 8.0, 0.0, 8.0 ], 
			"rotationOrigin": [ 8.0, 0.0, 8.0 ],
			"faces": {
				"north": { "texture": "#null", "uv": [ 0.0, 0.0, 0.5, 0.5 ], "enabled": false },
				"east": { "texture": "#null", "uv": [ 0.0, 0.0, 0.5, 0.5 ], "enabled": false },
				"south": { "texture": "#null", "uv": [ 0.0, 0.0, 0.5, 0.5 ], "enabled": false },
				"west": { "texture": "#null", "uv": [ 0.0, 0.0, 0.5, 0.5 ], "enabled": false },
				"up": { "texture": "#null", "uv": [ 0.0, 0.0, 0.5, 0.5 ], "enabled": false },
				"down": { "texture": "#null", "uv": [ 0.0, 0.0, 0.5, 0.5 ], "enabled": false }
			},
			"children": [
				{
					"name": "stem7",
					"from": [ -4.8, -0.2, -5.8 ], 
					"to": [ -3.4, 0.8, -4.4 ], 
					"rotationOrigin": [ -4.1, -0.2, -5.1 ],
					"rotationY": 14.0,
					"rotationZ": 14.0,
					"faces": {
						"north": { "texture": "#deathcap", "uv": [ 0.5, 4.0, 1.5, 5.0 ] },
						"east": { "texture": "#deathcap", "uv": [ 1.0, 5.5, 2.0, 6.5 ] },
						"south": { "texture": "#deathcap", "uv": [ 1.0, 5.0, 2.0, 6.0 ] },
						"west": { "texture": "#deathcap", "uv": [ 1.0, 4.0, 2.0, 5.0 ] },
						"up": { "texture": "#deathcap", "uv": [ 0.0, 0.0, 1.0, 1.0 ] },
						"down": { "texture": "#deathcap", "uv": [ 1.5, 6.0, 2.5, 7.0 ] }
					}
				},
				{
					"name": "stem11",
					"from": [ 4.2, -0.2, 4.2 ], 
					"to": [ 5.6, 0.8, 5.6 ], 
					"rotationOrigin": [ 4.9, -0.2, 4.9 ],
					"rotationY": -39.0,
					"rotationZ": -8.0,
					"faces": {
						"north": { "texture": "#deathcap", "uv": [ 0.5, 4.0, 1.5, 5.0 ] },
						"east": { "texture": "#deathcap", "uv": [ 1.0, 5.5, 2.0, 6.5 ] },
						"south": { "texture": "#deathcap", "uv": [ 1.0, 5.0, 2.0, 6.0 ] },
						"west": { "texture": "#deathcap", "uv": [ 1.0, 4.0, 2.0, 5.0 ] },
						"up": { "texture": "#deathcap", "uv": [ 0.0, 0.0, 1.0, 1.0 ] },
						"down": { "texture": "#deathcap", "uv": [ 1.5, 6.0, 2.5, 7.0 ] }
					}
				},
				{
					"name": "stem15",
					"from": [ -1.8, -0.2, 0.2 ], 
					"to": [ -0.4, 0.8, 1.6 ], 
					"rotationOrigin": [ -1.1, -0.2, 0.9 ],
					"rotationY": 19.0,
					"rotationZ": 14.0,
					"faces": {
						"north": { "texture": "#deathcap", "uv": [ 0.5, 4.0, 1.5, 5.0 ] },
						"east": { "texture": "#deathcap", "uv": [ 1.0, 5.5, 2.0, 6.5 ] },
						"south": { "texture": "#deathcap", "uv": [ 1.0, 5.0, 2.0, 6.0 ] },
						"west": { "texture": "#deathcap", "uv": [ 1.0, 4.0, 2.0, 5.0 ] },
						"up": { "texture": "#deathcap", "uv": [ 0.0, 0.0, 1.0, 1.0 ] },
						"down": { "texture": "#deathcap", "uv": [ 1.5, 6.0, 2.5, 7.0 ] }
					}
				},
				{
					"name": "stem20",
					"from": [ 3.2, -0.2, -3.8 ], 
					"to": [ 4.6, 0.8, -2.4 ], 
					"rotationOrigin": [ 3.9, -0.2, -3.1 ],
					"rotationY": 42.0,
					"rotationZ": -17.0,
					"faces": {
						"north": { "texture": "#deathcap", "uv": [ 0.5, 4.0, 1.5, 5.0 ] },
						"east": { "texture": "#deathcap", "uv": [ 1.0, 5.5, 2.0, 6.5 ] },
						"south": { "texture": "#deathcap", "uv": [ 1.0, 5.0, 2.0, 6.0 ] },
						"west": { "texture": "#deathcap", "uv": [ 1.0, 4.0, 2.0, 5.0 ] },
						"up": { "texture": "#deathcap", "uv": [ 0.0, 4.0, 1.0, 5.0 ] },
						"down": { "texture": "#deathcap", "uv": [ 1.5, 7.0, 2.5, 8.0 ] }
					}
				}
			]
		}
	]}