{
	"editor": {
		"allAngles": true,
		"entityTextureMode": false
	},
	"textureWidth": 16,
	"textureHeight": 16,
	"textureSizes": {
	},
	"textures": {
		"deathcap": "block/plant/mushroom/deathcap/deathcap"
	},
	"elements": [
		{
			"name": "origin",
			"from": [ 8.0, 0.0, 8.0 ], 
			"to": [ 8.0, 0.0, 8.0 ], 
			"rotationOrigin": [ 8.0, 0.0, 8.0 ],
			"faces": {
				"north": { "texture": "#null", "uv": [ 0.0, 0.0, 0.5, 0.5 ], "enabled": false },
				"east": { "texture": "#null", "uv": [ 0.0, 0.0, 0.5, 0.5 ], "enabled": false },
				"south": { "texture": "#null", "uv": [ 0.0, 0.0, 0.5, 0.5 ], "enabled": false },
				"west": { "texture": "#null", "uv": [ 0.0, 0.0, 0.5, 0.5 ], "enabled": false },
				"up": { "texture": "#null", "uv": [ 0.0, 0.0, 0.5, 0.5 ], "enabled": false },
				"down": { "texture": "#null", "uv": [ 0.0, 0.0, 0.5, 0.5 ], "enabled": false }
			},
			"children": [
				{
					"name": "stem15",
					"from": [ 2.2, -0.3, 0.2 ], 
					"to": [ 3.6, 0.7, 1.6 ], 
					"rotationOrigin": [ 2.9, -0.3, 0.9 ],
					"rotationX": 6.0,
					"rotationY": -22.0,
					"rotationZ": -22.0,
					"faces": {
						"north": { "texture": "#deathcap", "uv": [ 0.5, 4.0, 1.5, 5.0 ] },
						"east": { "texture": "#deathcap", "uv": [ 1.0, 5.5, 2.0, 6.5 ] },
						"south": { "texture": "#deathcap", "uv": [ 1.0, 5.0, 2.0, 6.0 ] },
						"west": { "texture": "#deathcap", "uv": [ 1.0, 4.0, 2.0, 5.0 ] },
						"up": { "texture": "#deathcap", "uv": [ 0.0, 0.0, 1.0, 1.0 ] },
						"down": { "texture": "#deathcap", "uv": [ 1.5, 6.0, 2.5, 7.0 ] }
					}
				},
				{
					"name": "stem20",
					"from": [ 2.4, -0.3, -2.6 ], 
					"to": [ 3.4, 0.7, -1.6 ], 
					"rotationOrigin": [ 2.9, -0.3, -2.1 ],
					"rotationX": -17.0,
					"rotationY": -6.0,
					"rotationZ": -17.0,
					"faces": {
						"north": { "texture": "#deathcap", "uv": [ 0.5, 4.0, 1.5, 5.0 ] },
						"east": { "texture": "#deathcap", "uv": [ 1.0, 5.5, 2.0, 6.5 ] },
						"south": { "texture": "#deathcap", "uv": [ 1.0, 5.0, 2.0, 6.0 ] },
						"west": { "texture": "#deathcap", "uv": [ 1.0, 4.0, 2.0, 5.0 ] },
						"up": { "texture": "#deathcap", "uv": [ 0.0, 0.0, 1.0, 1.0 ] },
						"down": { "texture": "#deathcap", "uv": [ 1.5, 6.0, 2.5, 7.0 ] }
					}
				},
				{
					"name": "smallstem",
					"from": [ -5.0, -0.1, -4.0 ], 
					"to": [ -4.0, 0.9, -3.0 ], 
					"rotationOrigin": [ -4.5, -0.1, -3.5 ],
					"rotationX": 4.0,
					"rotationZ": 6.0,
					"faces": {
						"north": { "texture": "#deathcap", "uv": [ 1.0, 2.5, 2.0, 3.5 ] },
						"east": { "texture": "#deathcap", "uv": [ 0.5, 5.5, 1.5, 6.5 ] },
						"south": { "texture": "#deathcap", "uv": [ 1.0, 4.0, 2.0, 5.0 ] },
						"west": { "texture": "#deathcap", "uv": [ 2.0, 4.0, 3.0, 5.0 ] },
						"up": { "texture": "#deathcap", "uv": [ 0.0, 4.5, 1.0, 5.5 ] },
						"down": { "texture": "#deathcap", "uv": [ 0.0, 3.0, 1.0, 4.0 ] }
					}
				},
				{
					"name": "smallstem22",
					"from": [ -2.0, -0.3, 2.0 ], 
					"to": [ -1.0, 0.7, 3.0 ], 
					"rotationOrigin": [ -1.5, -0.3, 2.5 ],
					"rotationX": -22.0,
					"rotationY": 42.0,
					"rotationZ": 6.0,
					"faces": {
						"north": { "texture": "#deathcap", "uv": [ 1.0, 2.5, 2.0, 3.5 ] },
						"east": { "texture": "#deathcap", "uv": [ 0.5, 5.5, 1.5, 6.5 ] },
						"south": { "texture": "#deathcap", "uv": [ 1.0, 4.0, 2.0, 5.0 ] },
						"west": { "texture": "#deathcap", "uv": [ 2.0, 4.0, 3.0, 5.0 ] },
						"up": { "texture": "#deathcap", "uv": [ 0.0, 4.5, 1.0, 5.5 ] },
						"down": { "texture": "#deathcap", "uv": [ 0.0, 3.0, 1.0, 4.0 ] }
					}
				}
			]
		}
	]}