{
	"editor": {
		"allAngles": true,
		"entityTextureMode": false
	},
	"textureWidth": 16,
	"textureHeight": 16,
	"textureSizes": {
	},
	"textures": {
		"plumphelmet": "block/plant/mushroom/plumphelmet/plumphelmet",
		"gills": "block/plant/mushroom/gills"
	},
	"elements": [
		{
			"name": "origin",
			"from": [ 8.0, 0.0, 8.0 ], 
			"to": [ 8.0, 0.0, 8.0 ], 
			"rotationOrigin": [ 8.0, 0.0, 8.0 ],
			"faces": {
				"north": { "texture": "#plumphelmet", "uv": [ 0.0, 0.0, 0.5, 0.5 ], "enabled": false },
				"east": { "texture": "#plumphelmet", "uv": [ 0.0, 0.0, 0.5, 0.5 ], "enabled": false },
				"south": { "texture": "#plumphelmet", "uv": [ 0.0, 0.0, 0.5, 0.5 ], "enabled": false },
				"west": { "texture": "#plumphelmet", "uv": [ 0.0, 0.0, 0.5, 0.5 ], "enabled": false },
				"up": { "texture": "#plumphelmet", "uv": [ 0.0, 0.0, 0.5, 0.5 ], "enabled": false },
				"down": { "texture": "#plumphelmet", "uv": [ 0.0, 0.0, 0.5, 0.5 ], "enabled": false }
			},
			"children": [
				{
					"name": "stem1",
					"from": [ -2.1, -0.3, 5.5 ], 
					"to": [ -1.1, 0.7, 6.5 ], 
					"rotationOrigin": [ -1.6, -0.2, 6.0 ],
					"rotationY": 28.0,
					"rotationZ": -6.0,
					"faces": {
						"north": { "texture": "#plumphelmet", "uv": [ 12.5, 9.0, 13.5, 10.0 ] },
						"east": { "texture": "#plumphelmet", "uv": [ 12.5, 10.0, 13.5, 11.0 ] },
						"south": { "texture": "#plumphelmet", "uv": [ 13.5, 10.0, 14.5, 11.0 ] },
						"west": { "texture": "#plumphelmet", "uv": [ 13.5, 11.0, 14.5, 12.0 ] },
						"up": { "texture": "#plumphelmet", "uv": [ 13.0, 9.5, 14.0, 10.5 ], "windMode": [-1,-1,-1,-1] },
						"down": { "texture": "#plumphelmet", "uv": [ 12.0, 12.0, 13.0, 13.0 ] }
					}
				},
				{
					"name": "stem8",
					"from": [ 4.5, -0.2, 4.5 ], 
					"to": [ 5.5, 0.3, 5.5 ], 
					"rotationOrigin": [ 5.0, -0.1, 5.0 ],
					"rotationY": -42.0,
					"rotationZ": -14.0,
					"faces": {
						"north": { "texture": "#plumphelmet", "uv": [ 9.5, 10.5, 10.5, 11.0 ] },
						"east": { "texture": "#plumphelmet", "uv": [ 9.0, 10.5, 10.0, 11.0 ] },
						"south": { "texture": "#plumphelmet", "uv": [ 8.5, 10.5, 9.5, 11.0 ] },
						"west": { "texture": "#plumphelmet", "uv": [ 10.0, 9.5, 11.0, 10.0 ] },
						"up": { "texture": "#plumphelmet", "uv": [ 8.5, 9.0, 9.5, 10.0 ], "windMode": [-1,-1,-1,-1] },
						"down": { "texture": "#plumphelmet", "uv": [ 10.0, 13.5, 11.0, 14.5 ] }
					}
				},
				{
					"name": "stem10",
					"from": [ -2.5, -0.2, -2.5 ], 
					"to": [ -1.5, 0.3, -1.5 ], 
					"rotationOrigin": [ -2.0, -0.1, -2.0 ],
					"rotationY": 3.0,
					"rotationZ": 6.0,
					"faces": {
						"north": { "texture": "#plumphelmet", "uv": [ 14.0, 8.0, 15.0, 8.5 ] },
						"east": { "texture": "#plumphelmet", "uv": [ 12.0, 8.0, 13.0, 8.5 ] },
						"south": { "texture": "#plumphelmet", "uv": [ 13.0, 8.0, 14.0, 8.5 ] },
						"west": { "texture": "#plumphelmet", "uv": [ 10.5, 8.0, 11.5, 8.5 ] },
						"up": { "texture": "#plumphelmet", "uv": [ 8.5, 8.0, 9.5, 9.0 ], "windMode": [-1,-1,-1,-1] },
						"down": { "texture": "#plumphelmet", "uv": [ 12.0, 8.5, 13.0, 9.5 ] }
					}
				},
				{
					"name": "stem13",
					"from": [ -7.5, -0.2, -0.5 ], 
					"to": [ -6.5, 0.8, 0.5 ], 
					"rotationOrigin": [ -7.0, -0.1, 0.0 ],
					"rotationX": -6.0,
					"rotationY": -17.0,
					"rotationZ": -8.0,
					"faces": {
						"north": { "texture": "#plumphelmet", "uv": [ 12.0, 10.0, 13.0, 11.0 ] },
						"east": { "texture": "#plumphelmet", "uv": [ 14.5, 10.5, 15.5, 11.5 ] },
						"south": { "texture": "#plumphelmet", "uv": [ 12.5, 11.0, 13.5, 12.0 ] },
						"west": { "texture": "#plumphelmet", "uv": [ 12.0, 12.0, 13.0, 13.0 ] },
						"up": { "texture": "#plumphelmet", "uv": [ 13.0, 11.0, 14.0, 12.0 ], "windMode": [-1,-1,-1,-1] },
						"down": { "texture": "#plumphelmet", "uv": [ 13.0, 13.0, 14.0, 14.0 ] }
					}
				},
				{
					"name": "stem16",
					"from": [ 0.5, -0.2, 1.5 ], 
					"to": [ 1.5, 0.8, 2.5 ], 
					"rotationOrigin": [ 1.0, -0.1, 2.0 ],
					"rotationX": -6.0,
					"rotationY": 17.0,
					"rotationZ": 3.0,
					"faces": {
						"north": { "texture": "#plumphelmet", "uv": [ 9.5, 12.0, 10.5, 13.0 ] },
						"east": { "texture": "#plumphelmet", "uv": [ 10.0, 10.5, 11.0, 11.5 ] },
						"south": { "texture": "#plumphelmet", "uv": [ 9.0, 13.0, 10.0, 14.0 ] },
						"west": { "texture": "#plumphelmet", "uv": [ 8.0, 9.0, 9.0, 10.0 ] },
						"up": { "texture": "#plumphelmet", "uv": [ 7.5, 9.5, 8.5, 10.5 ], "windMode": [-1,-1,-1,-1] },
						"down": { "texture": "#plumphelmet", "uv": [ 9.0, 12.5, 10.0, 13.5 ] }
					}
				},
				{
					"name": "stem18",
					"from": [ -5.4, -0.2, 2.6 ], 
					"to": [ -4.6, 0.8, 3.4 ], 
					"rotationOrigin": [ -5.0, -0.1, 3.0 ],
					"rotationX": -6.0,
					"rotationY": 17.0,
					"rotationZ": 3.0,
					"faces": {
						"north": { "texture": "#plumphelmet", "uv": [ 10.0, 10.0, 10.5, 11.0 ] },
						"east": { "texture": "#plumphelmet", "uv": [ 10.0, 9.0, 10.5, 10.0 ] },
						"south": { "texture": "#plumphelmet", "uv": [ 8.5, 9.5, 9.0, 10.5 ] },
						"west": { "texture": "#plumphelmet", "uv": [ 8.0, 9.0, 8.5, 10.0 ] },
						"up": { "texture": "#plumphelmet", "uv": [ 9.5, 10.0, 10.0, 10.5 ], "windMode": [-1,-1,-1,-1] },
						"down": { "texture": "#plumphelmet", "uv": [ 10.0, 10.5, 10.5, 11.0 ] }
					},
					"children": [
						{
							"name": "cap19",
							"from": [ -0.2, 0.8, -0.2 ], 
							"to": [ 1.0, 2.3, 1.0 ], 
							"rotationOrigin": [ 0.5, 0.8, 0.5 ],
							"rotationX": 8.0,
							"rotationY": -22.0,
							"faces": {
								"north": { "texture": "#plumphelmet", "uv": [ 12.0, 2.5, 13.0, 4.0 ] },
								"east": { "texture": "#plumphelmet", "uv": [ 11.0, 4.0, 12.0, 5.5 ] },
								"south": { "texture": "#plumphelmet", "uv": [ 11.5, 3.0, 12.5, 4.5 ] },
								"west": { "texture": "#plumphelmet", "uv": [ 12.5, 3.5, 13.5, 5.0 ] },
								"up": { "texture": "#plumphelmet", "uv": [ 11.0, 4.0, 12.0, 5.0 ] },
								"down": { "texture": "#plumphelmet", "uv": [ 13.5, 5.5, 14.5, 6.5 ] }
							}
						}
					]
				},
				{
					"name": "stem20",
					"from": [ 4.6, -0.2, 0.6 ], 
					"to": [ 5.4, 0.8, 1.4 ], 
					"rotationOrigin": [ 5.0, -0.1, 1.0 ],
					"rotationX": -6.0,
					"rotationY": -19.0,
					"rotationZ": 3.0,
					"faces": {
						"north": { "texture": "#plumphelmet", "uv": [ 9.0, 9.5, 9.5, 10.5 ] },
						"east": { "texture": "#plumphelmet", "uv": [ 9.5, 10.5, 10.0, 11.5 ] },
						"south": { "texture": "#plumphelmet", "uv": [ 10.5, 11.0, 11.0, 12.0 ] },
						"west": { "texture": "#plumphelmet", "uv": [ 10.5, 10.0, 11.0, 11.0 ] },
						"up": { "texture": "#plumphelmet", "uv": [ 0.0, 0.0, 0.5, 0.5 ], "enabled": false },
						"down": { "texture": "#plumphelmet", "uv": [ 9.0, 10.0, 9.5, 10.5 ] }
					},
					"children": [
						{
							"name": "cap21",
							"from": [ -0.2, 0.8, -0.2 ], 
							"to": [ 1.0, 2.3, 1.0 ], 
							"rotationOrigin": [ 0.5, 0.8, 0.5 ],
							"rotationY": 6.0,
							"faces": {
								"north": { "texture": "#plumphelmet", "uv": [ 10.0, 2.5, 11.0, 4.0 ] },
								"east": { "texture": "#plumphelmet", "uv": [ 7.5, 6.0, 8.5, 7.5 ] },
								"south": { "texture": "#plumphelmet", "uv": [ 4.5, 6.5, 5.5, 8.0 ] },
								"west": { "texture": "#plumphelmet", "uv": [ 2.0, 6.0, 3.0, 7.5 ] },
								"up": { "texture": "#plumphelmet", "uv": [ 2.0, 5.5, 3.0, 6.5 ] },
								"down": { "texture": "#gills", "uv": [ 14.0, 13.0, 15.0, 14.0 ] }
							}
						}
					]
				},
				{
					"name": "stem22",
					"from": [ 0.6, -0.2, -1.4 ], 
					"to": [ 1.4, 0.8, -0.6 ], 
					"rotationOrigin": [ 1.0, -0.1, -1.0 ],
					"rotationX": -6.0,
					"rotationY": 17.0,
					"rotationZ": 3.0,
					"faces": {
						"north": { "texture": "#plumphelmet", "uv": [ 9.5, 9.5, 10.0, 10.5 ] },
						"east": { "texture": "#plumphelmet", "uv": [ 10.5, 9.5, 11.0, 10.5 ] },
						"south": { "texture": "#plumphelmet", "uv": [ 9.0, 9.0, 9.5, 10.0 ] },
						"west": { "texture": "#plumphelmet", "uv": [ 9.5, 10.0, 10.0, 11.0 ] },
						"up": { "texture": "#plumphelmet", "uv": [ 0.0, 0.0, 0.5, 0.5 ], "windMode": [-1,-1,-1,-1] },
						"down": { "texture": "#plumphelmet", "uv": [ 9.0, 11.5, 9.5, 12.0 ] }
					}
				},
				{
					"name": "stem23",
					"from": [ 2.5, -0.2, -3.5 ], 
					"to": [ 3.5, 0.8, -2.5 ], 
					"rotationOrigin": [ 3.0, -0.1, -3.0 ],
					"rotationX": -6.0,
					"rotationY": 3.0,
					"rotationZ": 6.0,
					"faces": {
						"north": { "texture": "#plumphelmet", "uv": [ 12.0, 9.0, 13.0, 10.0 ] },
						"east": { "texture": "#plumphelmet", "uv": [ 13.0, 9.0, 14.0, 10.0 ] },
						"south": { "texture": "#plumphelmet", "uv": [ 13.0, 9.0, 14.0, 10.0 ] },
						"west": { "texture": "#plumphelmet", "uv": [ 11.5, 9.5, 12.5, 10.5 ] },
						"up": { "texture": "#plumphelmet", "uv": [ 11.5, 8.0, 12.5, 9.0 ], "windMode": [-1,-1,-1,-1] },
						"down": { "texture": "#plumphelmet", "uv": [ 10.0, 9.5, 11.0, 10.5 ] }
					}
				}
			]
		}
	]}