{
	"editor": {
		"collapsedPaths": "Root/origin/stem8,Root/origin/stem1",
		"allAngles": true,
		"entityTextureMode": false
	},
	"textureWidth": 16,
	"textureHeight": 16,
	"textureSizes": {
	},
	"textures": {
		"plumphelmet": "block/plant/mushroom/plumphelmet/plumphelmet",
		"gills": "block/plant/mushroom/gills"	
	},
	"elements": [
		{
			"name": "origin",
			"from": [ 8.0, 0.0, 8.0 ],
			"to": [ 8.0, 0.0, 8.0 ],
			"rotationOrigin": [ 8.0, 0.0, 8.0 ],
			"faces": {
			},
			"children": [
				{
					"name": "stem1",
					"from": [ -1.3, -0.3, -5.0 ],
					"to": [ -0.3, 2.7, -4.0 ],
					"rotationOrigin": [ -0.8, -0.2, -4.5 ],
					"rotationY": -44.0,
					"rotationZ": 14.0,
					"faces": {
						"north": { "texture": "#plumphelmet", "uv": [ 14.0, 12.5, 15.0, 15.5 ] },
						"east": { "texture": "#plumphelmet", "uv": [ 13.5, 11.5, 14.5, 14.5 ] },
						"south": { "texture": "#plumphelmet", "uv": [ 13.5, 12.0, 14.5, 15.0 ] },
						"west": { "texture": "#plumphelmet", "uv": [ 14.0, 10.5, 15.0, 13.5 ] },
						"up": { "texture": "#plumphelmet", "uv": [ 14.5, 14.0, 15.5, 15.0 ], "windMode": [-1,-1,-1,-1] },
						"down": { "texture": "#plumphelmet", "uv": [ 14.0, 13.0, 15.0, 14.0 ] }
					},
					"children": [
						{
							"name": "cap1",
							"from": [ -0.5, 2.8, -0.5 ],
							"to": [ 1.5, 4.8, 1.5 ],
							"rotationOrigin": [ 0.5, 2.8, 0.5 ],
							"rotationZ": -19.0,
							"faces": {
								"north": { "texture": "#plumphelmet", "uv": [ 1.5, 11.0, 3.5, 13.0 ] },
								"east": { "texture": "#plumphelmet", "uv": [ 3.0, 11.0, 5.0, 13.0 ] },
								"south": { "texture": "#plumphelmet", "uv": [ 2.5, 10.5, 4.5, 12.5 ] },
								"west": { "texture": "#plumphelmet", "uv": [ 4.0, 11.0, 6.0, 13.0 ] },
								"up": { "texture": "#plumphelmet", "uv": [ 2.5, 9.5, 4.5, 11.5 ] },
								"down": { "texture": "#gills", "uv": [ 4.5, 12.0, 6.5, 14.0 ] }
							},
							"children": [
								{
									"name": "tip1",
									"from": [ 0.3, 2.0, 0.3 ],
									"to": [ 1.7, 4.0, 1.7 ],
									"rotationOrigin": [ 1.0, 2.0, 1.0 ],
									"faces": {
										"north": { "texture": "#plumphelmet", "uv": [ 3.0, 10.0, 4.0, 12.0 ] },
										"east": { "texture": "#plumphelmet", "uv": [ 5.5, 12.5, 6.5, 14.5 ] },
										"south": { "texture": "#plumphelmet", "uv": [ 1.0, 12.0, 2.0, 14.0 ] },
										"west": { "texture": "#plumphelmet", "uv": [ 4.0, 11.5, 5.0, 13.5 ] },
										"up": { "texture": "#plumphelmet", "uv": [ 2.5, 13.5, 3.5, 14.5 ] }
									}
								}
							]
						}
					]
				},
				{
					"name": "stem5",
					"from": [ 5.3, -0.4, -5.3 ],
					"to": [ 6.3, 1.6, -4.3 ],
					"rotationOrigin": [ 5.8, -0.3, -4.8 ],
					"rotationX": 14.0,
					"rotationY": -36.0,
					"rotationZ": -3.0,
					"faces": {
						"north": { "texture": "#plumphelmet", "uv": [ 10.0, 13.0, 11.0, 15.0 ] },
						"east": { "texture": "#plumphelmet", "uv": [ 10.0, 9.5, 11.0, 11.5 ] },
						"south": { "texture": "#plumphelmet", "uv": [ 9.0, 11.5, 10.0, 13.5 ] },
						"west": { "texture": "#plumphelmet", "uv": [ 8.0, 8.0, 9.0, 10.0 ] },
						"up": { "texture": "#plumphelmet", "uv": [ 8.5, 9.0, 9.5, 10.0 ], "windMode": [-1,-1,-1,-1] },
						"down": { "texture": "#plumphelmet", "uv": [ 7.5, 9.0, 8.5, 10.0 ] }
					},
					"children": [
						{
							"name": "cap6",
							"from": [ -0.5, 1.6, -0.5 ],
							"to": [ 1.5, 3.6, 1.5 ],
							"rotationOrigin": [ 0.5, 1.6, 0.5 ],
							"rotationX": -14.0,
							"rotationZ": 17.0,
							"faces": {
								"north": { "texture": "#plumphelmet", "uv": [ 6.5, 3.0, 8.5, 5.0 ] },
								"east": { "texture": "#plumphelmet", "uv": [ 6.0, 4.5, 8.0, 6.5 ] },
								"south": { "texture": "#plumphelmet", "uv": [ 7.0, 4.0, 9.0, 6.0 ] },
								"west": { "texture": "#plumphelmet", "uv": [ 7.0, 3.5, 9.0, 5.5 ] },
								"up": { "texture": "#plumphelmet", "uv": [ 5.0, 5.0, 7.0, 7.0 ] },
								"down": { "texture": "#gills", "uv": [ 11.0, 10.5, 13.0, 12.5 ] }
							},
							"children": [
								{
									"name": "tip7",
									"from": [ 0.3, 2.0, 0.3 ],
									"to": [ 1.7, 3.5, 1.7 ],
									"rotationOrigin": [ 1.0, 2.0, 1.0 ],
									"faces": {
										"north": { "texture": "#plumphelmet", "uv": [ 8.0, 1.5, 9.0, 3.0 ] },
										"east": { "texture": "#plumphelmet", "uv": [ 7.5, 3.0, 8.5, 4.5 ] },
										"south": { "texture": "#plumphelmet", "uv": [ 7.0, 1.5, 8.0, 3.0 ] },
										"west": { "texture": "#plumphelmet", "uv": [ 7.5, 3.5, 8.5, 5.0 ] },
										"up": { "texture": "#plumphelmet", "uv": [ 8.0, 4.0, 9.0, 5.0 ] }
									}
								}
							]
						}
					]
				},
				{
					"name": "stem8",
					"from": [ -5.9, -0.1, 2.5 ],
					"to": [ -4.9, 1.9, 3.5 ],
					"rotationOrigin": [ -5.4, 0.0, 3.0 ],
					"rotationY": -66.0,
					"rotationZ": 8.0,
					"faces": {
						"north": { "texture": "#plumphelmet", "uv": [ 9.5, 10.0, 10.5, 12.0 ] },
						"east": { "texture": "#plumphelmet", "uv": [ 10.5, 10.0, 11.5, 12.0 ] },
						"south": { "texture": "#plumphelmet", "uv": [ 9.5, 11.5, 10.5, 13.5 ] },
						"west": { "texture": "#plumphelmet", "uv": [ 9.0, 11.5, 10.0, 13.5 ] },
						"up": { "texture": "#plumphelmet", "uv": [ 9.0, 8.0, 10.0, 9.0 ], "windMode": [-1,-1,-1,-1] },
						"down": { "texture": "#plumphelmet", "uv": [ 9.0, 10.5, 10.0, 11.5 ] }
					},
					"children": [
						{
							"name": "cap9",
							"from": [ -0.8, 1.8, -0.8 ],
							"to": [ 1.7, 3.3, 1.7 ],
							"rotationOrigin": [ 0.5, 1.8, 0.5 ],
							"rotationX": 6.0,
							"rotationY": 19.0,
							"rotationZ": -8.0,
							"faces": {
								"north": { "texture": "#plumphelmet", "uv": [ 7.0, 3.5, 9.5, 5.0 ] },
								"east": { "texture": "#plumphelmet", "uv": [ 5.5, 4.5, 8.0, 6.0 ] },
								"south": { "texture": "#plumphelmet", "uv": [ 7.5, 5.0, 10.0, 6.5 ] },
								"west": { "texture": "#plumphelmet", "uv": [ 7.0, 5.5, 9.5, 7.0 ] },
								"up": { "texture": "#plumphelmet", "uv": [ 10.5, 5.5, 13.0, 8.0 ] },
								"down": { "texture": "#gills", "uv": [ 10.5, 8.0, 13.0, 10.5 ] }
							},
							"children": [
								{
									"name": "tip9",
									"from": [ 0.5, 1.5, 0.5 ],
									"to": [ 2.0, 3.0, 2.0 ],
									"rotationOrigin": [ 0.5, 1.5, 0.5 ],
									"faces": {
										"north": { "texture": "#plumphelmet", "uv": [ 8.5, 4.5, 10.0, 6.0 ] },
										"east": { "texture": "#plumphelmet", "uv": [ 5.5, 4.0, 7.0, 5.5 ] },
										"south": { "texture": "#plumphelmet", "uv": [ 5.0, 3.5, 6.5, 5.0 ] },
										"west": { "texture": "#plumphelmet", "uv": [ 0.5, 1.5, 2.0, 3.0 ] },
										"up": { "texture": "#plumphelmet", "uv": [ 5.5, 3.5, 7.0, 5.0 ] }
									}
								}
							]
						}
					]
				},
				{
					"name": "stem10",
					"from": [ 5.5, -0.2, 1.5 ],
					"to": [ 6.5, 1.3, 2.5 ],
					"rotationOrigin": [ 6.0, -0.1, 2.0 ],
					"rotationY": -36.0,
					"rotationZ": -6.0,
					"faces": {
						"north": { "texture": "#plumphelmet", "uv": [ 12.0, 9.0, 13.0, 10.5 ] },
						"east": { "texture": "#plumphelmet", "uv": [ 12.0, 9.0, 13.0, 10.5 ] },
						"south": { "texture": "#plumphelmet", "uv": [ 7.5, 9.0, 8.5, 10.5 ] },
						"west": { "texture": "#plumphelmet", "uv": [ 0.0, 8.0, 1.0, 9.5 ], "windMode": [-1,-1,-1,-1] },
						"up": { "texture": "#plumphelmet", "uv": [ 8.5, 9.0, 9.5, 10.0 ], "windMode": [-1,-1,-1,-1] },
						"down": { "texture": "#plumphelmet", "uv": [ 9.0, 10.5, 10.0, 11.5 ], "windMode": [-1,-1,-1,-1] }
					},
					"children": [
						{
							"name": "cap11",
							"from": [ -0.5, 1.3, -0.5 ],
							"to": [ 1.5, 2.8, 1.5 ],
							"rotationOrigin": [ 0.5, 1.3, 0.5 ],
							"rotationX": -11.0,
							"rotationZ": 8.0,
							"faces": {
								"north": { "texture": "#plumphelmet", "uv": [ 2.5, 3.5, 4.5, 5.0 ] },
								"east": { "texture": "#plumphelmet", "uv": [ 2.0, 2.5, 4.0, 4.0 ] },
								"south": { "texture": "#plumphelmet", "uv": [ 2.5, 1.5, 4.5, 3.0 ] },
								"west": { "texture": "#plumphelmet", "uv": [ 0.0, 0.0, 2.0, 1.5 ] },
								"up": { "texture": "#plumphelmet", "uv": [ 1.5, 0.0, 3.5, 2.0 ] },
								"down": { "texture": "#gills", "uv": [ 10.5, 9.5, 12.5, 11.5 ] }
							},
							"children": [
								{
									"name": "tip12",
									"from": [ 0.3, 1.5, 0.3 ],
									"to": [ 1.7, 2.5, 1.7 ],
									"rotationOrigin": [ 1.0, 1.5, 1.0 ],
									"faces": {
										"north": { "texture": "#plumphelmet", "uv": [ 1.5, 2.0, 2.5, 3.0 ] },
										"east": { "texture": "#plumphelmet", "uv": [ 2.0, 2.5, 3.0, 3.5 ] },
										"south": { "texture": "#plumphelmet", "uv": [ 1.5, 0.5, 2.5, 1.5 ] },
										"west": { "texture": "#plumphelmet", "uv": [ 0.5, 2.5, 1.5, 3.5 ] },
										"up": { "texture": "#plumphelmet", "uv": [ 1.0, 2.5, 2.0, 3.5 ] }
									}
								}
							]
						}
					]
				},
				{
					"name": "stem13",
					"from": [ -6.5, -0.2, -5.5 ],
					"to": [ -5.5, 0.8, -4.5 ],
					"rotationOrigin": [ -6.0, -0.1, -5.0 ],
					"rotationX": -6.0,
					"rotationY": 19.0,
					"rotationZ": 14.0,
					"faces": {
						"north": { "texture": "#plumphelmet", "uv": [ 9.0, 11.0, 10.0, 12.0 ] },
						"east": { "texture": "#plumphelmet", "uv": [ 9.5, 11.0, 10.5, 12.0 ] },
						"south": { "texture": "#plumphelmet", "uv": [ 9.5, 10.5, 10.5, 11.5 ] },
						"west": { "texture": "#plumphelmet", "uv": [ 9.0, 12.5, 10.0, 13.5 ] },
						"up": { "texture": "#plumphelmet", "uv": [ 10.0, 11.0, 11.0, 12.0 ], "windMode": [-1,-1,-1,-1] },
						"down": { "texture": "#plumphelmet", "uv": [ 8.5, 10.0, 9.5, 11.0 ] }
					},
					"children": [
						{
							"name": "cap14",
							"from": [ -0.5, 0.9, -0.5 ],
							"to": [ 1.5, 1.9, 1.5 ],
							"rotationOrigin": [ 0.5, 0.9, 0.5 ],
							"rotationY": 14.0,
							"rotationZ": -14.0,
							"faces": {
								"north": { "texture": "#plumphelmet", "uv": [ 11.5, 4.5, 13.5, 5.5 ] },
								"east": { "texture": "#plumphelmet", "uv": [ 12.5, 2.0, 14.5, 3.0 ] },
								"south": { "texture": "#plumphelmet", "uv": [ 10.0, 4.0, 12.0, 5.0 ] },
								"west": { "texture": "#plumphelmet", "uv": [ 10.0, 4.0, 12.0, 5.0 ] },
								"up": { "texture": "#plumphelmet", "uv": [ 12.5, 6.0, 14.5, 8.0 ] },
								"down": { "texture": "#gills", "uv": [ 13.0, 9.0, 15.0, 11.0 ] }
							},
							"children": [
								{
									"name": "tip15",
									"from": [ 0.3, 1.0, 0.3 ],
									"to": [ 1.7, 2.0, 1.7 ],
									"rotationOrigin": [ 1.0, 1.0, 1.0 ],
									"faces": {
										"north": { "texture": "#plumphelmet", "uv": [ 12.0, 5.5, 13.0, 6.5 ] },
										"east": { "texture": "#plumphelmet", "uv": [ 11.5, 4.5, 12.5, 5.5 ] },
										"south": { "texture": "#plumphelmet", "uv": [ 11.5, 2.0, 12.5, 3.0 ] },
										"west": { "texture": "#plumphelmet", "uv": [ 12.5, 4.0, 13.5, 5.0 ] },
										"up": { "texture": "#plumphelmet", "uv": [ 12.5, 4.0, 13.5, 5.0 ] }
									}
								}
							]
						}
					]
				},
				{
					"name": "stem16",
					"from": [ 1.5, -0.2, 5.5 ],
					"to": [ 2.5, 0.8, 6.5 ],
					"rotationOrigin": [ 2.0, -0.1, 6.0 ],
					"rotationX": -6.0,
					"rotationY": 69.0,
					"rotationZ": 3.0,
					"faces": {
						"north": { "texture": "#plumphelmet", "uv": [ 1.0, 10.5, 2.0, 11.5 ] },
						"east": { "texture": "#plumphelmet", "uv": [ 6.0, 10.0, 7.0, 11.0 ] },
						"south": { "texture": "#plumphelmet", "uv": [ 0.0, 9.0, 1.0, 10.0 ] },
						"west": { "texture": "#plumphelmet", "uv": [ 4.5, 10.0, 5.5, 11.0 ] },
						"up": { "texture": "#plumphelmet", "uv": [ 5.5, 12.5, 6.5, 13.5 ], "windMode": [-1,-1,-1,-1] },
						"down": { "texture": "#plumphelmet", "uv": [ 2.5, 12.5, 3.5, 13.5 ], "windMode": [-1,-1,-1,-1] }
					},
					"children": [
						{
							"name": "cap17",
							"from": [ -0.5, 0.9, -0.5 ],
							"to": [ 1.5, 1.9, 1.5 ],
							"rotationOrigin": [ 0.5, 0.9, 0.5 ],
							"rotationY": -42.0,
							"faces": {
								"north": { "texture": "#plumphelmet", "uv": [ 2.5, 8.5, 4.5, 9.5 ] },
								"east": { "texture": "#plumphelmet", "uv": [ 3.0, 8.5, 5.0, 9.5 ] },
								"south": { "texture": "#plumphelmet", "uv": [ 3.0, 10.0, 5.0, 11.0 ] },
								"west": { "texture": "#plumphelmet", "uv": [ 3.5, 10.0, 5.5, 11.0 ] },
								"up": { "texture": "#plumphelmet", "uv": [ 2.0, 10.5, 4.0, 12.5 ] },
								"down": { "texture": "#gills", "uv": [ 1.0, 9.0, 3.0, 11.0 ] }
							},
							"children": [
								{
									"name": "tip18",
									"from": [ 0.3, 1.0, 0.3 ],
									"to": [ 1.7, 2.5, 1.7 ],
									"rotationOrigin": [ 1.0, 1.0, 1.0 ],
									"faces": {
										"north": { "texture": "#plumphelmet", "uv": [ 2.5, 7.0, 3.5, 8.5 ] },
										"east": { "texture": "#plumphelmet", "uv": [ 4.5, 8.0, 5.5, 9.5 ] },
										"south": { "texture": "#plumphelmet", "uv": [ 4.5, 7.5, 5.5, 9.0 ] },
										"west": { "texture": "#plumphelmet", "uv": [ 3.5, 7.5, 4.5, 9.0 ] },
										"up": { "texture": "#plumphelmet", "uv": [ 3.0, 8.0, 4.0, 9.0 ] }
									}
								}
							]
						}
					]
				},
				{
					"name": "stem19",
					"from": [ 3.5, -0.2, 3.5 ],
					"to": [ 4.5, 0.8, 4.5 ],
					"rotationOrigin": [ 4.0, -0.1, 4.0 ],
					"rotationX": -6.0,
					"rotationY": -105.0,
					"rotationZ": 3.0,
					"faces": {
						"north": { "texture": "#plumphelmet", "uv": [ 2.5, 8.5, 3.5, 9.5 ] },
						"east": { "texture": "#plumphelmet", "uv": [ 4.0, 8.5, 5.0, 9.5 ] },
						"south": { "texture": "#plumphelmet", "uv": [ 3.0, 8.0, 4.0, 9.0 ] },
						"west": { "texture": "#plumphelmet", "uv": [ 2.5, 8.5, 3.5, 9.5 ] },
						"up": { "texture": "#plumphelmet", "uv": [ 6.5, 8.0, 7.5, 9.0 ], "windMode": [-1,-1,-1,-1] },
						"down": { "texture": "#plumphelmet", "uv": [ 7.0, 11.0, 8.0, 12.0 ] }
					},
					"children": [
						{
							"name": "cap20",
							"from": [ -0.5, 0.9, -0.5 ],
							"to": [ 1.5, 1.9, 1.5 ],
							"rotationOrigin": [ 0.5, 0.9, 0.5 ],
							"rotationY": -42.0,
							"faces": {
								"north": { "texture": "#plumphelmet", "uv": [ 11.0, 2.0, 13.0, 3.0 ] },
								"east": { "texture": "#plumphelmet", "uv": [ 12.0, 3.0, 14.0, 4.0 ] },
								"south": { "texture": "#plumphelmet", "uv": [ 10.5, 2.5, 12.5, 3.5 ] },
								"west": { "texture": "#plumphelmet", "uv": [ 11.5, 4.5, 13.5, 5.5 ] },
								"up": { "texture": "#plumphelmet", "uv": [ 11.0, 3.5, 13.0, 5.5 ] },
								"down": { "texture": "#gills", "uv": [ 10.0, 10.0, 12.0, 12.0 ] }
							},
							"children": [
								{
									"name": "tip21",
									"from": [ 0.3, 1.0, 0.3 ],
									"to": [ 1.7, 2.0, 1.7 ],
									"rotationOrigin": [ 1.0, 1.0, 1.0 ],
									"faces": {
										"north": { "texture": "#plumphelmet", "uv": [ 11.0, 3.0, 12.0, 4.0 ] },
										"east": { "texture": "#plumphelmet", "uv": [ 11.5, 3.5, 12.5, 4.5 ] },
										"south": { "texture": "#plumphelmet", "uv": [ 12.5, 2.0, 13.5, 3.0 ] },
										"west": { "texture": "#plumphelmet", "uv": [ 12.0, 5.0, 13.0, 6.0 ] },
										"up": { "texture": "#plumphelmet", "uv": [ 13.5, 2.5, 14.5, 3.5 ] }
									}
								}
							]
						}
					]
				}
			]
		},
		{
			"name": "origin",
			"from": [ 8.0, 0.0, 8.0 ],
			"to": [ 8.0, 0.0, 8.0 ],
			"rotationOrigin": [ 8.0, 0.0, 8.0 ],
			"faces": {
			},
			"children": [
				{
					"name": "stem1",
					"from": [ -4.1, -0.3, 5.5 ],
					"to": [ -3.1, 1.7, 6.5 ],
					"rotationOrigin": [ -3.6, -0.2, 6.0 ],
					"rotationY": 133.0,
					"rotationZ": -6.0,
					"faces": {
						"north": { "texture": "#plumphelmet", "uv": [ 12.5, 9.0, 13.5, 11.0 ] },
						"east": { "texture": "#plumphelmet", "uv": [ 12.5, 10.0, 13.5, 12.0 ] },
						"south": { "texture": "#plumphelmet", "uv": [ 13.5, 10.0, 14.5, 12.0 ] },
						"west": { "texture": "#plumphelmet", "uv": [ 13.5, 11.0, 14.5, 13.0 ] },
						"up": { "texture": "#plumphelmet", "uv": [ 13.0, 9.5, 14.0, 10.5 ], "windMode": [-1,-1,-1,-1] },
						"down": { "texture": "#plumphelmet", "uv": [ 12.0, 12.0, 13.0, 13.0 ] }
					},
					"children": [
						{
							"name": "cap1",
							"from": [ -0.5, 1.8, -0.5 ],
							"to": [ 1.5, 2.8, 1.5 ],
							"rotationOrigin": [ 0.5, 1.8, 0.5 ],
							"rotationY": 19.0,
							"rotationZ": 8.0,
							"faces": {
								"north": { "texture": "#plumphelmet", "uv": [ 3.0, 9.0, 5.0, 10.0 ] },
								"east": { "texture": "#plumphelmet", "uv": [ 4.0, 10.0, 6.0, 11.0 ] },
								"south": { "texture": "#plumphelmet", "uv": [ 3.5, 12.5, 5.5, 13.5 ] },
								"west": { "texture": "#plumphelmet", "uv": [ 2.5, 11.5, 4.5, 12.5 ] },
								"up": { "texture": "#plumphelmet", "uv": [ 4.5, 12.0, 6.5, 14.0 ] },
								"down": { "texture": "#gills", "uv": [ 2.5, 12.0, 4.5, 14.0 ] }
							},
							"children": [
								{
									"name": "tip1",
									"from": [ 0.3, 1.0, 0.3 ],
									"to": [ 1.7, 3.0, 1.7 ],
									"rotationOrigin": [ 1.0, 1.0, 1.0 ],
									"faces": {
										"north": { "texture": "#plumphelmet", "uv": [ 5.5, 10.5, 6.5, 12.5 ] },
										"east": { "texture": "#plumphelmet", "uv": [ 2.0, 12.0, 3.0, 14.0 ] },
										"south": { "texture": "#plumphelmet", "uv": [ 1.5, 9.0, 2.5, 11.0 ] },
										"west": { "texture": "#plumphelmet", "uv": [ 4.5, 8.5, 5.5, 10.5 ] },
										"up": { "texture": "#plumphelmet", "uv": [ 5.0, 12.5, 6.0, 13.5 ] }
									}
								}
							]
						}
					]
				},
				{
					"name": "stem8",
					"from": [ 1.5, -0.2, -6.4 ],
					"to": [ 2.5, 1.3, -5.4 ],
					"rotationOrigin": [ 2.0, -0.1, -5.9 ],
					"rotationY": -144.0,
					"rotationZ": -14.0,
					"faces": {
						"north": { "texture": "#plumphelmet", "uv": [ 9.5, 10.5, 10.5, 12.0 ] },
						"east": { "texture": "#plumphelmet", "uv": [ 9.0, 10.5, 10.0, 12.0 ] },
						"south": { "texture": "#plumphelmet", "uv": [ 8.5, 10.5, 9.5, 12.0 ] },
						"west": { "texture": "#plumphelmet", "uv": [ 10.0, 9.5, 11.0, 11.0 ] },
						"up": { "texture": "#plumphelmet", "uv": [ 8.5, 9.0, 9.5, 10.0 ], "windMode": [-1,-1,-1,-1] },
						"down": { "texture": "#plumphelmet", "uv": [ 10.0, 13.5, 11.0, 14.5 ] }
					},
					"children": [
						{
							"name": "cap9",
							"from": [ -0.8, 1.3, -0.8 ],
							"to": [ 1.7, 2.3, 1.7 ],
							"rotationOrigin": [ 0.5, 1.3, 0.5 ],
							"rotationX": -14.0,
							"rotationZ": 19.0,
							"faces": {
								"north": { "texture": "#plumphelmet", "uv": [ 12.0, 3.5, 14.5, 4.5 ] },
								"east": { "texture": "#plumphelmet", "uv": [ 11.5, 1.5, 14.0, 2.5 ] },
								"south": { "texture": "#plumphelmet", "uv": [ 11.5, 3.5, 14.0, 4.5 ] },
								"west": { "texture": "#plumphelmet", "uv": [ 12.0, 4.5, 14.5, 5.5 ] },
								"up": { "texture": "#plumphelmet", "uv": [ 10.5, 4.5, 13.0, 7.0 ] },
								"down": { "texture": "#gills", "uv": [ 10.5, 10.0, 13.0, 12.5 ] }
							},
							"children": [
								{
									"name": "tip9",
									"from": [ 0.5, 1.0, 0.5 ],
									"to": [ 2.0, 2.5, 2.0 ],
									"rotationOrigin": [ 0.5, 1.0, 0.5 ],
									"faces": {
										"north": { "texture": "#plumphelmet", "uv": [ 8.5, 4.0, 10.0, 5.5 ] },
										"east": { "texture": "#plumphelmet", "uv": [ 9.0, 4.5, 10.5, 6.0 ] },
										"south": { "texture": "#plumphelmet", "uv": [ 8.0, 4.0, 9.5, 5.5 ] },
										"west": { "texture": "#plumphelmet", "uv": [ 7.0, 4.5, 8.5, 6.0 ] },
										"up": { "texture": "#plumphelmet", "uv": [ 2.5, 1.5, 4.0, 3.0 ] }
									}
								}
							]
						}
					]
				},
				{
					"name": "stem10",
					"from": [ 0.5, -0.2, -1.5 ],
					"to": [ 1.5, 1.3, -0.5 ],
					"rotationOrigin": [ 1.0, -0.1, -1.0 ],
					"rotationY": -33.0,
					"rotationZ": 6.0,
					"faces": {
						"north": { "texture": "#plumphelmet", "uv": [ 14.0, 8.0, 15.0, 9.5 ] },
						"east": { "texture": "#plumphelmet", "uv": [ 12.0, 8.0, 13.0, 9.5 ] },
						"south": { "texture": "#plumphelmet", "uv": [ 13.0, 8.0, 14.0, 9.5 ] },
						"west": { "texture": "#plumphelmet", "uv": [ 10.5, 8.0, 11.5, 9.5 ] },
						"up": { "texture": "#plumphelmet", "uv": [ 8.5, 8.0, 9.5, 9.0 ], "windMode": [-1,-1,-1,-1] },
						"down": { "texture": "#plumphelmet", "uv": [ 12.0, 8.5, 13.0, 9.5 ] }
					},
					"children": [
						{
							"name": "cap11",
							"from": [ -0.5, 1.3, -0.5 ],
							"to": [ 1.5, 2.8, 1.5 ],
							"rotationOrigin": [ 0.5, 1.3, 0.5 ],
							"rotationX": -11.0,
							"rotationZ": 8.0,
							"faces": {
								"north": { "texture": "#plumphelmet", "uv": [ 7.5, 1.0, 9.5, 2.5 ] },
								"east": { "texture": "#plumphelmet", "uv": [ 7.5, 2.0, 9.5, 3.5 ] },
								"south": { "texture": "#plumphelmet", "uv": [ 7.5, 0.5, 9.5, 2.0 ] },
								"west": { "texture": "#plumphelmet", "uv": [ 7.0, 3.0, 9.0, 4.5 ] },
								"up": { "texture": "#plumphelmet", "uv": [ 4.0, 2.0, 6.0, 4.0 ] },
								"down": { "texture": "#gills", "uv": [ 11.5, 8.5, 13.5, 10.5 ] }
							},
							"children": [
								{
									"name": "tip12",
									"from": [ 0.3, 1.5, 0.3 ],
									"to": [ 1.7, 3.0, 1.7 ],
									"rotationOrigin": [ 1.0, 1.5, 1.0 ],
									"faces": {
										"north": { "texture": "#plumphelmet", "uv": [ 14.5, 6.0, 15.5, 7.5 ] },
										"east": { "texture": "#plumphelmet", "uv": [ 13.0, 0.5, 14.0, 2.0 ] },
										"south": { "texture": "#plumphelmet", "uv": [ 11.0, 5.5, 12.0, 7.0 ] },
										"west": { "texture": "#plumphelmet", "uv": [ 7.5, 4.0, 8.5, 5.5 ] },
										"up": { "texture": "#plumphelmet", "uv": [ 4.5, 4.5, 5.5, 5.5 ] }
									}
								}
							]
						}
					]
				},
				{
					"name": "stem13",
					"from": [ -3.5, -0.2, -3.1 ],
					"to": [ -2.5, 1.8, -2.1 ],
					"rotationOrigin": [ -3.0, -0.1, -2.6 ],
					"rotationX": -6.0,
					"rotationY": -89.0,
					"rotationZ": -8.0,
					"faces": {
						"north": { "texture": "#plumphelmet", "uv": [ 12.0, 10.0, 13.0, 12.0 ] },
						"east": { "texture": "#plumphelmet", "uv": [ 14.5, 10.5, 15.5, 12.5 ] },
						"south": { "texture": "#plumphelmet", "uv": [ 12.5, 11.0, 13.5, 13.0 ] },
						"west": { "texture": "#plumphelmet", "uv": [ 12.0, 12.0, 13.0, 14.0 ] },
						"up": { "texture": "#plumphelmet", "uv": [ 13.0, 11.0, 14.0, 12.0 ], "windMode": [-1,-1,-1,-1] },
						"down": { "texture": "#plumphelmet", "uv": [ 13.0, 13.0, 14.0, 14.0 ] }
					},
					"children": [
						{
							"name": "cap14",
							"from": [ -0.5, 1.9, -0.5 ],
							"to": [ 1.5, 2.9, 1.5 ],
							"rotationOrigin": [ 0.5, 1.9, 0.5 ],
							"rotationY": 28.0,
							"faces": {
								"north": { "texture": "#plumphelmet", "uv": [ 9.0, 5.0, 11.0, 6.0 ] },
								"east": { "texture": "#plumphelmet", "uv": [ 4.5, 3.5, 6.5, 4.5 ] },
								"south": { "texture": "#plumphelmet", "uv": [ 2.5, 7.0, 4.5, 8.0 ] },
								"west": { "texture": "#plumphelmet", "uv": [ 7.5, 2.5, 9.5, 3.5 ] },
								"up": { "texture": "#plumphelmet", "uv": [ 7.0, 5.5, 9.0, 7.5 ] },
								"down": { "texture": "#gills", "uv": [ 11.5, 11.0, 13.5, 13.0 ] }
							},
							"children": [
								{
									"name": "tip15",
									"from": [ 0.3, 1.0, 0.3 ],
									"to": [ 1.7, 2.5, 1.7 ],
									"rotationOrigin": [ 1.0, 1.0, 1.0 ],
									"faces": {
										"north": { "texture": "#plumphelmet", "uv": [ 4.5, 2.0, 5.5, 3.5 ] },
										"east": { "texture": "#plumphelmet", "uv": [ 7.5, 1.5, 8.5, 3.0 ] },
										"south": { "texture": "#plumphelmet", "uv": [ 1.0, 3.0, 2.0, 4.5 ] },
										"west": { "texture": "#plumphelmet", "uv": [ 5.5, 3.5, 6.5, 5.0 ] },
										"up": { "texture": "#plumphelmet", "uv": [ 4.0, 1.0, 5.0, 2.0 ] }
									}
								}
							]
						}
					]
				},
				{
					"name": "stem16",
					"from": [ -6.0, -0.2, -1.2 ],
					"to": [ -5.0, 0.8, -0.2 ],
					"rotationOrigin": [ -5.5, -0.1, -0.7 ],
					"rotationX": -6.0,
					"rotationY": 44.0,
					"rotationZ": 3.0,
					"faces": {
						"north": { "texture": "#plumphelmet", "uv": [ 9.5, 12.0, 10.5, 13.0 ] },
						"east": { "texture": "#plumphelmet", "uv": [ 10.0, 10.5, 11.0, 11.5 ] },
						"south": { "texture": "#plumphelmet", "uv": [ 9.0, 13.0, 10.0, 14.0 ] },
						"west": { "texture": "#plumphelmet", "uv": [ 8.0, 9.0, 9.0, 10.0 ] },
						"up": { "texture": "#plumphelmet", "uv": [ 7.5, 9.5, 8.5, 10.5 ], "windMode": [-1,-1,-1,-1] },
						"down": { "texture": "#plumphelmet", "uv": [ 9.0, 12.5, 10.0, 13.5 ] }
					},
					"children": [
						{
							"name": "cap17",
							"from": [ -0.5, 0.8, -0.5 ],
							"to": [ 1.5, 1.8, 1.5 ],
							"rotationOrigin": [ 0.5, 0.8, 0.5 ],
							"rotationX": 8.0,
							"rotationY": -22.0,
							"faces": {
								"north": { "texture": "#plumphelmet", "uv": [ 2.5, 4.0, 4.5, 5.0 ] },
								"east": { "texture": "#plumphelmet", "uv": [ 3.5, 4.0, 5.5, 5.0 ] },
								"south": { "texture": "#plumphelmet", "uv": [ 3.0, 5.0, 5.0, 6.0 ] },
								"west": { "texture": "#plumphelmet", "uv": [ 4.5, 1.5, 6.5, 2.5 ] },
								"up": { "texture": "#plumphelmet", "uv": [ 7.5, 4.0, 9.5, 6.0 ] },
								"down": { "texture": "#gills", "uv": [ 11.5, 8.5, 13.5, 10.5 ] }
							},
							"children": [
								{
									"name": "tip18",
									"from": [ 0.3, 1.0, 0.3 ],
									"to": [ 1.7, 2.5, 1.7 ],
									"rotationOrigin": [ 1.0, 1.0, 1.0 ],
									"faces": {
										"north": { "texture": "#plumphelmet", "uv": [ 4.0, 2.0, 5.0, 3.5 ] },
										"east": { "texture": "#plumphelmet", "uv": [ 1.5, 2.5, 2.5, 4.0 ] },
										"south": { "texture": "#plumphelmet", "uv": [ 4.0, 1.0, 5.0, 2.5 ] },
										"west": { "texture": "#plumphelmet", "uv": [ 5.0, 5.5, 6.0, 7.0 ] },
										"up": { "texture": "#plumphelmet", "uv": [ 6.0, 3.5, 7.0, 4.5 ] }
									}
								}
							]
						}
					]
				},
				{
					"name": "stem18",
					"from": [ -6.4, -0.2, 2.6 ],
					"to": [ -5.6, 0.8, 3.4 ],
					"rotationOrigin": [ -6.0, -0.1, 3.0 ],
					"rotationX": -6.0,
					"rotationY": -7.0,
					"rotationZ": 3.0,
					"faces": {
						"north": { "texture": "#plumphelmet", "uv": [ 10.0, 10.0, 10.5, 11.0 ] },
						"east": { "texture": "#plumphelmet", "uv": [ 10.0, 9.0, 10.5, 10.0 ] },
						"south": { "texture": "#plumphelmet", "uv": [ 8.5, 9.5, 9.0, 10.5 ] },
						"west": { "texture": "#plumphelmet", "uv": [ 8.0, 9.0, 8.5, 10.0 ] },
						"up": { "texture": "#plumphelmet", "uv": [ 9.5, 10.0, 10.0, 10.5 ], "windMode": [-1,-1,-1,-1] },
						"down": { "texture": "#plumphelmet", "uv": [ 10.0, 10.5, 10.5, 11.0 ] }
					},
					"children": [
						{
							"name": "cap19",
							"from": [ -0.2, 0.8, -0.2 ],
							"to": [ 1.0, 2.3, 1.0 ],
							"rotationOrigin": [ 0.5, 0.8, 0.5 ],
							"rotationX": 8.0,
							"rotationY": -22.0,
							"faces": {
								"north": { "texture": "#plumphelmet", "uv": [ 12.0, 2.5, 13.0, 4.0 ] },
								"east": { "texture": "#plumphelmet", "uv": [ 11.0, 4.0, 12.0, 5.5 ] },
								"south": { "texture": "#plumphelmet", "uv": [ 11.5, 3.0, 12.5, 4.5 ] },
								"west": { "texture": "#plumphelmet", "uv": [ 12.5, 3.5, 13.5, 5.0 ] },
								"up": { "texture": "#plumphelmet", "uv": [ 11.0, 4.0, 12.0, 5.0 ] },
								"down": { "texture": "#plumphelmet", "uv": [ 13.5, 5.5, 14.5, 6.5 ] }
							}
						}
					]
				},
				{
					"name": "stem20",
					"from": [ 3.6, -0.2, -2.4 ],
					"to": [ 4.4, 0.8, -1.6 ],
					"rotationOrigin": [ 4.0, -0.1, -2.0 ],
					"rotationX": -6.0,
					"rotationY": -116.0,
					"rotationZ": 3.0,
					"faces": {
						"north": { "texture": "#plumphelmet", "uv": [ 9.0, 9.5, 9.5, 10.5 ] },
						"east": { "texture": "#plumphelmet", "uv": [ 9.5, 10.5, 10.0, 11.5 ] },
						"south": { "texture": "#plumphelmet", "uv": [ 10.5, 11.0, 11.0, 12.0 ] },
						"west": { "texture": "#plumphelmet", "uv": [ 10.5, 10.0, 11.0, 11.0 ] },
						"down": { "texture": "#plumphelmet", "uv": [ 9.0, 10.0, 9.5, 10.5 ] }
					},
					"children": [
						{
							"name": "cap21",
							"from": [ -0.2, 0.8, -0.2 ],
							"to": [ 1.0, 2.3, 1.0 ],
							"rotationOrigin": [ 0.5, 0.8, 0.5 ],
							"rotationY": 6.0,
							"faces": {
								"north": { "texture": "#plumphelmet", "uv": [ 10.0, 2.5, 11.0, 4.0 ] },
								"east": { "texture": "#plumphelmet", "uv": [ 7.5, 6.0, 8.5, 7.5 ] },
								"south": { "texture": "#plumphelmet", "uv": [ 4.5, 6.5, 5.5, 8.0 ] },
								"west": { "texture": "#plumphelmet", "uv": [ 2.0, 6.0, 3.0, 7.5 ] },
								"up": { "texture": "#plumphelmet", "uv": [ 2.0, 5.5, 3.0, 6.5 ] },
								"down": { "texture": "#gills", "uv": [ 14.0, 13.0, 15.0, 14.0 ] }
							}
						}
					]
				},
				{
					"name": "stem22",
					"from": [ -1.4, -0.2, 3.6 ],
					"to": [ -0.6, 0.8, 4.4 ],
					"rotationOrigin": [ -1.0, -0.1, 4.0 ],
					"rotationX": -6.0,
					"rotationY": 114.0,
					"rotationZ": 3.0,
					"faces": {
						"north": { "texture": "#plumphelmet", "uv": [ 9.5, 9.5, 10.0, 10.5 ] },
						"east": { "texture": "#plumphelmet", "uv": [ 10.5, 9.5, 11.0, 10.5 ] },
						"south": { "texture": "#plumphelmet", "uv": [ 9.0, 9.0, 9.5, 10.0 ] },
						"west": { "texture": "#plumphelmet", "uv": [ 9.5, 10.0, 10.0, 11.0 ] },
						"down": { "texture": "#plumphelmet", "uv": [ 9.0, 11.5, 9.5, 12.0 ] }
					},
					"children": [
						{
							"name": "cap23",
							"from": [ -0.2, 0.8, -0.2 ],
							"to": [ 1.0, 2.3, 1.0 ],
							"rotationOrigin": [ 0.5, 0.8, 0.5 ],
							"rotationX": 8.0,
							"rotationY": -22.0,
							"faces": {
								"north": { "texture": "#plumphelmet", "uv": [ 1.0, 6.5, 2.0, 8.0 ] },
								"east": { "texture": "#plumphelmet", "uv": [ 4.5, 6.0, 5.5, 7.5 ] },
								"south": { "texture": "#plumphelmet", "uv": [ 2.0, 6.5, 3.0, 8.0 ] },
								"west": { "texture": "#plumphelmet", "uv": [ 2.5, 6.0, 3.5, 7.5 ] },
								"up": { "texture": "#plumphelmet", "uv": [ 4.5, 7.0, 5.5, 8.0 ] },
								"down": { "texture": "#gills", "uv": [ 10.0, 9.0, 11.0, 10.0 ] }
							}
						}
					]
				},
				{
					"name": "stem23",
					"from": [ -3.5, -0.2, 0.5 ],
					"to": [ -2.5, 0.8, 1.5 ],
					"rotationOrigin": [ -3.0, -0.1, 1.0 ],
					"rotationX": -6.0,
					"rotationY": -108.0,
					"rotationZ": 6.0,
					"faces": {
						"north": { "texture": "#plumphelmet", "uv": [ 12.0, 9.0, 13.0, 10.0 ] },
						"east": { "texture": "#plumphelmet", "uv": [ 13.0, 9.0, 14.0, 10.0 ] },
						"south": { "texture": "#plumphelmet", "uv": [ 13.0, 9.0, 14.0, 10.0 ] },
						"west": { "texture": "#plumphelmet", "uv": [ 11.5, 9.5, 12.5, 10.5 ] },
						"up": { "texture": "#plumphelmet", "uv": [ 11.5, 8.0, 12.5, 9.0 ], "windMode": [-1,-1,-1,-1] },
						"down": { "texture": "#plumphelmet", "uv": [ 10.0, 9.5, 11.0, 10.5 ] }
					},
					"children": [
						{
							"name": "cap24",
							"from": [ -0.5, 0.9, -0.5 ],
							"to": [ 1.5, 1.9, 1.5 ],
							"rotationOrigin": [ 0.5, 0.9, 0.5 ],
							"rotationY": 28.0,
							"faces": {
								"north": { "texture": "#plumphelmet", "uv": [ 4.0, 7.0, 6.0, 8.0 ] },
								"east": { "texture": "#plumphelmet", "uv": [ 3.0, 6.5, 5.0, 7.5 ] },
								"south": { "texture": "#plumphelmet", "uv": [ 3.5, 7.5, 5.5, 8.5 ] },
								"west": { "texture": "#plumphelmet", "uv": [ 1.0, 7.5, 3.0, 8.5 ] },
								"up": { "texture": "#plumphelmet", "uv": [ 0.5, 6.5, 2.5, 8.5 ] },
								"down": { "texture": "#gills", "uv": [ 12.5, 8.5, 14.5, 10.5 ] }
							},
							"children": [
								{
									"name": "tip24",
									"from": [ 0.3, 1.0, 0.3 ],
									"to": [ 1.7, 2.5, 1.7 ],
									"rotationOrigin": [ 1.0, 1.0, 1.0 ],
									"faces": {
										"north": { "texture": "#plumphelmet", "uv": [ 6.5, 7.0, 7.5, 8.5 ] },
										"east": { "texture": "#plumphelmet", "uv": [ 3.5, 5.5, 4.5, 7.0 ] },
										"south": { "texture": "#plumphelmet", "uv": [ 5.0, 4.5, 6.0, 6.0 ] },
										"west": { "texture": "#plumphelmet", "uv": [ 3.0, 7.0, 4.0, 8.5 ] },
										"up": { "texture": "#plumphelmet", "uv": [ 3.0, 3.0, 4.0, 4.0 ] }
									}
								}
							]
						}
					]
				}
			]
		}
	]}