{
	"editor": {
		"collapsedPaths": "Root/origin/stem8,Root/origin/stem1",
		"allAngles": true,
		"entityTextureMode": false
	},
	"textureWidth": 16,
	"textureHeight": 16,
	"textureSizes": {
	},
	"textures": {
		"plumphelmet": "block/plant/mushroom/plumphelmet/plumphelmet",
		"gills": "block/plant/mushroom/gills"	
	},
	"elements": [
		{
			"name": "origin",
			"from": [ 8.0, 0.0, 8.0 ],
			"to": [ 8.0, 0.0, 8.0 ],
			"rotationOrigin": [ 8.0, 0.0, 8.0 ],
			"faces": {
			},
			"children": [
				{
					"name": "stem1",
					"from": [ -2.1, -0.3, -6.4 ],
					"to": [ -1.1, 1.7, -5.4 ],
					"rotationOrigin": [ -1.6, -0.2, -5.9 ],
					"rotationY": -80.0,
					"rotationZ": -6.0,
					"faces": {
						"north": { "texture": "#plumphelmet", "uv": [ 9.0, 9.5, 10.0, 11.5 ] },
						"east": { "texture": "#plumphelmet", "uv": [ 11.0, 8.5, 12.0, 10.5 ] },
						"south": { "texture": "#plumphelmet", "uv": [ 11.5, 8.5, 12.5, 10.5 ] },
						"west": { "texture": "#plumphelmet", "uv": [ 9.5, 11.0, 10.5, 13.0 ] },
						"up": { "texture": "#plumphelmet", "uv": [ 10.0, 9.0, 11.0, 10.0 ], "windMode": [-1,-1,-1,-1] },
						"down": { "texture": "#plumphelmet", "uv": [ 11.5, 11.5, 12.5, 12.5 ] }
					},
					"children": [
						{
							"name": "cap1",
							"from": [ -0.5, 1.8, -0.5 ],
							"to": [ 1.5, 3.8, 1.5 ],
							"rotationOrigin": [ 0.5, 1.8, 0.5 ],
							"rotationY": 19.0,
							"rotationZ": 8.0,
							"faces": {
								"north": { "texture": "#plumphelmet", "uv": [ 7.5, 1.5, 9.5, 3.5 ] },
								"east": { "texture": "#plumphelmet", "uv": [ 7.5, 4.0, 9.5, 6.0 ] },
								"south": { "texture": "#plumphelmet", "uv": [ 9.0, 0.5, 11.0, 2.5 ] },
								"west": { "texture": "#plumphelmet", "uv": [ 5.5, 3.0, 7.5, 5.0 ] },
								"up": { "texture": "#plumphelmet", "uv": [ 6.5, 4.5, 8.5, 6.5 ] },
								"down": { "texture": "#gills", "uv": [ 10.5, 10.5, 12.5, 12.5 ] }
							},
							"children": [
								{
									"name": "tip1",
									"from": [ 0.3, 2.0, 0.3 ],
									"to": [ 1.7, 3.5, 1.7 ],
									"rotationOrigin": [ 1.0, 2.0, 1.0 ],
									"faces": {
										"north": { "texture": "#plumphelmet", "uv": [ 8.0, 1.5, 9.0, 3.0 ] },
										"east": { "texture": "#plumphelmet", "uv": [ 7.5, 0.0, 8.5, 1.5 ] },
										"south": { "texture": "#plumphelmet", "uv": [ 8.5, 3.0, 9.5, 4.5 ] },
										"west": { "texture": "#plumphelmet", "uv": [ 7.5, 6.0, 8.5, 7.5 ] },
										"up": { "texture": "#plumphelmet", "uv": [ 9.5, 4.5, 10.5, 5.5 ] }
									}
								}
							]
						}
					]
				},
				{
					"name": "stem8",
					"from": [ 0.5, -0.2, 5.5 ],
					"to": [ 1.5, 1.8, 6.5 ],
					"rotationOrigin": [ 1.0, -0.1, 6.0 ],
					"rotationY": -8.0,
					"rotationZ": -14.0,
					"faces": {
						"north": { "texture": "#plumphelmet", "uv": [ 10.0, 10.5, 11.0, 12.5 ] },
						"east": { "texture": "#plumphelmet", "uv": [ 9.5, 11.5, 10.5, 13.5 ] },
						"south": { "texture": "#plumphelmet", "uv": [ 9.0, 11.0, 10.0, 13.0 ] },
						"west": { "texture": "#plumphelmet", "uv": [ 9.5, 11.5, 10.5, 13.5 ] },
						"up": { "texture": "#plumphelmet", "uv": [ 8.5, 10.0, 9.5, 11.0 ], "windMode": [-1,-1,-1,-1] },
						"down": { "texture": "#plumphelmet", "uv": [ 8.5, 12.5, 9.5, 13.5 ] }
					},
					"children": [
						{
							"name": "cap9",
							"from": [ -0.8, 1.8, -0.8 ],
							"to": [ 1.7, 2.8, 1.7 ],
							"rotationOrigin": [ 0.5, 1.8, 0.5 ],
							"rotationX": -14.0,
							"rotationZ": 19.0,
							"faces": {
								"north": { "texture": "#plumphelmet", "uv": [ 4.0, 3.5, 6.5, 4.5 ] },
								"east": { "texture": "#plumphelmet", "uv": [ 8.0, 2.5, 10.5, 3.5 ] },
								"south": { "texture": "#plumphelmet", "uv": [ 11.5, 3.5, 14.0, 4.5 ] },
								"west": { "texture": "#plumphelmet", "uv": [ 11.0, 6.0, 13.5, 7.0 ] },
								"up": { "texture": "#plumphelmet", "uv": [ 9.0, 3.5, 11.5, 6.0 ] },
								"down": { "texture": "#gills", "uv": [ 10.5, 10.0, 13.0, 12.5 ] }
							},
							"children": [
								{
									"name": "tip9",
									"from": [ 0.5, 1.0, 0.5 ],
									"to": [ 2.0, 2.5, 2.0 ],
									"rotationOrigin": [ 0.5, 1.0, 0.5 ],
									"faces": {
										"north": { "texture": "#plumphelmet", "uv": [ 9.5, 3.0, 11.0, 4.5 ] },
										"east": { "texture": "#plumphelmet", "uv": [ 8.0, 1.5, 9.5, 3.0 ] },
										"south": { "texture": "#plumphelmet", "uv": [ 3.0, 1.5, 4.5, 3.0 ] },
										"west": { "texture": "#plumphelmet", "uv": [ 4.0, 3.0, 5.5, 4.5 ] },
										"up": { "texture": "#plumphelmet", "uv": [ 4.0, 3.0, 5.5, 4.5 ] }
									}
								}
							]
						}
					]
				},
				{
					"name": "stem10",
					"from": [ -5.5, -0.2, -5.5 ],
					"to": [ -4.5, 1.3, -4.5 ],
					"rotationOrigin": [ -5.0, -0.1, -5.0 ],
					"rotationY": -36.0,
					"rotationZ": -6.0,
					"faces": {
						"north": { "texture": "#plumphelmet", "uv": [ 14.0, 9.5, 15.0, 11.0 ] },
						"east": { "texture": "#plumphelmet", "uv": [ 12.5, 11.5, 13.5, 13.0 ] },
						"south": { "texture": "#plumphelmet", "uv": [ 12.5, 12.0, 13.5, 13.5 ] },
						"west": { "texture": "#plumphelmet", "uv": [ 12.0, 13.0, 13.0, 14.5 ] },
						"down": { "texture": "#plumphelmet", "uv": [ 12.5, 11.5, 13.5, 12.5 ] }
					},
					"children": [
						{
							"name": "cap11",
							"from": [ -0.5, 1.3, -0.5 ],
							"to": [ 1.5, 2.8, 1.5 ],
							"rotationOrigin": [ 0.5, 1.3, 0.5 ],
							"rotationX": -11.0,
							"rotationZ": 8.0,
							"faces": {
								"north": { "texture": "#plumphelmet", "uv": [ 0.0, 12.0, 2.0, 13.5 ] },
								"east": { "texture": "#plumphelmet", "uv": [ 2.0, 14.5, 4.0, 16.0 ] },
								"south": { "texture": "#plumphelmet", "uv": [ 2.5, 14.0, 4.5, 15.5 ] },
								"west": { "texture": "#plumphelmet", "uv": [ 3.5, 12.0, 5.5, 13.5 ] },
								"up": { "texture": "#plumphelmet", "uv": [ 5.0, 11.5, 7.0, 13.5 ] },
								"down": { "texture": "#gills", "uv": [ 2.5, 11.0, 4.5, 13.0 ] }
							},
							"children": [
								{
									"name": "tip12",
									"from": [ 0.3, 1.5, 0.3 ],
									"to": [ 1.7, 3.5, 1.7 ],
									"rotationOrigin": [ 1.0, 1.5, 1.0 ],
									"faces": {
										"north": { "texture": "#plumphelmet", "uv": [ 4.5, 9.5, 5.5, 11.5 ] },
										"east": { "texture": "#plumphelmet", "uv": [ 2.5, 9.5, 3.5, 11.5 ] },
										"south": { "texture": "#plumphelmet", "uv": [ 1.5, 10.5, 2.5, 12.5 ] },
										"west": { "texture": "#plumphelmet", "uv": [ 4.5, 11.5, 5.5, 13.5 ] },
										"up": { "texture": "#plumphelmet", "uv": [ 5.0, 10.5, 6.0, 11.5 ] }
									}
								}
							]
						}
					]
				},
				{
					"name": "stem13",
					"from": [ -5.5, -0.2, 1.5 ],
					"to": [ -4.5, 0.8, 2.5 ],
					"rotationOrigin": [ -5.0, -0.1, 2.0 ],
					"rotationX": -6.0,
					"rotationY": 42.0,
					"rotationZ": 6.0,
					"faces": {
						"north": { "texture": "#plumphelmet", "uv": [ 7.5, 10.0, 8.5, 11.0 ] },
						"east": { "texture": "#plumphelmet", "uv": [ 12.0, 9.5, 13.0, 10.5 ] },
						"south": { "texture": "#plumphelmet", "uv": [ 11.0, 9.5, 12.0, 10.5 ] },
						"west": { "texture": "#plumphelmet", "uv": [ 11.5, 10.5, 12.5, 11.5 ] },
						"up": { "texture": "#plumphelmet", "uv": [ 10.5, 10.0, 11.5, 11.0 ], "windMode": [-1,-1,-1,-1] },
						"down": { "texture": "#plumphelmet", "uv": [ 8.5, 11.0, 9.5, 12.0 ] }
					},
					"children": [
						{
							"name": "cap14",
							"from": [ -0.5, 0.9, -0.5 ],
							"to": [ 1.5, 1.9, 1.5 ],
							"rotationOrigin": [ 0.5, 0.9, 0.5 ],
							"rotationY": 28.0,
							"faces": {
								"north": { "texture": "#plumphelmet", "uv": [ 4.5, 8.5, 6.5, 9.5 ] },
								"east": { "texture": "#plumphelmet", "uv": [ 5.0, 8.5, 7.0, 9.5 ] },
								"south": { "texture": "#plumphelmet", "uv": [ 2.0, 9.0, 4.0, 10.0 ] },
								"west": { "texture": "#plumphelmet", "uv": [ 3.0, 8.5, 5.0, 9.5 ] },
								"up": { "texture": "#plumphelmet", "uv": [ 3.5, 9.5, 5.5, 11.5 ] },
								"down": { "texture": "#gills", "uv": [ 3.0, 11.0, 5.0, 13.0 ] }
							},
							"children": [
								{
									"name": "tip15",
									"from": [ 0.3, 1.0, 0.3 ],
									"to": [ 1.7, 2.5, 1.7 ],
									"rotationOrigin": [ 1.0, 1.0, 1.0 ],
									"faces": {
										"north": { "texture": "#plumphelmet", "uv": [ 3.0, 8.0, 4.0, 9.5 ] },
										"east": { "texture": "#plumphelmet", "uv": [ 5.0, 8.0, 6.0, 9.5 ] },
										"south": { "texture": "#plumphelmet", "uv": [ 1.0, 8.0, 2.0, 9.5 ] },
										"west": { "texture": "#plumphelmet", "uv": [ 2.0, 8.0, 3.0, 9.5 ] },
										"up": { "texture": "#plumphelmet", "uv": [ 3.0, 9.5, 4.0, 10.5 ] }
									}
								}
							]
						}
					]
				},
				{
					"name": "stem16",
					"from": [ 5.5, -0.2, 3.5 ],
					"to": [ 6.5, 1.8, 4.5 ],
					"rotationOrigin": [ 6.0, -0.1, 4.0 ],
					"rotationX": -6.0,
					"rotationY": 17.0,
					"rotationZ": 3.0,
					"faces": {
						"north": { "texture": "#plumphelmet", "uv": [ 9.5, 11.5, 10.5, 13.5 ] },
						"east": { "texture": "#plumphelmet", "uv": [ 10.0, 11.5, 11.0, 13.5 ] },
						"south": { "texture": "#plumphelmet", "uv": [ 9.5, 12.0, 10.5, 14.0 ] },
						"west": { "texture": "#plumphelmet", "uv": [ 10.5, 11.5, 11.5, 13.5 ] },
						"up": { "texture": "#plumphelmet", "uv": [ 8.0, 8.0, 9.0, 9.0 ], "windMode": [-1,-1,-1,-1] },
						"down": { "texture": "#plumphelmet", "uv": [ 8.5, 11.5, 9.5, 12.5 ] }
					},
					"children": [
						{
							"name": "cap17",
							"from": [ -0.5, 1.8, -0.5 ],
							"to": [ 1.5, 2.8, 1.5 ],
							"rotationOrigin": [ 0.5, 1.8, 0.5 ],
							"rotationX": 8.0,
							"rotationY": -22.0,
							"faces": {
								"north": { "texture": "#plumphelmet", "uv": [ 7.0, 2.5, 9.0, 3.5 ] },
								"east": { "texture": "#plumphelmet", "uv": [ 8.0, 3.5, 10.0, 4.5 ] },
								"south": { "texture": "#plumphelmet", "uv": [ 4.0, 2.5, 6.0, 3.5 ] },
								"west": { "texture": "#plumphelmet", "uv": [ 6.5, 3.5, 8.5, 4.5 ] },
								"up": { "texture": "#plumphelmet", "uv": [ 4.5, 5.0, 6.5, 7.0 ] },
								"down": { "texture": "#gills", "uv": [ 11.0, 12.5, 13.0, 14.5 ] }
							},
							"children": [
								{
									"name": "tip18",
									"from": [ 0.3, 1.0, 0.3 ],
									"to": [ 1.7, 2.5, 1.7 ],
									"rotationOrigin": [ 1.0, 1.0, 1.0 ],
									"faces": {
										"north": { "texture": "#plumphelmet", "uv": [ 7.0, 3.0, 8.0, 4.5 ] },
										"east": { "texture": "#plumphelmet", "uv": [ 8.0, 3.5, 9.0, 5.0 ] },
										"south": { "texture": "#plumphelmet", "uv": [ 8.5, 2.0, 9.5, 3.5 ] },
										"west": { "texture": "#plumphelmet", "uv": [ 8.0, 6.5, 9.0, 8.0 ] },
										"up": { "texture": "#plumphelmet", "uv": [ 7.5, 7.0, 8.5, 8.0 ] }
									}
								}
							]
						}
					]
				},
				{
					"name": "stem17",
					"from": [ 2.5, -0.2, 2.5 ],
					"to": [ 3.5, 1.3, 3.5 ],
					"rotationOrigin": [ 3.0, -0.1, 3.0 ],
					"rotationY": -97.0,
					"rotationZ": -3.0,
					"faces": {
						"north": { "texture": "#plumphelmet", "uv": [ 10.0, 12.0, 11.0, 13.5 ] },
						"east": { "texture": "#plumphelmet", "uv": [ 8.5, 10.5, 9.5, 12.0 ] },
						"south": { "texture": "#plumphelmet", "uv": [ 8.5, 9.5, 9.5, 11.0 ] },
						"west": { "texture": "#plumphelmet", "uv": [ 11.0, 9.5, 12.0, 11.0 ] },
						"up": { "texture": "#plumphelmet", "uv": [ 11.0, 9.5, 12.0, 10.5 ], "windMode": [-1,-1,-1,-1] },
						"down": { "texture": "#plumphelmet", "uv": [ 12.0, 9.5, 13.0, 10.5 ] }
					},
					"children": [
						{
							"name": "cap18",
							"from": [ -0.8, 1.3, -0.8 ],
							"to": [ 1.7, 2.3, 1.7 ],
							"rotationOrigin": [ 0.5, 1.3, 0.5 ],
							"rotationX": -6.0,
							"rotationY": 50.0,
							"rotationZ": -3.0,
							"faces": {
								"north": { "texture": "#plumphelmet", "uv": [ 9.0, 4.5, 11.5, 5.5 ] },
								"east": { "texture": "#plumphelmet", "uv": [ 9.0, 3.5, 11.5, 4.5 ] },
								"south": { "texture": "#plumphelmet", "uv": [ 10.0, 5.0, 12.5, 6.0 ] },
								"west": { "texture": "#plumphelmet", "uv": [ 11.0, 2.0, 13.5, 3.0 ] },
								"up": { "texture": "#plumphelmet", "uv": [ 8.0, 4.5, 10.5, 7.0 ] },
								"down": { "texture": "#gills", "uv": [ 11.5, 11.0, 14.0, 13.5 ] }
							},
							"children": [
								{
									"name": "tip10",
									"from": [ 0.5, 1.0, 0.5 ],
									"to": [ 2.0, 2.5, 2.0 ],
									"rotationOrigin": [ 0.5, 1.0, 0.5 ],
									"faces": {
										"north": { "texture": "#plumphelmet", "uv": [ 5.0, 1.5, 6.5, 3.0 ] },
										"east": { "texture": "#plumphelmet", "uv": [ 8.5, 3.5, 10.0, 5.0 ] },
										"south": { "texture": "#plumphelmet", "uv": [ 11.0, 4.5, 12.5, 6.0 ] },
										"west": { "texture": "#plumphelmet", "uv": [ 3.5, 4.5, 5.0, 6.0 ] },
										"up": { "texture": "#plumphelmet", "uv": [ 8.5, 4.5, 10.0, 6.0 ] }
									}
								}
							]
						}
					]
				},
				{
					"name": "stem18",
					"from": [ -5.4, -0.2, -3.1 ],
					"to": [ -4.6, 0.8, -2.3 ],
					"rotationOrigin": [ -5.0, -0.1, -2.7 ],
					"rotationX": -6.0,
					"rotationY": 50.0,
					"rotationZ": 3.0,
					"faces": {
						"north": { "texture": "#plumphelmet", "uv": [ 8.5, 10.0, 9.0, 11.0 ] },
						"east": { "texture": "#plumphelmet", "uv": [ 10.0, 11.0, 10.5, 12.0 ] },
						"south": { "texture": "#plumphelmet", "uv": [ 9.0, 10.0, 9.5, 11.0 ] },
						"west": { "texture": "#plumphelmet", "uv": [ 9.0, 9.0, 9.5, 10.0 ] },
						"up": { "texture": "#plumphelmet", "uv": [ 9.0, 12.0, 9.5, 12.5 ], "windMode": [-1,-1,-1,-1] },
						"down": { "texture": "#plumphelmet", "uv": [ 11.0, 11.0, 11.5, 11.5 ] }
					},
					"children": [
						{
							"name": "cap19",
							"from": [ -0.3, 0.8, -0.3 ],
							"to": [ 1.3, 1.3, 1.3 ],
							"rotationOrigin": [ 0.5, 0.8, 0.5 ],
							"rotationX": 8.0,
							"rotationY": -22.0,
							"faces": {
								"north": { "texture": "#plumphelmet", "uv": [ 6.0, 4.0, 7.5, 4.5 ] },
								"east": { "texture": "#plumphelmet", "uv": [ 12.5, 3.5, 14.0, 4.0 ] },
								"south": { "texture": "#plumphelmet", "uv": [ 13.0, 2.0, 14.5, 2.5 ] },
								"west": { "texture": "#plumphelmet", "uv": [ 12.5, 2.0, 14.0, 2.5 ] },
								"up": { "texture": "#plumphelmet", "uv": [ 12.5, 2.5, 14.0, 4.0 ] },
								"down": { "texture": "#gills", "uv": [ 10.0, 11.0, 11.5, 12.5 ] }
							},
							"children": [
								{
									"name": "tip19",
									"from": [ 0.3, 0.5, 0.3 ],
									"to": [ 1.3, 1.5, 1.3 ],
									"rotationOrigin": [ 0.3, 0.5, 0.3 ],
									"faces": {
										"north": { "texture": "#plumphelmet", "uv": [ 6.5, 3.0, 7.5, 4.0 ] },
										"east": { "texture": "#plumphelmet", "uv": [ 4.0, 1.0, 5.0, 2.0 ] },
										"south": { "texture": "#plumphelmet", "uv": [ 4.0, 1.0, 5.0, 2.0 ] },
										"west": { "texture": "#plumphelmet", "uv": [ 10.0, 5.0, 11.0, 6.0 ] },
										"up": { "texture": "#plumphelmet", "uv": [ 10.0, 2.5, 11.0, 3.5 ] }
									}
								}
							]
						}
					]
				},
				{
					"name": "stem20",
					"from": [ -2.4, -0.2, 6.6 ],
					"to": [ -1.6, 0.8, 7.4 ],
					"rotationOrigin": [ -2.0, -0.1, 7.0 ],
					"rotationX": -6.0,
					"rotationY": -19.0,
					"rotationZ": 3.0,
					"faces": {
						"north": { "texture": "#plumphelmet", "uv": [ 10.0, 10.5, 10.5, 11.5 ] },
						"east": { "texture": "#plumphelmet", "uv": [ 9.0, 11.5, 9.5, 12.5 ] },
						"south": { "texture": "#plumphelmet", "uv": [ 9.0, 11.5, 9.5, 12.5 ] },
						"west": { "texture": "#plumphelmet", "uv": [ 10.0, 10.5, 10.5, 11.5 ] },
						"up": { "texture": "#plumphelmet", "uv": [ 10.0, 10.5, 10.5, 11.0 ], "windMode": [-1,-1,-1,-1] },
						"down": { "texture": "#plumphelmet", "uv": [ 8.5, 10.5, 9.0, 11.0 ], "windMode": [-1,-1,-1,-1] }
					},
					"children": [
						{
							"name": "cap21",
							"from": [ -0.2, 0.8, -0.2 ],
							"to": [ 1.0, 1.8, 1.0 ],
							"rotationOrigin": [ 0.5, 0.8, 0.5 ],
							"rotationY": 6.0,
							"faces": {
								"north": { "texture": "#plumphelmet", "uv": [ 7.5, 1.0, 8.5, 2.0 ] },
								"east": { "texture": "#plumphelmet", "uv": [ 8.0, 0.5, 9.0, 1.5 ] },
								"south": { "texture": "#plumphelmet", "uv": [ 8.0, 1.5, 9.0, 2.5 ] },
								"west": { "texture": "#plumphelmet", "uv": [ 8.0, 1.0, 9.0, 2.0 ] },
								"up": { "texture": "#plumphelmet", "uv": [ 7.5, 4.0, 8.5, 5.0 ] },
								"down": { "texture": "#gills", "uv": [ 13.5, 9.0, 14.5, 10.0 ] }
							}
						}
					]
				}
			]
		},
		{
			"name": "origin",
			"from": [ 8.0, 0.0, 8.0 ],
			"to": [ 8.0, 0.0, 8.0 ],
			"rotationOrigin": [ 8.0, 0.0, 8.0 ],
			"faces": {
			},
			"children": [
				{
					"name": "stem1",
					"from": [ -3.1, -0.3, -1.5 ],
					"to": [ -2.1, 1.7, -0.5 ],
					"rotationOrigin": [ -2.6, -0.2, -1.0 ],
					"rotationY": 64.0,
					"rotationZ": -6.0,
					"faces": {
						"north": { "texture": "#plumphelmet", "uv": [ 9.0, 9.5, 10.0, 11.5 ] },
						"east": { "texture": "#plumphelmet", "uv": [ 11.0, 8.5, 12.0, 10.5 ] },
						"south": { "texture": "#plumphelmet", "uv": [ 11.5, 8.5, 12.5, 10.5 ] },
						"west": { "texture": "#plumphelmet", "uv": [ 9.5, 11.0, 10.5, 13.0 ] },
						"up": { "texture": "#plumphelmet", "uv": [ 10.0, 9.0, 11.0, 10.0 ], "windMode": [-1,-1,-1,-1] },
						"down": { "texture": "#plumphelmet", "uv": [ 11.5, 11.5, 12.5, 12.5 ] }
					},
					"children": [
						{
							"name": "cap1",
							"from": [ -0.5, 1.8, -0.5 ],
							"to": [ 1.5, 3.8, 1.5 ],
							"rotationOrigin": [ 0.5, 1.8, 0.5 ],
							"rotationY": 19.0,
							"rotationZ": 8.0,
							"faces": {
								"north": { "texture": "#plumphelmet", "uv": [ 7.5, 1.5, 9.5, 3.5 ] },
								"east": { "texture": "#plumphelmet", "uv": [ 7.5, 4.0, 9.5, 6.0 ] },
								"south": { "texture": "#plumphelmet", "uv": [ 9.0, 0.5, 11.0, 2.5 ] },
								"west": { "texture": "#plumphelmet", "uv": [ 5.5, 3.0, 7.5, 5.0 ] },
								"up": { "texture": "#plumphelmet", "uv": [ 6.5, 4.5, 8.5, 6.5 ] },
								"down": { "texture": "#gills", "uv": [ 10.5, 10.5, 12.5, 12.5 ] }
							},
							"children": [
								{
									"name": "tip1",
									"from": [ 0.3, 2.0, 0.3 ],
									"to": [ 1.7, 3.5, 1.7 ],
									"rotationOrigin": [ 1.0, 2.0, 1.0 ],
									"faces": {
										"north": { "texture": "#plumphelmet", "uv": [ 8.0, 1.5, 9.0, 3.0 ] },
										"east": { "texture": "#plumphelmet", "uv": [ 7.5, 0.0, 8.5, 1.5 ] },
										"south": { "texture": "#plumphelmet", "uv": [ 8.5, 3.0, 9.5, 4.5 ] },
										"west": { "texture": "#plumphelmet", "uv": [ 7.5, 6.0, 8.5, 7.5 ] },
										"up": { "texture": "#plumphelmet", "uv": [ 9.5, 4.5, 10.5, 5.5 ] }
									}
								}
							]
						}
					]
				},
				{
					"name": "stem10",
					"from": [ -4.5, -0.2, 4.5 ],
					"to": [ -3.5, 1.3, 5.5 ],
					"rotationOrigin": [ -4.0, -0.1, 5.0 ],
					"rotationY": -28.0,
					"rotationZ": -6.0,
					"faces": {
						"north": { "texture": "#plumphelmet", "uv": [ 14.0, 9.5, 15.0, 11.0 ] },
						"east": { "texture": "#plumphelmet", "uv": [ 12.5, 11.5, 13.5, 13.0 ] },
						"south": { "texture": "#plumphelmet", "uv": [ 12.5, 12.0, 13.5, 13.5 ] },
						"west": { "texture": "#plumphelmet", "uv": [ 12.0, 13.0, 13.0, 14.5 ] },
						"down": { "texture": "#plumphelmet", "uv": [ 12.5, 11.5, 13.5, 12.5 ] }
					},
					"children": [
						{
							"name": "cap11",
							"from": [ -0.5, 1.3, -0.5 ],
							"to": [ 1.5, 2.8, 1.5 ],
							"rotationOrigin": [ 0.5, 1.3, 0.5 ],
							"rotationX": -11.0,
							"rotationZ": 8.0,
							"faces": {
								"north": { "texture": "#plumphelmet", "uv": [ 0.0, 12.0, 2.0, 13.5 ] },
								"east": { "texture": "#plumphelmet", "uv": [ 2.0, 14.5, 4.0, 16.0 ] },
								"south": { "texture": "#plumphelmet", "uv": [ 2.5, 14.0, 4.5, 15.5 ] },
								"west": { "texture": "#plumphelmet", "uv": [ 3.5, 12.0, 5.5, 13.5 ] },
								"up": { "texture": "#plumphelmet", "uv": [ 5.0, 11.5, 7.0, 13.5 ] },
								"down": { "texture": "#gills", "uv": [ 2.5, 11.0, 4.5, 13.0 ] }
							},
							"children": [
								{
									"name": "tip12",
									"from": [ 0.3, 1.5, 0.3 ],
									"to": [ 1.7, 3.5, 1.7 ],
									"rotationOrigin": [ 1.0, 1.5, 1.0 ],
									"faces": {
										"north": { "texture": "#plumphelmet", "uv": [ 4.5, 9.5, 5.5, 11.5 ] },
										"east": { "texture": "#plumphelmet", "uv": [ 2.5, 9.5, 3.5, 11.5 ] },
										"south": { "texture": "#plumphelmet", "uv": [ 1.5, 10.5, 2.5, 12.5 ] },
										"west": { "texture": "#plumphelmet", "uv": [ 4.5, 11.5, 5.5, 13.5 ] },
										"up": { "texture": "#plumphelmet", "uv": [ 5.0, 10.5, 6.0, 11.5 ] }
									}
								}
							]
						}
					]
				},
				{
					"name": "stem13",
					"from": [ 4.5, -0.2, -0.5 ],
					"to": [ 5.5, 0.8, 0.5 ],
					"rotationOrigin": [ 5.0, -0.1, 0.0 ],
					"rotationX": -6.0,
					"rotationY": -69.0,
					"rotationZ": 6.0,
					"faces": {
						"north": { "texture": "#plumphelmet", "uv": [ 7.5, 10.0, 8.5, 11.0 ] },
						"east": { "texture": "#plumphelmet", "uv": [ 12.0, 9.5, 13.0, 10.5 ] },
						"south": { "texture": "#plumphelmet", "uv": [ 11.0, 9.5, 12.0, 10.5 ] },
						"west": { "texture": "#plumphelmet", "uv": [ 11.5, 10.5, 12.5, 11.5 ] },
						"up": { "texture": "#plumphelmet", "uv": [ 10.5, 10.0, 11.5, 11.0 ], "windMode": [-1,-1,-1,-1] },
						"down": { "texture": "#plumphelmet", "uv": [ 8.5, 11.0, 9.5, 12.0 ] }
					},
					"children": [
						{
							"name": "cap14",
							"from": [ -0.5, 0.9, -0.5 ],
							"to": [ 1.5, 1.9, 1.5 ],
							"rotationOrigin": [ 0.5, 0.9, 0.5 ],
							"rotationY": 28.0,
							"faces": {
								"north": { "texture": "#plumphelmet", "uv": [ 4.5, 8.5, 6.5, 9.5 ] },
								"east": { "texture": "#plumphelmet", "uv": [ 5.0, 8.5, 7.0, 9.5 ] },
								"south": { "texture": "#plumphelmet", "uv": [ 2.0, 9.0, 4.0, 10.0 ] },
								"west": { "texture": "#plumphelmet", "uv": [ 3.0, 8.5, 5.0, 9.5 ] },
								"up": { "texture": "#plumphelmet", "uv": [ 3.5, 9.5, 5.5, 11.5 ] },
								"down": { "texture": "#gills", "uv": [ 3.0, 11.0, 5.0, 13.0 ] }
							},
							"children": [
								{
									"name": "tip15",
									"from": [ 0.3, 1.0, 0.3 ],
									"to": [ 1.7, 2.5, 1.7 ],
									"rotationOrigin": [ 1.0, 1.0, 1.0 ],
									"faces": {
										"north": { "texture": "#plumphelmet", "uv": [ 3.0, 8.0, 4.0, 9.5 ] },
										"east": { "texture": "#plumphelmet", "uv": [ 5.0, 8.0, 6.0, 9.5 ] },
										"south": { "texture": "#plumphelmet", "uv": [ 1.0, 8.0, 2.0, 9.5 ] },
										"west": { "texture": "#plumphelmet", "uv": [ 2.0, 8.0, 3.0, 9.5 ] },
										"up": { "texture": "#plumphelmet", "uv": [ 3.0, 9.5, 4.0, 10.5 ] }
									}
								}
							]
						}
					]
				},
				{
					"name": "stem16",
					"from": [ 0.5, -0.2, 1.5 ],
					"to": [ 1.5, 1.8, 2.5 ],
					"rotationOrigin": [ 1.0, -0.1, 2.0 ],
					"rotationX": -6.0,
					"rotationY": -19.0,
					"rotationZ": 3.0,
					"faces": {
						"north": { "texture": "#plumphelmet", "uv": [ 9.5, 11.5, 10.5, 13.5 ] },
						"east": { "texture": "#plumphelmet", "uv": [ 10.0, 11.5, 11.0, 13.5 ] },
						"south": { "texture": "#plumphelmet", "uv": [ 9.5, 12.0, 10.5, 14.0 ] },
						"west": { "texture": "#plumphelmet", "uv": [ 10.5, 11.5, 11.5, 13.5 ] },
						"up": { "texture": "#plumphelmet", "uv": [ 8.0, 8.0, 9.0, 9.0 ], "windMode": [-1,-1,-1,-1] },
						"down": { "texture": "#plumphelmet", "uv": [ 8.5, 11.5, 9.5, 12.5 ] }
					},
					"children": [
						{
							"name": "cap17",
							"from": [ -0.5, 1.8, -0.5 ],
							"to": [ 1.5, 2.8, 1.5 ],
							"rotationOrigin": [ 0.5, 1.8, 0.5 ],
							"rotationX": 8.0,
							"rotationY": -22.0,
							"faces": {
								"north": { "texture": "#plumphelmet", "uv": [ 7.0, 2.5, 9.0, 3.5 ] },
								"east": { "texture": "#plumphelmet", "uv": [ 8.0, 3.5, 10.0, 4.5 ] },
								"south": { "texture": "#plumphelmet", "uv": [ 4.0, 2.5, 6.0, 3.5 ] },
								"west": { "texture": "#plumphelmet", "uv": [ 6.5, 3.5, 8.5, 4.5 ] },
								"up": { "texture": "#plumphelmet", "uv": [ 4.5, 5.0, 6.5, 7.0 ] },
								"down": { "texture": "#gills", "uv": [ 11.0, 12.5, 13.0, 14.5 ] }
							},
							"children": [
								{
									"name": "tip18",
									"from": [ 0.3, 1.0, 0.3 ],
									"to": [ 1.7, 2.5, 1.7 ],
									"rotationOrigin": [ 1.0, 1.0, 1.0 ],
									"faces": {
										"north": { "texture": "#plumphelmet", "uv": [ 7.0, 3.0, 8.0, 4.5 ] },
										"east": { "texture": "#plumphelmet", "uv": [ 8.0, 3.5, 9.0, 5.0 ] },
										"south": { "texture": "#plumphelmet", "uv": [ 8.5, 2.0, 9.5, 3.5 ] },
										"west": { "texture": "#plumphelmet", "uv": [ 8.0, 6.5, 9.0, 8.0 ] },
										"up": { "texture": "#plumphelmet", "uv": [ 7.5, 7.0, 8.5, 8.0 ] }
									}
								}
							]
						}
					]
				},
				{
					"name": "stem17",
					"from": [ 3.5, -0.2, -5.5 ],
					"to": [ 4.5, 1.3, -4.5 ],
					"rotationOrigin": [ 4.0, -0.1, -5.0 ],
					"rotationY": -119.0,
					"rotationZ": -3.0,
					"faces": {
						"north": { "texture": "#plumphelmet", "uv": [ 10.0, 12.0, 11.0, 13.5 ] },
						"east": { "texture": "#plumphelmet", "uv": [ 8.5, 10.5, 9.5, 12.0 ] },
						"south": { "texture": "#plumphelmet", "uv": [ 8.5, 9.5, 9.5, 11.0 ] },
						"west": { "texture": "#plumphelmet", "uv": [ 11.0, 9.5, 12.0, 11.0 ] },
						"up": { "texture": "#plumphelmet", "uv": [ 11.0, 9.5, 12.0, 10.5 ], "windMode": [-1,-1,-1,-1] },
						"down": { "texture": "#plumphelmet", "uv": [ 12.0, 9.5, 13.0, 10.5 ] }
					},
					"children": [
						{
							"name": "cap18",
							"from": [ -0.8, 1.3, -0.8 ],
							"to": [ 1.7, 2.3, 1.7 ],
							"rotationOrigin": [ 0.5, 1.3, 0.5 ],
							"rotationX": -6.0,
							"rotationY": 50.0,
							"rotationZ": -3.0,
							"faces": {
								"north": { "texture": "#plumphelmet", "uv": [ 9.0, 4.5, 11.5, 5.5 ] },
								"east": { "texture": "#plumphelmet", "uv": [ 9.0, 3.5, 11.5, 4.5 ] },
								"south": { "texture": "#plumphelmet", "uv": [ 10.0, 5.0, 12.5, 6.0 ] },
								"west": { "texture": "#plumphelmet", "uv": [ 11.0, 2.0, 13.5, 3.0 ] },
								"up": { "texture": "#plumphelmet", "uv": [ 8.0, 4.5, 10.5, 7.0 ] },
								"down": { "texture": "#gills", "uv": [ 11.5, 11.0, 14.0, 13.5 ] }
							},
							"children": [
								{
									"name": "tip10",
									"from": [ 0.5, 1.0, 0.5 ],
									"to": [ 2.0, 2.5, 2.0 ],
									"rotationOrigin": [ 0.5, 1.0, 0.5 ],
									"faces": {
										"north": { "texture": "#plumphelmet", "uv": [ 5.0, 1.5, 6.5, 3.0 ] },
										"east": { "texture": "#plumphelmet", "uv": [ 8.5, 3.5, 10.0, 5.0 ] },
										"south": { "texture": "#plumphelmet", "uv": [ 11.0, 4.5, 12.5, 6.0 ] },
										"west": { "texture": "#plumphelmet", "uv": [ 3.5, 4.5, 5.0, 6.0 ] },
										"up": { "texture": "#plumphelmet", "uv": [ 8.5, 4.5, 10.0, 6.0 ] }
									}
								}
							]
						}
					]
				},
				{
					"name": "stem18",
					"from": [ -0.4, -0.2, -3.9 ],
					"to": [ 0.4, 0.8, -3.1 ],
					"rotationOrigin": [ 0.0, -0.1, -3.5 ],
					"rotationX": -6.0,
					"rotationY": -55.0,
					"rotationZ": 3.0,
					"faces": {
						"north": { "texture": "#plumphelmet", "uv": [ 8.5, 10.0, 9.0, 11.0 ] },
						"east": { "texture": "#plumphelmet", "uv": [ 10.0, 11.0, 10.5, 12.0 ] },
						"south": { "texture": "#plumphelmet", "uv": [ 9.0, 10.0, 9.5, 11.0 ] },
						"west": { "texture": "#plumphelmet", "uv": [ 9.0, 9.0, 9.5, 10.0 ] },
						"up": { "texture": "#plumphelmet", "uv": [ 9.0, 12.0, 9.5, 12.5 ], "windMode": [-1,-1,-1,-1] },
						"down": { "texture": "#plumphelmet", "uv": [ 11.0, 11.0, 11.5, 11.5 ] }
					},
					"children": [
						{
							"name": "cap19",
							"from": [ -0.3, 0.8, -0.3 ],
							"to": [ 1.3, 1.3, 1.3 ],
							"rotationOrigin": [ 0.5, 0.8, 0.5 ],
							"rotationX": 8.0,
							"rotationY": -22.0,
							"faces": {
								"north": { "texture": "#plumphelmet", "uv": [ 6.0, 4.0, 7.5, 4.5 ] },
								"east": { "texture": "#plumphelmet", "uv": [ 12.5, 3.5, 14.0, 4.0 ] },
								"south": { "texture": "#plumphelmet", "uv": [ 13.0, 2.0, 14.5, 2.5 ] },
								"west": { "texture": "#plumphelmet", "uv": [ 12.5, 2.0, 14.0, 2.5 ] },
								"up": { "texture": "#plumphelmet", "uv": [ 12.5, 2.5, 14.0, 4.0 ] },
								"down": { "texture": "#gills", "uv": [ 10.0, 11.0, 11.5, 12.5 ] }
							},
							"children": [
								{
									"name": "tip19",
									"from": [ 0.3, 0.5, 0.3 ],
									"to": [ 1.3, 1.5, 1.3 ],
									"rotationOrigin": [ 0.3, 0.5, 0.3 ],
									"faces": {
										"north": { "texture": "#plumphelmet", "uv": [ 6.5, 3.0, 7.5, 4.0 ] },
										"east": { "texture": "#plumphelmet", "uv": [ 4.0, 1.0, 5.0, 2.0 ] },
										"south": { "texture": "#plumphelmet", "uv": [ 4.0, 1.0, 5.0, 2.0 ] },
										"west": { "texture": "#plumphelmet", "uv": [ 10.0, 5.0, 11.0, 6.0 ] },
										"up": { "texture": "#plumphelmet", "uv": [ 10.0, 2.5, 11.0, 3.5 ] }
									}
								}
							]
						}
					]
				},
				{
					"name": "stem20",
					"from": [ 3.6, -0.2, 5.8 ],
					"to": [ 4.4, 0.8, 6.6 ],
					"rotationOrigin": [ 4.0, -0.1, 6.2 ],
					"rotationX": 6.0,
					"rotationY": -36.0,
					"rotationZ": 3.0,
					"faces": {
						"north": { "texture": "#plumphelmet", "uv": [ 10.0, 10.5, 10.5, 11.5 ] },
						"east": { "texture": "#plumphelmet", "uv": [ 9.0, 11.5, 9.5, 12.5 ] },
						"south": { "texture": "#plumphelmet", "uv": [ 9.0, 11.5, 9.5, 12.5 ] },
						"west": { "texture": "#plumphelmet", "uv": [ 10.0, 10.5, 10.5, 11.5 ] },
						"up": { "texture": "#plumphelmet", "uv": [ 10.0, 10.5, 10.5, 11.0 ], "windMode": [-1,-1,-1,-1] },
						"down": { "texture": "#plumphelmet", "uv": [ 8.5, 10.5, 9.0, 11.0 ], "windMode": [-1,-1,-1,-1] }
					},
					"children": [
						{
							"name": "cap21",
							"from": [ -0.2, 0.8, -0.2 ],
							"to": [ 1.0, 1.8, 1.0 ],
							"rotationOrigin": [ 0.5, 0.8, 0.5 ],
							"rotationY": 6.0,
							"faces": {
								"north": { "texture": "#plumphelmet", "uv": [ 7.5, 1.0, 8.5, 2.0 ] },
								"east": { "texture": "#plumphelmet", "uv": [ 8.0, 0.5, 9.0, 1.5 ] },
								"south": { "texture": "#plumphelmet", "uv": [ 8.0, 1.5, 9.0, 2.5 ] },
								"west": { "texture": "#plumphelmet", "uv": [ 8.0, 1.0, 9.0, 2.0 ] },
								"up": { "texture": "#plumphelmet", "uv": [ 7.5, 4.0, 8.5, 5.0 ] },
								"down": { "texture": "#gills", "uv": [ 13.5, 9.0, 14.5, 10.0 ] }
							}
						}
					]
				}
			]
		}
	]}