{
	"editor": {
		"allAngles": true,
		"entityTextureMode": false
	},
	"textureWidth": 16,
	"textureHeight": 16,
	"textureSizes": {
	},
	"textures": {
		"charcoal": "block/charcoal",
		"ebony": "block/ebony"
	},
	"elements": [
		{
			"name": "CYLINDERMOVER",
			"from": [ 7.0, 0.0, 7.0 ],
			"to": [ 9.0, 2.0, 9.0 ],
			"rotationOrigin": [ 8.0, 0.0, 8.0 ],
			"faces": {
			},
			"children": [
				{
					"name": "platformBottomN",
					"from": [ -0.25, 0.0, -0.75 ],
					"to": [ 2.25, 0.3, 2.75 ],
					"rotationOrigin": [ -0.2, 0.0, -0.75 ],
					"faces": {
						"north": { "texture": "#ebony", "uv": [ 1.0, 11.0, 3.5, 11.5 ] },
						"east": { "texture": "#ebony", "uv": [ 0.5, 9.0, 4.0, 9.5 ] },
						"south": { "texture": "#ebony", "uv": [ 10.0, 4.0, 12.5, 4.5 ] },
						"west": { "texture": "#ebony", "uv": [ 11.5, 7.0, 15.0, 7.5 ] },
						"up": { "texture": "#ebony", "uv": [ 9.5, 4.0, 12.0, 7.5 ] },
						"down": { "texture": "#ebony", "uv": [ 4.0, 7.0, 6.5, 10.5 ] }
					},
					"children": [
						{
							"name": "CrystalPlatformW",
							"from": [ -0.5, 0.01, 0.5 ],
							"to": [ 3.0, 0.31, 3.0 ],
							"rotationOrigin": [ -0.5, 0.0, 0.5 ],
							"faces": {
								"north": { "texture": "#ebony", "uv": [ 0.0, 5.5, 3.5, 6.0 ] },
								"east": { "texture": "#ebony", "uv": [ 5.0, 8.5, 7.5, 9.0 ] },
								"south": { "texture": "#ebony", "uv": [ 7.0, 7.0, 10.5, 7.5 ] },
								"west": { "texture": "#ebony", "uv": [ 0.5, 0.0, 3.0, 0.5 ] },
								"up": { "texture": "#ebony", "uv": [ 6.5, 12.0, 10.0, 14.5 ] },
								"down": { "texture": "#ebony", "uv": [ 11.0, 11.5, 14.5, 14.0 ] }
							}
						}
					]
				},
				{
					"name": "CylinderEW",
					"from": [ -0.25, 0.3, -0.25 ],
					"to": [ 2.25, 8.3, 2.25 ],
					"rotationOrigin": [ 1.0, 0.3, 1.0 ],
					"faces": {
						"north": { "texture": "#charcoal", "uv": [ 3.0, 3.0, 5.5, 11.0 ], "windMode": [-1,-1,-1,-1] },
						"east": { "texture": "#charcoal", "uv": [ 9.5, 4.5, 12.0, 12.5 ] },
						"south": { "texture": "#charcoal", "uv": [ 8.5, 4.0, 11.0, 12.0 ] },
						"west": { "texture": "#charcoal", "uv": [ 5.0, 5.5, 7.5, 13.5 ] },
						"up": { "texture": "#ebony", "uv": [ 9.0, 10.5, 11.5, 13.0 ], "windMode": [-1,-1,-1,-1] }
					},
					"children": [
						{
							"name": "Holes",
							"from": [ 1.0, -0.31, 1.0 ],
							"to": [ 1.5, 8.01, 1.5 ],
							"rotationOrigin": [ 1.0, -0.3, 1.0 ],
							"faces": {
								"up": { "texture": "#charcoal", "uv": [ 15.0, 12.5, 15.5, 13.0 ] },
								"down": { "texture": "#charcoal", "uv": [ 1.5, 10.0, 2.0, 10.5 ] }
							}
						}
					]
				},
				{
					"name": "PlatformTopNorth",
					"from": [ -0.25, 8.0, -0.75 ],
					"to": [ 2.25, 8.3, -0.25 ],
					"rotationOrigin": [ -0.25, 8.0, -0.75 ],
					"faces": {
						"north": { "texture": "#ebony", "uv": [ 4.5, 14.5, 7.0, 15.0 ], "windMode": [-1,-1,-1,-1] },
						"east": { "texture": "#ebony", "uv": [ 15.0, 11.5, 15.5, 12.0 ], "windMode": [-1,-1,-1,-1] },
						"west": { "texture": "#ebony", "uv": [ 12.0, 5.5, 12.5, 6.0 ], "windMode": [-1,-1,-1,-1] },
						"up": { "texture": "#ebony", "uv": [ 1.0, 13.0, 3.5, 13.5 ], "windMode": [-1,-1,-1,-1] },
						"down": { "texture": "#ebony", "uv": [ 9.5, 8.5, 12.0, 9.0 ], "windMode": [-1,-1,-1,-1] }
					},
					"children": [
						{
							"name": "PlatformTopW",
							"from": [ -0.5, 0.0, 0.5 ],
							"to": [ 0.0, 0.3, 3.0 ],
							"rotationOrigin": [ -0.5, 0.0, 0.5 ],
							"faces": {
								"north": { "texture": "#ebony", "uv": [ 12.0, 12.5, 12.5, 13.0 ] },
								"south": { "texture": "#ebony", "uv": [ 14.0, 2.5, 14.5, 3.0 ] },
								"west": { "texture": "#ebony", "uv": [ 11.0, 0.0, 13.5, 0.5 ] },
								"up": { "texture": "#ebony", "uv": [ 4.0, 1.0, 4.5, 3.5 ] },
								"down": { "texture": "#ebony", "uv": [ 4.0, 5.0, 4.5, 7.5 ] }
							}
						},
						{
							"name": "PlatformTopE",
							"from": [ 2.5, 0.0, 0.5 ],
							"to": [ 3.0, 0.3, 3.0 ],
							"rotationOrigin": [ 2.5, 0.0, 0.5 ],
							"faces": {
								"north": { "texture": "#ebony", "uv": [ 11.0, 14.0, 11.5, 14.5 ] },
								"east": { "texture": "#ebony", "uv": [ 7.5, 9.0, 10.0, 9.5 ], "windMode": [-1,-1,-1,-1] },
								"south": { "texture": "#ebony", "uv": [ 3.5, 10.5, 4.0, 11.0 ] },
								"up": { "texture": "#ebony", "uv": [ 10.5, 7.0, 11.0, 9.5 ] },
								"down": { "texture": "#ebony", "uv": [ 5.0, 2.0, 5.5, 4.5 ] }
							}
						},
						{
							"name": "PlatformTopSouth",
							"from": [ 0.0, 0.0, 3.0 ],
							"to": [ 2.5, 0.3, 3.5 ],
							"rotationOrigin": [ 0.0, 0.0, 3.0 ],
							"faces": {
								"east": { "texture": "#ebony", "uv": [ 5.5, 11.0, 6.0, 11.5 ] },
								"south": { "texture": "#ebony", "uv": [ 2.5, 10.5, 5.0, 11.0 ], "windMode": [-1,-1,-1,-1] },
								"west": { "texture": "#ebony", "uv": [ 4.0, 9.5, 4.5, 10.0 ] },
								"up": { "texture": "#ebony", "uv": [ 2.5, 8.0, 5.0, 8.5 ], "windMode": [-1,-1,-1,-1] },
								"down": { "texture": "#ebony", "uv": [ 1.0, 10.5, 3.5, 11.0 ] }
							}
						}
					]
				}
			]
		}
	],
	"animations": [
	]
}