[
	{
		ingredientPattern: "C,B",
		ingredients: {
			"C": { type: "item", code: "game:chisel-*", isTool: true },
			"B": { type: "block", code: "game:clutter", attributes: { type: "anvil-broken1" } }
		},
		width: 1,
		height: 2,
		shapeless: true,
		output: { type: "item", code: "game:ingot-copper", quantity: 6  }
	},
	{
		ingredientPattern: "C,B",
		ingredients: {
			"C": { type: "item", code: "game:chisel-*", isTool: true },
			"B": { type: "block", code: "game:clutter", attributes: { type: "anvil-broken2" } }
		},
		width: 1,
		height: 2,
		shapeless: true,
		output: { type: "item", code: "game:ingot-bismuthbronze", quantity: 4  }
	},
	{
		ingredientPattern: "C,B",
		ingredients: {
			"C": { type: "item", code: "game:chisel-*", isTool: true },
			"B": { type: "block", code: "game:clutter", attributes: { type: "anvil-broken3" } }
		},
		width: 1,
		height: 2,
		shapeless: true,
		output: { type: "item", code: "game:ingot-iron", quantity: 2  }
	},
]