[
	{
		ingredientPattern: "CI",
		ingredients: {
			"C": { type: "item", code: "game:saw-*", isTool: true},
			"I": { type: "block", code: "game:clutter", attributes:{type:"fancy-bed-green"}}
		},
		width: 2,
		height: 1,
		recipeGroup: 2,
		output: { type: "item", code: "game:cloth-green", quantity: 4 }
	},
	{
		ingredientPattern: "CI",
		ingredients: {
			"C": { type: "item", code: "game:saw-*", isTool: true},
			"I": { type: "block", code: "game:clutter", attributes:{type:"fancy-bed-stitched-ruined"}}
		},
		width: 2,
		height: 1,
		recipeGroup: 2,
		output: { type: "block", code: "game:linen-normal-down", quantity: 2 }
	},
	{
		ingredientPattern: "CI",
		ingredients: {
			"C": { type: "item", code: "game:saw-*", isTool: true},
			"I": { type: "block", code: "game:clutter", attributes:{type:"fancy-bed-old"}}
		},
		width: 2,
		height: 1,
		recipeGroup: 2,
		output: { type: "block", code: "game:linen-normal-down", quantity: 2 }
	},
	{
		ingredientPattern: "CI",
		ingredients: {
			"C": { type: "item", code: "game:saw-*", isTool: true},
			"I": { type: "block", code: "game:clutter", attributes:{type:"bed-short-green"}}
		},
		width: 2,
		height: 1,
		recipeGroup: 2,
		output: { type: "item", code: "game:cloth-green", quantity: 4 }
	},
	{
		ingredientPattern: "CI",
		ingredients: {
			"C": { type: "item", code: "game:saw-*", isTool: true},
			"I": { type: "block", code: "game:clutter", attributes:{type:"bed-short-stitched-ruined"}}
		},
		width: 2,
		height: 1,
		recipeGroup: 2,
		output: { type: "block", code: "game:linen-normal-down", quantity: 2 }
	},
	{
		ingredientPattern: "CI",
		ingredients: {
			"C": { type: "item", code: "game:saw-*", isTool: true},
			"I": { type: "block", code: "game:clutter", attributes:{type:"bed-short-old"}}
		},
		width: 2,
		height: 1,
		recipeGroup: 2,
		output: { type: "block", code: "game:linen-normal-down", quantity: 2 }
	},
	{
		ingredientPattern: "CI",
		ingredients: {
			"C": { type: "item", code: "game:saw-*", isTool: true},
			"I": { type: "block", code: "game:clutter", attributes:{type:"fancy-bed-old-drapes-opened"}}
		},
		width: 2,
		height: 1,
		recipeGroup: 2,
		output: { type: "block", code: "game:linen-normal-down", quantity: 2 }
	},
	{
		ingredientPattern: "CI",
		ingredients: {
			"C": { type: "item", code: "game:saw-*", isTool: true},
			"I": { type: "block", code: "game:clutter", attributes:{type:"fancy-bed-old-drapes-closed"}}
		},
		width: 2,
		height: 1,
		recipeGroup: 2,
		output: { type: "block", code: "game:linen-normal-down", quantity: 2 }
	},
	{
		ingredientPattern: "CI",
		ingredients: {
			"C": { type: "item", code: "game:saw-*", isTool: true},
			"I": { type: "block", code: "game:clutter", attributes:{type:"fancy-bed-green-drapes-opened"}}
		},
		width: 2,
		height: 1,
		recipeGroup: 2,
		output: { type: "block", code: "game:linen-normal-down", quantity: 2 }
	},
	{
		ingredientPattern: "CI",
		ingredients: {
			"C": { type: "item", code: "game:saw-*", isTool: true},
			"I": { type: "block", code: "game:clutter", attributes:{type:"fancy-bed-green-drapes-closed"}}
		},
		width: 2,
		height: 1,
		recipeGroup: 2,
		output: { type: "item", code: "game:cloth-green", quantity: 4 }
	},	
]
