[
	{
		ingredientPattern: "AC_,DB_,_F_",
		ingredients: {
			"C": { type: "block", code: "game:clutter", attributes: { type: "bell-clapper" } },
			"A": { type: "item", code: "game:wrench-*", isTool: true },
			"B": { type: "block", code: "game:clutter", attributes: { type: "bell-head" } },
			"D": { type: "block", code: "game:clutter", attributes: { type: "bell-funnel" } },
			"F": { type: "block", code: "game:clutter", attributes: { type: "bell-spine" } }
		},
		width: 3,
		height: 3,
		output: { type: "item", code: "game:creature-bell-normal", quantity: 1},
	},
]