[
	{
		ingredientPattern: "AB",
		ingredients: {
			"A": { type: "item", code: "game:knife-*", isTool: true },
			"B": { type: "block", code: "game:clutter", attributes: { type: "candlestub-single" } }
		},
		width: 2,
		height: 1,
		shapeless: true,
		output: { type: "item", code: "game:beeswax", quantity: 1  }
	},
	{
		ingredientPattern: "AB",
		ingredients: {
			"A": { type: "item", code: "game:knife-*", isTool: true },
			"B": { type: "block", code: "game:clutter", attributes: { type: "candlestubs-bunch1" } }
		},
		width: 2,
		height: 1,
		shapeless: true,
		output: { type: "item", code: "game:beeswax", quantity: 3  }
	},
	{
		ingredientPattern: "AB",
		ingredients: {
			"A": { type: "item", code: "game:knife-*", isTool: true },
			"B": { type: "block", code: "game:clutter", attributes: { type: "candlestubs-bunch2" } }
		},
		width: 2,
		height: 1,
		shapeless: true,
		output: { type: "item", code: "game:beeswax", quantity: 5  }
	},
	{
		ingredientPattern: "AB",
		ingredients: {
			"A": { type: "item", code: "game:knife-*", isTool: true },
			"B": { type: "block", code: "game:clutter", attributes: { type: "candlestubs-bunch3" } }
		},
		width: 2,
		height: 1,
		shapeless: true,
		output: { type: "item", code: "game:beeswax", quantity: 7  }
	},
	{
		ingredientPattern: "AB",
		ingredients: {
			"A": { type: "item", code: "game:knife-*", isTool: true },
			"B": { type: "block", code: "game:clutter", attributes: { type: "candlestubs-bunch4" } }
		},
		width: 2,
		height: 1,
		shapeless: true,
		output: { type: "item", code: "game:beeswax", quantity: 9  }
	},
]