[
	{
		ingredientPattern: "CI",
		ingredients: {
			"C": { type: "item", code: "game:saw-*", isTool: true},
			"I": { type: "block", code: "game:clutter", attributes:{type:"chair-ruined1"}}
		},
		width: 2,
		height: 1,
		recipeGroup: 2,
		output: { type: "item", code: "game:plank-aged", quantity: 4 }
	},	
	{
		ingredientPattern: "CI",
		ingredients: {
			"C": { type: "item", code: "game:saw-*", isTool: true},
			"I": { type: "block", code: "game:clutter", attributes:{type:"chair-ruined2"}}
		},
		width: 2,
		height: 1,
		recipeGroup: 2,
		output: { type: "item", code: "game:plank-aged", quantity: 4 }
	},
	{
		ingredientPattern: "CI",
		ingredients: {
			"C": { type: "item", code: "game:saw-*", isTool: true},
			"I": { type: "block", code: "game:clutter", attributes:{type:"chair-ruined3"}}
		},
		width: 2,
		height: 1,
		recipeGroup: 2,
		output: { type: "item", code: "game:plank-aged", quantity: 4 }
	},	
]
