[
	{
		ingredientPattern: "CI",
		ingredients: {
			"C": { type: "item", code: "game:shears-*", isTool: true},
			"I": { type: "block", code: "game:clutter", attributes:{type:"pile-cloth1"}}
		},
		width: 2,
		height: 1,
		recipeGroup: 2,
		output: { type: "block", code: "game:linen-normal-down", quantity: 3 }
	},
	{
		ingredientPattern: "CI",
		ingredients: {
			"C": { type: "item", code: "game:shears-*", isTool: true},
			"I": { type: "block", code: "game:clutter", attributes:{type:"pile-cloth2"}}
		},
		width: 2,
		height: 1,
		recipeGroup: 2,
		output: { type: "block", code: "game:linen-normal-down", quantity: 2 }
	},
	{
		ingredientPattern: "CI",
		ingredients: {
			"C": { type: "item", code: "game:shears-*", isTool: true},
			"I": { type: "block", code: "game:clutter", attributes:{type:"pile-cloth3"}}
		},
		width: 2,
		height: 1,
		recipeGroup: 2,
		output: { type: "block", code: "game:linen-normal-down", quantity: 1 }
	},
	{
		ingredientPattern: "CI",
		ingredients: {
			"C": { type: "item", code: "game:shears-*", isTool: true},
			"I": { type: "block", code: "game:clutter", attributes:{type:"pile-cloth4"}}
		},
		width: 2,
		height: 1,
		recipeGroup: 2,
		output: { type: "block", code: "game:linen-normal-down", quantity: 1 }
	},
	{
		ingredientPattern: "CI",
		ingredients: {
			"C": { type: "item", code: "game:shears-*", isTool: true},
			"I": { type: "block", code: "game:clutter", attributes:{type:"pile-cloth5"}}
		},
		width: 2,
		height: 1,
		recipeGroup: 2,
		output: { type: "block", code: "game:linen-normal-down", quantity: 7 }
	},
]