[
	{
		ingredientPattern: "C,B",
		ingredients: {
			"C": { type: "item", code: "game:chisel-*", isTool: true },
			"B": { type: "block", code: "game:clutter", attributes: { type: "coatrack-empty" } }
		},
		width: 1,
		height: 2,
		shapeless: true,
		output: { type: "item", code: "game:metalbit-bismuthbronze", quantity: 20  }
	},
	{
		ingredientPattern: "C,B",
		ingredients: {
			"C": { type: "item", code: "game:chisel-*", isTool: true },
			"B": { type: "block", code: "game:clutter", attributes: { type: "coatrack-full1"}, 
				returnedStack: { type: "block", code: "game:linen-normal-down", quantity: 3 }}
		},
		width: 1,
		height: 2,
		shapeless: true,
		output: { type: "item", code: "game:metalbit-bismuthbronze", quantity: 20  }
	},
	{
		ingredientPattern: "C,B",
		ingredients: {
			"C": { type: "item", code: "game:chisel-*", isTool: true },
			"B": { type: "block", code: "game:clutter", attributes: { type: "coatrack-full2"}, 
				returnedStack: { type: "block", code: "game:linen-normal-down", quantity: 3 }}
		},
		width: 1,
		height: 2,
		shapeless: true,
		output: { type: "item", code: "game:metalbit-bismuthbronze", quantity: 20  }
	},
	{
		ingredientPattern: "C,B",
		ingredients: {
			"C": { type: "item", code: "game:chisel-*", isTool: true },
			"B": { type: "block", code: "game:clutter", attributes: { type: "coatrack-full3"}, 
				returnedStack: { type: "block", code: "game:linen-normal-down", quantity: 3 }}
		},
		width: 1,
		height: 2,
		shapeless: true,
		output: { type: "item", code: "game:metalbit-bismuthbronze", quantity: 20  }
	},
	{
		ingredientPattern: "C,B",
		ingredients: {
			"C": { type: "item", code: "game:chisel-*", isTool: true },
			"B": { type: "block", code: "game:clutter", attributes: { type: "coatrack-full4"}, 
				returnedStack: { type: "block", code: "game:linen-normal-down", quantity: 3 }}
		},
		width: 1,
		height: 2,
		shapeless: true,
		output: { type: "item", code: "game:metalbit-bismuthbronze", quantity: 20  }
	},
	{
		ingredientPattern: "C,B",
		ingredients: {
			"C": { type: "item", code: "game:chisel-*", isTool: true },
			"B": { type: "block", code: "game:clutter", attributes: { type: "coatrack-ruined1" } }
		},
		width: 1,
		height: 2,
		shapeless: true,
		output: { type: "item", code: "game:metalbit-bismuthbronze", quantity: 10  }
	},
	{
		ingredientPattern: "C,B",
		ingredients: {
			"C": { type: "item", code: "game:chisel-*", isTool: true },
			"B": { type: "block", code: "game:clutter", attributes: { type: "coatrack-ruined2" } }
		},
		width: 1,
		height: 2,
		shapeless: true,
		output: { type: "item", code: "game:metalbit-bismuthbronze", quantity: 10  }
	},
	{
		ingredientPattern: "C,B",
		ingredients: {
			"C": { type: "item", code: "game:chisel-*", isTool: true },
			"B": { type: "block", code: "game:clutter", attributes: { type: "coatrack-ruined3" } }
		},
		width: 1,
		height: 2,
		shapeless: true,
		output: { type: "item", code: "game:metalbit-bismuthbronze", quantity: 10  }
	},
]