[
	{
		ingredientPattern: "C,B",
		ingredients: {
			"C": { type: "item", code: "game:chisel-*", isTool: true },
			"B": { type: "block", code: "game:clutter", attributes: { type: "lantern/ground1" },
				returnedStack: { type: "item", code: "game:beeswax", quantity: 1 }}
		},
		width: 1,
		height: 2,
		shapeless: true,
		output: { type: "item", code: "game:nugget-hematite", quantity: 40  }
	},
	{
		ingredientPattern: "C,B",
		ingredients: {
			"C": { type: "item", code: "game:chisel-*", isTool: true },
			"B": { type: "block", code: "game:clutter", attributes: { type: "lantern/ground2" },
				returnedStack: { type: "item", code: "game:beeswax", quantity: 1 }}
		},
		width: 1,
		height: 2,
		shapeless: true,
		output: { type: "item", code: "game:nugget-hematite", quantity: 40  }
	},
	{
		ingredientPattern: "C,B",
		ingredients: {
			"C": { type: "item", code: "game:chisel-*", isTool: true },
			"B": { type: "block", code: "game:clutter", attributes: { type: "lantern/ground3" },
				returnedStack: { type: "item", code: "game:beeswax", quantity: 1 }}
		},
		width: 1,
		height: 2,
		shapeless: true,
		output: { type: "item", code: "game:nugget-hematite", quantity: 40  }
	},
	{
		ingredientPattern: "C,B",
		ingredients: {
			"C": { type: "item", code: "game:chisel-*", isTool: true },
			"B": { type: "block", code: "game:clutter", attributes: { type: "lantern/ground4" },
				returnedStack: { type: "item", code: "game:beeswax", quantity: 1 }}
		},
		width: 1,
		height: 2,
		shapeless: true,
		output: { type: "item", code: "game:nugget-hematite", quantity: 40  }
	},
	{
		ingredientPattern: "C,B",
		ingredients: {
			"C": { type: "item", code: "game:chisel-*", isTool: true },
			"B": { type: "block", code: "game:clutter", attributes: { type: "lantern/ground5" }}
		},
		width: 1,
		height: 2,
		shapeless: true,
		output: { type: "item", code: "game:nugget-hematite", quantity: 40  }
	},
	{
		ingredientPattern: "C,B",
		ingredients: {
			"C": { type: "item", code: "game:chisel-*", isTool: true },
			"B": { type: "block", code: "game:clutter", attributes: { type: "lantern/ground6" },
				returnedStack: { type: "item", code: "game:beeswax", quantity: 1 }}
		},
		width: 1,
		height: 2,
		shapeless: true,
		output: { type: "item", code: "game:nugget-hematite", quantity: 20  }
	},
]