[
	{
		ingredientPattern: "CA_,FBH,___",
		ingredients: {
			"C": { type: "item", code: "game:wrench-*", isTool: true },
			"A": { type: "block", code: "game:clutter", attributes: { type: "locust-body" } },
			"B": { type: "block", code: "game:clutter", attributes: { type: "locust-lamp" } },
			"F": { type: "block", code: "game:clutter", attributes: { type: "locust-limbs1" } },
			"H": { type: "block", code: "game:clutter", attributes: { type: "locust-limbs2" } }
		},
		width: 3,
		height: 3,
		output: { type: "item", code: "game:creature-locust-bronze", quantity: 1},
	},
]