[
	{
		ingredientPattern: "C,B",
		ingredients: {
			"C": { type: "item", code: "game:chisel-*", isTool: true },
			"B": { type: "block", code: "game:clutter", attributes: { type: "chair-metal1" } }
		},
		width: 1,
		height: 2,
		shapeless: true,
		output: { type: "item", code: "game:metalbit-blackbronze", quantity: 20  }
	},
	{
		ingredientPattern: "C,B",
		ingredients: {
			"C": { type: "item", code: "game:chisel-*", isTool: true },
			"B": { type: "block", code: "game:clutter", attributes: { type: "chair-metal1-pillow" } }
		},
		width: 1,
		height: 2,
		shapeless: true,
		output: { type: "item", code: "game:metalbit-blackbronze", quantity: 20  }
	},
	{
		ingredientPattern: "C,B",
		ingredients: {
			"C": { type: "item", code: "game:chisel-*", isTool: true },
			"B": { type: "block", code: "game:clutter", attributes: { type: "chair-metal1-ruined1" } }
		},
		width: 1,
		height: 2,
		shapeless: true,
		output: { type: "item", code: "game:metalbit-blackbronze", quantity: 20  }
	},
	{
		ingredientPattern: "C,B",
		ingredients: {
			"C": { type: "item", code: "game:chisel-*", isTool: true },
			"B": { type: "block", code: "game:clutter", attributes: { type: "chair-metal1-ruined2" } }
		},
		width: 1,
		height: 2,
		shapeless: true,
		output: { type: "item", code: "game:metalbit-blackbronze", quantity: 20  }
	},
	{
		ingredientPattern: "C,B",
		ingredients: {
			"C": { type: "item", code: "game:chisel-*", isTool: true },
			"B": { type: "block", code: "game:clutter", attributes: { type: "chair-metal1-ruined3" } }
		},
		width: 1,
		height: 2,
		shapeless: true,
		output: { type: "item", code: "game:metalbit-blackbronze", quantity: 20  }
	},
]