[
	{
		ingredientPattern: "C,A",
		ingredients: {
			"C": { type: "item", code: "game:chisel-*", isTool: true },
			"A": { type: "block", code: "game:clutter", attributes: { type: "bed/bed-metal"}}
		},
		width: 1,
		height: 2,
		output: { type: "item", code: "game:metalbit-tinbronze", quantity: 20},
	},
	{
		ingredientPattern: "C,A",
		ingredients: {
			"C": { type: "item", code: "game:chisel-*", isTool: true },
			"A": { type: "block", code: "game:clutter", attributes: { type: "bed/bed-metal-ruined1"}}
		},
		width: 1,
		height: 2,
		output: { type: "item", code: "game:metalbit-tinbronze", quantity: 20},
	},
	{
		ingredientPattern: "C,A",
		ingredients: {
			"C": { type: "item", code: "game:chisel-*", isTool: true },
			"A": { type: "block", code: "game:clutter", attributes: { type: "bed/bed-metal-ruined2"}}
		},
		width: 1,
		height: 2,
		output: { type: "item", code: "game:metalbit-tinbronze", quantity: 20},
	},
	{
		ingredientPattern: "C,A",
		ingredients: {
			"C": { type: "item", code: "game:chisel-*", isTool: true },
			"A": { type: "block", code: "game:clutter", attributes: { type: "bed/bed-metal-ruined3"}}
		},
		width: 1,
		height: 2,
		output: { type: "item", code: "game:metalbit-tinbronze", quantity: 20},
	},
	{
		ingredientPattern: "C,A",
		ingredients: {
			"C": { type: "item", code: "game:chisel-*", isTool: true },
			"A": { type: "block", code: "game:clutter", attributes: { type: "bed/metal2-ruined1"}}
		},
		width: 1,
		height: 2,
		output: { type: "item", code: "game:metalbit-blackbronze", quantity: 20},
	},
	{
		ingredientPattern: "C,A",
		ingredients: {
			"C": { type: "item", code: "game:chisel-*", isTool: true },
			"A": { type: "block", code: "game:clutter", attributes: { type: "bed/metal2-ruined2"}}
		},
		width: 1,
		height: 2,
		output: { type: "item", code: "game:metalbit-blackbronze", quantity: 20},
	},
	{
		ingredientPattern: "C,A",
		ingredients: {
			"C": { type: "item", code: "game:chisel-*", isTool: true },
			"A": { type: "block", code: "game:clutter", attributes: { type: "bed/metal2-ruined3"}}
		},
		width: 1,
		height: 2,
		output: { type: "item", code: "game:metalbit-blackbronze", quantity: 20},
	},
	{
		ingredientPattern: "C,A",
		ingredients: {
			"C": { type: "item", code: "game:chisel-*", isTool: true },
			"A": { type: "block", code: "game:clutter", attributes: { type: "bed/metal2-pillow"}}
		},
		width: 1,
		height: 2,
		output: { type: "item", code: "game:metalbit-blackbronze", quantity: 20},
	},
	{
		ingredientPattern: "C,A",
		ingredients: {
			"C": { type: "item", code: "game:chisel-*", isTool: true },
			"A": { type: "block", code: "game:clutter", attributes: { type: "bed/metal2-mattress"}}
		},
		width: 1,
		height: 2,
		output: { type: "item", code: "game:metalbit-blackbronze", quantity: 20},
	},
	{
		ingredientPattern: "C,A",
		ingredients: {
			"C": { type: "item", code: "game:chisel-*", isTool: true },
			"A": { type: "block", code: "game:clutter", attributes: { type: "bed/metal2"}}
		},
		width: 1,
		height: 2,
		output: { type: "item", code: "game:metalbit-blackbronze", quantity: 20},
	},
]