[
	{
		ingredientPattern: "KB",
		ingredients: {
			"K": { type: "item", code: "game:knife-*", isTool: true },
			"B": { type: "block", code: "game:clutter", attributes: { type: "bed/bed-straw-double1" } }
		},
		width: 2,
		height: 1,
		shapeless: true,
		output: { type: "item", code: "game:drygrass", quantity: 40  }
	},
	{
		ingredientPattern: "KB",
		ingredients: {
			"K": { type: "item", code: "game:knife-*", isTool: true },
			"B": { type: "block", code: "game:clutter", attributes: { type: "bed/bed-straw-single1" } }
		},
		width: 2,
		height: 1,
		shapeless: true,
		output: { type: "item", code: "game:drygrass", quantity: 20  }
	},
	{
		ingredientPattern: "KB",
		ingredients: {
			"K": { type: "item", code: "game:knife-*", isTool: true },
			"B": { type: "block", code: "game:clutter", attributes: { type: "bed/bed-straw-single2" } }
		},
		width: 2,
		height: 1,
		shapeless: true,
		output: { type: "item", code: "game:drygrass", quantity: 20  }
	},
	{
		ingredientPattern: "KB",
		ingredients: {
			"K": { type: "item", code: "game:knife-*", isTool: true },
			"B": { type: "block", code: "game:clutter", attributes: { type: "bed/bed-straw-ruined1" } }
		},
		width: 2,
		height: 1,
		shapeless: true,
		output: { type: "item", code: "game:drygrass", quantity: 20  }
	},
	{
		ingredientPattern: "KB",
		ingredients: {
			"K": { type: "item", code: "game:knife-*", isTool: true },
			"B": { type: "block", code: "game:clutter", attributes: { type: "bed/bed-straw-ruined2" } }
		},
		width: 2,
		height: 1,
		shapeless: true,
		output: { type: "item", code: "game:drygrass", quantity: 10 }
	},
	{
		ingredientPattern: "KB",
		ingredients: {
			"K": { type: "item", code: "game:knife-*", isTool: true },
			"B": { type: "block", code: "game:clutter", attributes: { type: "bed/bed-straw-small1" } }
		},
		width: 2,
		height: 1,
		shapeless: true,
		output: { type: "item", code: "game:drygrass", quantity: 10 }
	},
	{
		ingredientPattern: "KB",
		ingredients: {
			"K": { type: "item", code: "game:knife-*", isTool: true },
			"B": { type: "block", code: "game:clutter", attributes: { type: "bed/bed-straw-small2" } }
		},
		width: 2,
		height: 1,
		shapeless: true,
		output: { type: "item", code: "game:drygrass", quantity: 10 }
	},
]