[
	{
		ingredientPattern: "KB",
		ingredients: {
			"K": { type: "item", code: "game:chisel-*", isTool: true },
			"B": { type: "block", code: "game:clutter", attributes: { type: "tank-glass5" } }
		},
		width: 2,
		height: 1,
		output: { type: "item", code: "game:metalbit-tinbronze", quantity: 20  }
	},
	{
		ingredientPattern: "KB",
		ingredients: {
			"K": { type: "item", code: "game:chisel-*", isTool: true },
			"B": { type: "block", code: "game:clutter", attributes: { type: "tank-glass6" } }
		},
		width: 2,
		height: 1,
		output: { type: "item", code: "game:metalbit-tinbronze", quantity: 20  }
	},
	{
		ingredientPattern: "KB",
		ingredients: {
			"K": { type: "item", code: "game:chisel-*", isTool: true },
			"B": { type: "block", code: "game:clutter", attributes: { type: "tank-glass7" } }
		},
		width: 2,
		height: 1,
		output: { type: "item", code: "game:metalbit-tinbronze", quantity: 20  }
	},
	{
		ingredientPattern: "KB",
		ingredients: {
			"K": { type: "item", code: "game:chisel-*", isTool: true },
			"B": { type: "block", code: "game:clutter", attributes: { type: "tank-glass8" } }
		},
		width: 2,
		height: 1,
		output: { type: "item", code: "game:metalbit-tinbronze", quantity: 10  }
	},
	{
		ingredientPattern: "KB",
		ingredients: {
			"K": { type: "item", code: "game:chisel-*", isTool: true },
			"B": { type: "block", code: "game:clutter", attributes: { type: "tank-glass9" } }
		},
		width: 2,
		height: 1,
		output: { type: "item", code: "game:metalbit-tinbronze", quantity: 10  }
	},
]