[
	{
		ingredientPattern: "C	I",
		ingredients: {
			"C": { type: "item", code: "game:chisel-*", isTool: true},
			"I": { type: "block", code: "game:clutter", attributes:{type:"tool-axe"}}
		},
		width: 1,
		height: 2,
		output: { type: "item", code: "game:metalbit-copper", quantity: 10 }
	},
	{
		ingredientPattern: "C	I",
		ingredients: {
			"C": { type: "item", code: "game:chisel-*", isTool: true},
			"I": { type: "block", code: "game:clutter", attributes:{type:"tool-hammer"}}
		},
		width: 1,
		height: 2,
		output: { type: "item", code: "game:metalbit-copper", quantity: 10 }
	},
	{
		ingredientPattern: "C	I",
		ingredients: {
			"C": { type: "item", code: "game:chisel-*", isTool: true},
			"I": { type: "block", code: "game:clutter", attributes:{type:"tool-hoe"}}
		},
		width: 1,
		height: 2,
		output: { type: "item", code: "game:metalbit-blackbronze", quantity: 10 }
	},
	{
		ingredientPattern: "C	I",
		ingredients: {
			"C": { type: "item", code: "game:chisel-*", isTool: true},
			"I": { type: "block", code: "game:clutter", attributes:{type:"tool-knife"}}
		},
		width: 1,
		height: 2,
		output: { type: "item", code: "game:metalbit-bismuthbronze", quantity: 10 }
	},
	{
		ingredientPattern: "C	I",
		ingredients: {
			"C": { type: "item", code: "game:chisel-*", isTool: true},
			"I": { type: "block", code: "game:clutter", attributes:{type:"tool-pickaxe"}}
		},
		width: 1,
		height: 2,
		output: { type: "item", code: "game:metalbit-copper", quantity: 10 }
	},
	{
		ingredientPattern: "C	I",
		ingredients: {
			"C": { type: "item", code: "game:chisel-*", isTool: true},
			"I": { type: "block", code: "game:clutter", attributes:{type:"tool-saw"}}
		},
		width: 1,
		height: 2,
		output: { type: "item", code: "game:metalbit-bismuthbronze", quantity: 10 }
	},
	{
		ingredientPattern: "C	I",
		ingredients: {
			"C": { type: "item", code: "game:chisel-*", isTool: true},
			"I": { type: "block", code: "game:clutter", attributes:{type:"tool-scythe"}}
		},
		width: 1,
		height: 2,
		output: { type: "item", code: "game:metalbit-copper", quantity: 10 }
	},
	{
		ingredientPattern: "C	I",
		ingredients: {
			"C": { type: "item", code: "game:chisel-*", isTool: true},
			"I": { type: "block", code: "game:clutter", attributes:{type:"tool-shovel"}}
		},
		width: 1,
		height: 2,
		output: { type: "item", code: "game:metalbit-bismuthbronze", quantity: 10 }
	},
	{
		ingredientPattern: "C	I",
		ingredients: {
			"C": { type: "item", code: "game:chisel-*", isTool: true},
			"I": { type: "block", code: "game:clutter", attributes:{type:"tool-spear"}}
		},
		width: 1,
		height: 2,
		output: { type: "item", code: "game:metalbit-tinbronze", quantity: 10 }
	},
]