{
	"editor": {
		"allAngles": true,
		"entityTextureMode": false
	},
	"textureWidth": 16,
	"textureHeight": 16,
	"textureSizes": {
	},
	"textures": {
		"utzathudal": "block/plant/mushroom/utzathudal/utzathudal",
		"mycelium2": "block/plant/mushroom/mycelium2"
	},
	"elements": [
		{
			"name": "origin",
			"from": [ 8.0, 0.0, 8.0 ], 
			"to": [ 8.0, 0.0, 8.0 ], 
			"rotationOrigin": [ 8.0, 0.0, 8.0 ],
			"faces": {
				"north": { "texture": "#utzathudal", "uv": [ 0.0, 0.0, 0.5, 0.5 ], "enabled": false },
				"east": { "texture": "#utzathudal", "uv": [ 0.0, 0.0, 0.5, 0.5 ], "enabled": false },
				"south": { "texture": "#utzathudal", "uv": [ 0.0, 0.0, 0.5, 0.5 ], "enabled": false },
				"west": { "texture": "#utzathudal", "uv": [ 0.0, 0.0, 0.5, 0.5 ], "enabled": false },
				"up": { "texture": "#utzathudal", "uv": [ 0.0, 0.0, 0.5, 0.5 ], "enabled": false },
				"down": { "texture": "#utzathudal", "uv": [ 0.0, 0.0, 0.5, 0.5 ], "enabled": false }
			},
			"children": [
				{
					"name": "small",
					"from": [ 0.9, 0.0, 3.2 ], 
					"to": [ 1.9, 1.0, 4.2 ], 
					"rotationOrigin": [ 1.3, 0.0, 3.7 ],
					"rotationY": 54.9,
					"faces": {
						"north": { "texture": "#utzathudal", "uv": [ 5.5, 5.0, 6.5, 6.0 ] },
						"east": { "texture": "#utzathudal", "uv": [ 5.5, 4.0, 6.5, 5.0 ] },
						"south": { "texture": "#utzathudal", "uv": [ 5.5, 1.5, 6.5, 2.5 ] },
						"west": { "texture": "#utzathudal", "uv": [ 4.5, 0.5, 5.5, 1.5 ] },
						"up": { "texture": "#utzathudal", "uv": [ 5.5, 5.5, 6.5, 6.5 ] },
						"down": { "texture": "#utzathudal", "uv": [ 4.0, 7.0, 5.0, 8.0 ] }
					}
				},
				{
					"name": "small12",
					"from": [ -1.1, 0.0, -3.8 ], 
					"to": [ -0.1, 1.0, -2.8 ], 
					"rotationOrigin": [ -0.7, 0.0, -3.3 ],
					"rotationY": 69.0,
					"faces": {
						"north": { "texture": "#utzathudal", "uv": [ 5.5, 5.0, 6.5, 6.0 ] },
						"east": { "texture": "#utzathudal", "uv": [ 5.5, 4.0, 6.5, 5.0 ] },
						"south": { "texture": "#utzathudal", "uv": [ 5.5, 1.5, 6.5, 2.5 ] },
						"west": { "texture": "#utzathudal", "uv": [ 4.5, 0.5, 5.5, 1.5 ] },
						"up": { "texture": "#utzathudal", "uv": [ 5.5, 5.5, 6.5, 6.5 ] },
						"down": { "texture": "#utzathudal", "uv": [ 4.0, 7.0, 5.0, 8.0 ] }
					}
				},
				{
					"name": "small13",
					"from": [ 0.9, 0.0, -4.8 ], 
					"to": [ 2.9, 1.0, -2.8 ], 
					"rotationOrigin": [ 1.9, 0.0, -3.8 ],
					"rotationY": 42.0,
					"faces": {
						"north": { "texture": "#utzathudal", "uv": [ 5.5, 5.0, 7.5, 6.0 ] },
						"east": { "texture": "#utzathudal", "uv": [ 5.5, 4.0, 7.5, 5.0 ] },
						"south": { "texture": "#utzathudal", "uv": [ 5.5, 1.5, 7.5, 2.5 ] },
						"west": { "texture": "#utzathudal", "uv": [ 4.5, 0.5, 6.5, 1.5 ] },
						"up": { "texture": "#utzathudal", "uv": [ 5.5, 5.5, 7.5, 7.5 ] },
						"down": { "texture": "#utzathudal", "uv": [ 4.0, 7.0, 6.0, 9.0 ] }
					}
				},
				{
					"name": "small5",
					"from": [ -2.1, 0.0, 0.2 ], 
					"to": [ -0.1, 1.0, 2.2 ], 
					"rotationOrigin": [ -1.1, 0.0, 1.2 ],
					"rotationY": 42.0,
					"faces": {
						"north": { "texture": "#utzathudal", "uv": [ 6.5, 6.0, 8.5, 7.0 ] },
						"east": { "texture": "#utzathudal", "uv": [ 1.5, 10.0, 3.5, 11.0 ] },
						"south": { "texture": "#utzathudal", "uv": [ 4.5, 6.0, 6.5, 7.0 ] },
						"west": { "texture": "#utzathudal", "uv": [ 5.5, 9.5, 7.5, 10.5 ] },
						"up": { "texture": "#utzathudal", "uv": [ 10.5, 10.5, 12.5, 12.5 ] },
						"down": { "texture": "#utzathudal", "uv": [ 4.0, 11.0, 6.0, 13.0 ] }
					}
				},
				{
					"name": "small6",
					"from": [ -4.1, 0.0, -1.8 ], 
					"to": [ -3.1, 1.0, -0.8 ], 
					"rotationOrigin": [ -3.7, 0.0, -1.3 ],
					"rotationY": 54.9,
					"faces": {
						"north": { "texture": "#utzathudal", "uv": [ 5.0, 10.5, 6.0, 11.5 ] },
						"east": { "texture": "#utzathudal", "uv": [ 5.5, 10.0, 6.5, 11.0 ] },
						"south": { "texture": "#utzathudal", "uv": [ 6.0, 11.5, 7.0, 12.5 ] },
						"west": { "texture": "#utzathudal", "uv": [ 4.5, 9.5, 5.5, 10.5 ] },
						"up": { "texture": "#utzathudal", "uv": [ 5.0, 11.5, 6.0, 12.5 ] },
						"down": { "texture": "#utzathudal", "uv": [ 3.5, 12.0, 4.5, 13.0 ] }
					}
				},
				{
					"name": "medium",
					"from": [ 0.9, 0.0, -1.8 ], 
					"to": [ 3.9, 1.5, 1.2 ], 
					"rotationOrigin": [ 2.4, 0.0, -0.3 ],
					"rotationY": 55.0,
					"faces": {
						"north": { "texture": "#utzathudal", "uv": [ 3.5, 3.0, 6.5, 4.5 ] },
						"east": { "texture": "#utzathudal", "uv": [ 3.0, 4.5, 6.0, 6.0 ] },
						"south": { "texture": "#utzathudal", "uv": [ 2.5, 2.0, 5.5, 3.5 ] },
						"west": { "texture": "#utzathudal", "uv": [ 2.5, 2.5, 5.5, 4.0 ] },
						"up": { "texture": "#utzathudal", "uv": [ 11.5, 0.5, 14.5, 3.5 ] },
						"down": { "texture": "#utzathudal", "uv": [ 9.5, 11.5, 12.5, 14.5 ] }
					},
					"children": [
						{
							"name": "Cube1",
							"from": [ 0.5, 1.5, 0.5 ], 
							"to": [ 2.5, 2.0, 2.5 ], 
							"rotationOrigin": [ 1.5, 1.5, 1.5 ],
							"faces": {
								"north": { "texture": "#utzathudal", "uv": [ 3.5, 6.5, 5.5, 7.0 ] },
								"east": { "texture": "#utzathudal", "uv": [ 2.5, 7.0, 4.5, 7.5 ] },
								"south": { "texture": "#utzathudal", "uv": [ 2.5, 4.5, 4.5, 5.0 ] },
								"west": { "texture": "#utzathudal", "uv": [ 1.0, 2.5, 3.0, 3.0 ] },
								"up": { "texture": "#utzathudal", "uv": [ 3.0, 1.5, 5.0, 3.5 ] },
								"down": { "texture": "#utzathudal", "uv": [ 0.0, 0.0, 2.0, 2.0 ], "enabled": false }
							}
						}
					]
				},
				{
					"name": "small9",
					"from": [ 2.9, 0.0, 0.2 ], 
					"to": [ 4.9, 1.0, 2.2 ], 
					"rotationOrigin": [ 3.9, 0.0, 1.2 ],
					"rotationY": 19.0,
					"faces": {
						"north": { "texture": "#utzathudal", "uv": [ 10.5, 5.5, 12.5, 6.5 ] },
						"east": { "texture": "#utzathudal", "uv": [ 10.0, 6.0, 12.0, 7.0 ] },
						"south": { "texture": "#utzathudal", "uv": [ 12.5, 6.0, 14.5, 7.0 ] },
						"west": { "texture": "#utzathudal", "uv": [ 10.0, 4.5, 12.0, 5.5 ] },
						"up": { "texture": "#utzathudal", "uv": [ 12.5, 2.0, 14.5, 4.0 ] },
						"down": { "texture": "#utzathudal", "uv": [ 1.5, 11.5, 3.5, 13.5 ] }
					}
				},
				{
					"name": "medium10",
					"from": [ -5.1, 0.0, 1.2 ], 
					"to": [ -2.1, 1.5, 4.2 ], 
					"rotationOrigin": [ -3.6, 0.0, 2.7 ],
					"rotationY": -6.0,
					"faces": {
						"north": { "texture": "#utzathudal", "uv": [ 3.5, 3.0, 6.5, 4.5 ] },
						"east": { "texture": "#utzathudal", "uv": [ 3.0, 4.5, 6.0, 6.0 ] },
						"south": { "texture": "#utzathudal", "uv": [ 2.5, 2.0, 5.5, 3.5 ] },
						"west": { "texture": "#utzathudal", "uv": [ 2.5, 2.5, 5.5, 4.0 ] },
						"up": { "texture": "#utzathudal", "uv": [ 11.5, 0.5, 14.5, 3.5 ] },
						"down": { "texture": "#utzathudal", "uv": [ 9.5, 11.5, 12.5, 14.5 ] }
					},
					"children": [
						{
							"name": "Cube11",
							"from": [ 0.5, 1.5, 0.5 ], 
							"to": [ 2.5, 2.0, 2.5 ], 
							"rotationOrigin": [ 1.5, 1.5, 1.5 ],
							"faces": {
								"north": { "texture": "#utzathudal", "uv": [ 3.5, 6.5, 5.5, 7.0 ] },
								"east": { "texture": "#utzathudal", "uv": [ 2.5, 7.0, 4.5, 7.5 ] },
								"south": { "texture": "#utzathudal", "uv": [ 2.5, 4.5, 4.5, 5.0 ] },
								"west": { "texture": "#utzathudal", "uv": [ 1.0, 2.5, 3.0, 3.0 ] },
								"up": { "texture": "#utzathudal", "uv": [ 3.0, 1.5, 5.0, 3.5 ] },
								"down": { "texture": "#utzathudal", "uv": [ 0.0, 0.0, 2.0, 2.0 ], "enabled": false }
							}
						}
					]
				},
				{
					"name": "small14",
					"from": [ -2.1, 0.0, -2.8 ], 
					"to": [ -0.1, 1.5, -0.8 ], 
					"rotationOrigin": [ -1.1, 0.0, -1.8 ],
					"rotationY": 3.0,
					"faces": {
						"north": { "texture": "#utzathudal", "uv": [ 10.5, 5.5, 12.5, 7.0 ] },
						"east": { "texture": "#utzathudal", "uv": [ 10.0, 6.0, 12.0, 7.5 ] },
						"south": { "texture": "#utzathudal", "uv": [ 12.5, 6.0, 14.5, 7.5 ] },
						"west": { "texture": "#utzathudal", "uv": [ 10.0, 4.5, 12.0, 6.0 ] },
						"up": { "texture": "#utzathudal", "uv": [ 12.5, 2.0, 14.5, 4.0 ] },
						"down": { "texture": "#utzathudal", "uv": [ 1.5, 11.5, 3.5, 13.5 ] }
					}
				},
				{
					"name": "mycelium",
					"from": [ -5.0, 0.1, -5.0 ], 
					"to": [ 5.0, 0.1, 5.0 ], 
					"rotationOrigin": [ 0.0, 0.1, 0.0 ],
					"faces": {
						"north": { "texture": "#mycelium2", "uv": [ 0.0, 0.0, 10.0, 0.5 ], "enabled": false },
						"east": { "texture": "#mycelium2", "uv": [ 0.0, 0.0, 10.0, 0.5 ], "enabled": false },
						"south": { "texture": "#mycelium2", "uv": [ 0.0, 0.0, 10.0, 0.5 ], "enabled": false },
						"west": { "texture": "#mycelium2", "uv": [ 0.0, 0.0, 10.0, 0.5 ], "enabled": false },
						"up": { "texture": "#mycelium2", "uv": [ 3.0, 3.0, 13.0, 13.0 ] },
						"down": { "texture": "#mycelium2", "uv": [ 0.0, 0.0, 10.0, 10.0 ], "enabled": false }
					}
				}
			]
		}
	]}