{
	"editor": {
		"allAngles": true,
		"entityTextureMode": false
	},
	"textureWidth": 16,
	"textureHeight": 16,
	"textureSizes": {
	},
	"textures": {
		"goldenloaf": "block/plant/mushroom/goldenloaf/goldenloaf",
		"mycelium1": "block/plant/mushroom/mycelium1"
	},
	"elements": [
		{
			"name": "origin",
			"from": [ 8.0, 0.0, 8.0 ], 
			"to": [ 8.0, 0.0, 8.0 ], 
			"rotationOrigin": [ 8.0, 0.0, 8.0 ],
			"faces": {
				"north": { "texture": "#null", "uv": [ 0.0, 0.0, 0.5, 0.5 ], "enabled": false },
				"east": { "texture": "#null", "uv": [ 0.0, 0.0, 0.5, 0.5 ], "enabled": false },
				"south": { "texture": "#null", "uv": [ 0.0, 0.0, 0.5, 0.5 ], "enabled": false },
				"west": { "texture": "#null", "uv": [ 0.0, 0.0, 0.5, 0.5 ], "enabled": false },
				"up": { "texture": "#null", "uv": [ 0.0, 0.0, 0.5, 0.5 ], "enabled": false },
				"down": { "texture": "#null", "uv": [ 0.0, 0.0, 0.5, 0.5 ], "enabled": false }
			},
			"children": [
				{
					"name": "main",
					"from": [ -1.5, 0.0, -1.5 ], 
					"to": [ 1.5, 1.0, 1.5 ], 
					"rotationOrigin": [ 0.0, 0.0, 0.0 ],
					"rotationY": 44.0,
					"faces": {
						"north": { "texture": "#goldenloaf", "uv": [ 2.0, 5.0, 5.0, 6.0 ] },
						"east": { "texture": "#goldenloaf", "uv": [ 1.0, 7.0, 4.0, 8.0 ] },
						"south": { "texture": "#goldenloaf", "uv": [ 1.0, 6.0, 4.0, 7.0 ] },
						"west": { "texture": "#goldenloaf", "uv": [ 0.0, 9.0, 3.0, 10.0 ] },
						"up": { "texture": "#goldenloaf", "uv": [ 9.0, 0.5, 12.0, 3.5 ] },
						"down": { "texture": "#goldenloaf", "uv": [ 9.5, 9.5, 12.5, 12.5 ] }
					},
					"children": [
						{
							"name": "top",
							"from": [ 0.5, 1.0, 0.5 ], 
							"to": [ 2.5, 1.5, 2.5 ], 
							"rotationOrigin": [ 2.0, 1.0, 1.0 ],
							"faces": {
								"north": { "texture": "#goldenloaf", "uv": [ 1.5, 2.0, 3.5, 2.5 ] },
								"east": { "texture": "#goldenloaf", "uv": [ 2.0, 2.0, 4.0, 2.5 ] },
								"south": { "texture": "#goldenloaf", "uv": [ 0.0, 1.5, 2.0, 2.0 ] },
								"west": { "texture": "#goldenloaf", "uv": [ 2.5, 1.5, 4.5, 2.0 ] },
								"up": { "texture": "#goldenloaf", "uv": [ 10.0, 1.5, 12.0, 3.5 ] },
								"down": { "texture": "#goldenloaf", "uv": [ 0.0, 0.0, 2.0, 2.0 ], "enabled": false }
							}
						}
					]
				},
				{
					"name": "small13",
					"from": [ -1.7, 0.0, -1.7 ], 
					"to": [ -0.7, 1.0, -0.7 ], 
					"rotationOrigin": [ -1.3, 0.0, -1.2 ],
					"rotationY": 78.0,
					"faces": {
						"north": { "texture": "#goldenloaf", "uv": [ 5.5, 5.0, 6.5, 6.0 ] },
						"east": { "texture": "#goldenloaf", "uv": [ 5.5, 4.0, 6.5, 5.0 ] },
						"south": { "texture": "#goldenloaf", "uv": [ 5.5, 1.5, 6.5, 2.5 ] },
						"west": { "texture": "#goldenloaf", "uv": [ 4.5, 0.5, 5.5, 1.5 ] },
						"up": { "texture": "#goldenloaf", "uv": [ 5.5, 5.5, 6.5, 6.5 ] },
						"down": { "texture": "#goldenloaf", "uv": [ 4.0, 7.0, 5.0, 8.0 ] }
					}
				},
				{
					"name": "mycelium",
					"from": [ -2.0, 0.1, -2.0 ], 
					"to": [ 2.0, 0.1, 2.0 ], 
					"renderPass": 3,
					"rotationOrigin": [ 0.0, 0.1, 0.0 ],
					"faces": {
						"north": { "texture": "#goldenloaf", "uv": [ 0.0, 0.0, 4.0, 0.5 ], "enabled": false },
						"east": { "texture": "#goldenloaf", "uv": [ 0.0, 0.0, 4.0, 0.5 ], "enabled": false },
						"south": { "texture": "#goldenloaf", "uv": [ 0.0, 0.0, 4.0, 0.5 ], "enabled": false },
						"west": { "texture": "#goldenloaf", "uv": [ 0.0, 0.0, 4.0, 0.5 ], "enabled": false },
						"up": { "texture": "#mycelium1", "uv": [ 6.0, 6.0, 10.0, 10.0 ] },
						"down": { "texture": "#goldenloaf", "uv": [ 0.0, 0.0, 4.0, 4.0 ], "enabled": false }
					}
				}
			]
		}
	]}