{
  "code": "sealstamp",
  "class": "ItemWaxSealStamp",
  "maxstacksizeByType": {
    "*-blank": 4,
    "*": 1
  },
  //  "storageFlags": 257, makes it offhandable
  "creativeinventory": {
    "general": [
      "*"
    ],
    "envelopes": [
      "*"
    ]
  },
  durability: 200,
  variantgroups: [
    {
      code: "state",
      states: [
        "blank",
        "engraved"
      ]
    }
  ],
  "shape": {
    "base": "item/sealstamp"
  },
  behaviors: [
    {
      name: "GroundStorable",
      properties: {
        layout: 'Quadrants',
        collisionBox: {
          x1: 0,
          y1: 0,
          z1: 0,
          x2: 1,
          y2: 0.125,
          z2: 1
        }
      }
    }
  ],
  "attributes": {
    displaycaseable: true,
    shelvable: true,
    groundStorageTransform: {
      translation: {
        x: 0,
        y: -0.2,
        z: 0
      },
      rotation: {
        x: 0,
        y: 0,
        z: 0
      },
      scale: 0.6
    }
  },
  "heldRightReadyAnimation": "chiselready",
  "tpHandTransform": {
    "translation": {
      "x": -1.1,
      "y": -0.9,
      "z": -0.8
    },
    "rotation": {
      "x": 4,
      "y": -170,
      "z": 90
    },
    "scale": 0.55
  },
  "tpOffHandTransform": {
    "translation": {
      "x": -1,
      "y": -0.9,
      "z": -0.8
    },
    "rotation": {
      "x": 4,
      "y": -170,
      "z": 90
    },
    "scale": 0.55
  },
  "fpHandTransform": {
    "translation": {
      "x": -0.15,
      "y": 0.4,
      "z": 0.8
    },
    "rotation": {
      "x": -176,
      "y": -10,
      "z": 168
    },
    "origin": {
      "x": 0.5,
      "y": 0.5,
      "z": 0.4
    },
    "scale": 2.13
  },
  guiTransformByType: {
    "*-blank": {
      "translation": {
        "x": 3,
        "y": -0.6,
        "z": 0
      },
      "rotation": {
        "x": 157,
        "y": -45,
        "z": 0
      },
      "origin": {
        "x": 0.5,
        "y": 0.2,
        "z": 0.5
      },
      "scale": 2.53
    },
    "*": {
      translation: {
        x: 4,
        y: 4,
        z: 0
      },
      rotation: {
        x: 2,
        y: 47,
        z: -45
      },
      origin: {
        x: 0.5,
        y: 0.2,
        z: 0.5
      },
      scale: 2.53
    }
  },
  "groundTransform": {
    "translation": {
      "x": 0,
      "y": 0.07,
      "z": 0
    },
    "rotation": {
      "x": 90,
      "y": 0,
      "z": 0
    },
    "origin": {
      "x": 0.5,
      "y": 0.5,
      "z": 0.5299
    },
    "scale": 3.05
  }
}