{
  code: "waxstick",
  maxstacksize: 8,
  durability: 20,
  attributes: {
    color: "{color}",
    displaycaseable: true,
    displayInsideCrate: true,
    shelvable: true,
    onDisplayTransform: {
      origin: {
        x: 0.5,
        y: 0,
        z: 0.5
      },
      scale: 2
    },
    groundStorageTransform: {
      translation: {
        x: 0.05,
        y: -0.44,
        z: 0.4
      },
      rotation: {
        x: -90,
        y: 0,
        z: -33
      },
      origin: {
        x: -0,
        y: -0,
        z: 0
      }
    }
  },
  guiTransform: {
    translation: {
      x: 0,
      y: 0,
      z: 0
    },
    rotation: {
      x: 145,
      y: 0,
      z: 20
    },
    origin: {
      x: 0.45,
      y: 0.1,
      z: 0.5
    },
    scale: 5
  },
  fpHandTransform: {
    translation: {
      x: 0.1,
      y: 0.3,
      z: 0.55
    },
    rotation: {
      x: 18,
      y: 4,
      z: -76
    },
    scale: 2
  },
  tpHandTransform: {
    translation: {
      x: 0.1,
      y: 0.3,
      z: 0.55
    },
    rotation: {
      x: 18,
      y: 4,
      z: -76
    },
    origin: {
      x: 0,
      y: 0,
      z: 0
    },
    scale: 1
  },
  groundTransform: {
    translation: {
      x: 0,
      y: -0.3,
      z: 0
    },
    rotation: {
      x: -1,
      y: 0,
      z: 90
    },
    origin: {
      x: 0,
      y: 0,
      z: 0
    },
    scale: 3.5
  },
  "creativeinventory": {
    "general": [
      "*"
    ],
    "envelopes": [
      "*"
    ]
  },
  variantgroups: [
    {
      code: "color",
      states: [
        "uncolored",
        "red",
        "black",
        "blue",
        "green"
      ]
    }
  ],
  shape: {
    base: "item/waxstick"
  },
  nutritionProps: {
    saturation: 1,
    foodcategory: "Unknown"
  },
  behaviors: [
    {
      name: "HurtOnConsume",
      properties: {
        damageAmount: 1
      }
    },
    {
      name: "GroundStorable",
      properties: {
        layout: 'Quadrants',
        collisionBox: {
          x1: 0,
          y1: 0,
          z1: 0,
          x2: 1,
          y2: 0.125,
          z2: 1
        }
      }
    }
  ],
  "textures": {
    "beeswax": {
      "base": "beeswax-white",
      "blendedOverlays": [
        {
          "base": "{color}",
          "blendMode": "Darken"
        }
      ]
    }
  }
}