{
	"editor": {
		"allAngles": true,
		"entityTextureMode": false
	},
	"textureWidth": 16,
	"textureHeight": 16,
	"textureSizes": {
	},
	"textures": {
		"goldenloaf": "block/plant/mushroom/goldenloaf/goldenloaf"
	},
	"elements": [
		{
			"name": "origin",
			"from": [ 8.0, 0.0, 8.0 ], 
			"to": [ 8.0, 0.0, 8.0 ], 
			"rotationOrigin": [ 8.0, 0.0, 8.0 ],
			"faces": {
				"north": { "texture": "#null", "uv": [ 0.0, 0.0, 0.5, 0.5 ], "enabled": false },
				"east": { "texture": "#null", "uv": [ 0.0, 0.0, 0.5, 0.5 ], "enabled": false },
				"south": { "texture": "#null", "uv": [ 0.0, 0.0, 0.5, 0.5 ], "enabled": false },
				"west": { "texture": "#null", "uv": [ 0.0, 0.0, 0.5, 0.5 ], "enabled": false },
				"up": { "texture": "#null", "uv": [ 0.0, 0.0, 0.5, 0.5 ], "enabled": false },
				"down": { "texture": "#null", "uv": [ 0.0, 0.0, 0.5, 0.5 ], "enabled": false }
			},
			"children": [
				{
					"name": "small",
					"from": [ -6.1, 0.0, -6.8 ], 
					"to": [ -5.1, 1.0, -5.8 ], 
					"rotationOrigin": [ -5.7, 0.0, -6.3 ],
					"rotationY": 54.9,
					"faces": {
						"north": { "texture": "#goldenloaf", "uv": [ 5.5, 5.0, 6.5, 6.0 ] },
						"east": { "texture": "#goldenloaf", "uv": [ 5.5, 4.0, 6.5, 5.0 ] },
						"south": { "texture": "#goldenloaf", "uv": [ 5.5, 1.5, 6.5, 2.5 ] },
						"west": { "texture": "#goldenloaf", "uv": [ 4.5, 0.5, 5.5, 1.5 ] },
						"up": { "texture": "#goldenloaf", "uv": [ 5.5, 5.5, 6.5, 6.5 ] },
						"down": { "texture": "#goldenloaf", "uv": [ 4.0, 7.0, 5.0, 8.0 ] }
					}
				},
				{
					"name": "big",
					"from": [ -4.1, 0.0, -4.8 ], 
					"to": [ 1.9, 0.5, 1.2 ], 
					"rotationOrigin": [ -1.2, 0.0, -1.9 ],
					"rotationY": 55.0,
					"faces": {
						"north": { "texture": "#goldenloaf", "uv": [ 0.0, 8.5, 6.0, 9.0 ] },
						"east": { "texture": "#goldenloaf", "uv": [ 0.0, 6.5, 6.0, 7.0 ] },
						"south": { "texture": "#goldenloaf", "uv": [ 0.0, 6.0, 6.0, 6.5 ] },
						"west": { "texture": "#goldenloaf", "uv": [ 0.0, 8.5, 6.0, 9.0 ] },
						"up": { "texture": "#goldenloaf", "uv": [ 8.0, 0.0, 14.0, 6.0 ] },
						"down": { "texture": "#goldenloaf", "uv": [ 8.0, 8.0, 14.0, 14.0 ] }
					}
				},
				{
					"name": "small9",
					"from": [ 1.9, 0.0, 4.2 ], 
					"to": [ 3.9, 1.0, 6.2 ], 
					"rotationOrigin": [ 2.9, 0.0, 5.2 ],
					"rotationY": 19.0,
					"faces": {
						"north": { "texture": "#goldenloaf", "uv": [ 10.5, 5.5, 12.5, 6.5 ] },
						"east": { "texture": "#goldenloaf", "uv": [ 10.0, 6.0, 12.0, 7.0 ] },
						"south": { "texture": "#goldenloaf", "uv": [ 12.5, 6.0, 14.5, 7.0 ] },
						"west": { "texture": "#goldenloaf", "uv": [ 10.0, 4.5, 12.0, 5.5 ] },
						"up": { "texture": "#goldenloaf", "uv": [ 12.5, 2.0, 14.5, 4.0 ] },
						"down": { "texture": "#goldenloaf", "uv": [ 1.5, 11.5, 3.5, 13.5 ] }
					}
				},
				{
					"name": "medium10",
					"from": [ -6.1, 0.0, 4.2 ], 
					"to": [ -3.1, 0.1, 7.2 ], 
					"rotationOrigin": [ -4.6, 0.0, 5.7 ],
					"rotationY": -6.0,
					"faces": {
						"north": { "texture": "#goldenloaf", "uv": [ 3.5, 3.0, 6.5, 3.5 ] },
						"east": { "texture": "#goldenloaf", "uv": [ 3.0, 4.5, 6.0, 5.0 ] },
						"south": { "texture": "#goldenloaf", "uv": [ 2.5, 2.0, 5.5, 2.5 ] },
						"west": { "texture": "#goldenloaf", "uv": [ 2.5, 2.5, 5.5, 3.0 ] },
						"up": { "texture": "#goldenloaf", "uv": [ 11.5, 0.5, 14.5, 3.5 ] },
						"down": { "texture": "#goldenloaf", "uv": [ 9.5, 11.5, 12.5, 14.5 ] }
					}
				}
			]
		}
	]}