{
	"editor": {
		"allAngles": true,
		"entityTextureMode": false
	},
	"textureWidth": 16,
	"textureHeight": 16,
	"textureSizes": {
	},
	"textures": {
		"goldenloaf": "block/plant/mushroom/goldenloaf/goldenloaf"
	},
	"elements": [
		{
			"name": "origin",
			"from": [ 8.0, 0.0, 8.0 ], 
			"to": [ 8.0, 0.0, 8.0 ], 
			"rotationOrigin": [ 8.0, 0.0, 8.0 ],
			"faces": {
				"north": { "texture": "#null", "uv": [ 0.0, 0.0, 0.5, 0.5 ], "enabled": false },
				"east": { "texture": "#null", "uv": [ 0.0, 0.0, 0.5, 0.5 ], "enabled": false },
				"south": { "texture": "#null", "uv": [ 0.0, 0.0, 0.5, 0.5 ], "enabled": false },
				"west": { "texture": "#null", "uv": [ 0.0, 0.0, 0.5, 0.5 ], "enabled": false },
				"up": { "texture": "#null", "uv": [ 0.0, 0.0, 0.5, 0.5 ], "enabled": false },
				"down": { "texture": "#null", "uv": [ 0.0, 0.0, 0.5, 0.5 ], "enabled": false }
			},
			"children": [
				{
					"name": "small",
					"from": [ -6.1, 0.0, -6.8 ], 
					"to": [ -5.1, 1.0, -5.8 ], 
					"rotationOrigin": [ -5.7, 0.0, -6.3 ],
					"rotationY": 54.9,
					"faces": {
						"north": { "texture": "#goldenloaf", "uv": [ 5.5, 5.0, 6.5, 6.0 ] },
						"east": { "texture": "#goldenloaf", "uv": [ 5.5, 4.0, 6.5, 5.0 ] },
						"south": { "texture": "#goldenloaf", "uv": [ 5.5, 1.5, 6.5, 2.5 ] },
						"west": { "texture": "#goldenloaf", "uv": [ 4.5, 0.5, 5.5, 1.5 ] },
						"up": { "texture": "#goldenloaf", "uv": [ 5.5, 5.5, 6.5, 6.5 ] },
						"down": { "texture": "#goldenloaf", "uv": [ 4.0, 7.0, 5.0, 8.0 ] }
					}
				},
				{
					"name": "small13",
					"from": [ 3.9, 0.0, -6.8 ], 
					"to": [ 6.9, 1.0, -3.8 ], 
					"rotationOrigin": [ 5.4, 0.0, -5.3 ],
					"rotationY": 42.0,
					"faces": {
						"north": { "texture": "#goldenloaf", "uv": [ 5.5, 5.0, 8.5, 6.0 ] },
						"east": { "texture": "#goldenloaf", "uv": [ 5.5, 4.0, 8.5, 5.0 ] },
						"south": { "texture": "#goldenloaf", "uv": [ 5.5, 1.5, 8.5, 2.5 ] },
						"west": { "texture": "#goldenloaf", "uv": [ 4.5, 0.5, 7.5, 1.5 ] },
						"up": { "texture": "#goldenloaf", "uv": [ 5.5, 5.5, 8.5, 8.5 ] },
						"down": { "texture": "#goldenloaf", "uv": [ 4.0, 7.0, 7.0, 10.0 ] }
					}
				},
				{
					"name": "small6",
					"from": [ 5.9, 0.0, 2.2 ], 
					"to": [ 6.9, 1.0, 3.2 ], 
					"rotationOrigin": [ 6.3, 0.0, 2.7 ],
					"rotationY": 54.9,
					"faces": {
						"north": { "texture": "#goldenloaf", "uv": [ 5.0, 10.5, 6.0, 11.5 ] },
						"east": { "texture": "#goldenloaf", "uv": [ 5.5, 10.0, 6.5, 11.0 ] },
						"south": { "texture": "#goldenloaf", "uv": [ 6.0, 11.5, 7.0, 12.5 ] },
						"west": { "texture": "#goldenloaf", "uv": [ 4.5, 9.5, 5.5, 10.5 ] },
						"up": { "texture": "#goldenloaf", "uv": [ 5.0, 11.5, 6.0, 12.5 ] },
						"down": { "texture": "#goldenloaf", "uv": [ 3.5, 12.0, 4.5, 13.0 ] }
					}
				},
				{
					"name": "big",
					"from": [ -5.1, 0.0, -5.8 ], 
					"to": [ 2.9, 5.5, 2.2 ], 
					"rotationOrigin": [ -1.2, 0.0, -1.9 ],
					"rotationY": 55.0,
					"faces": {
						"north": { "texture": "#goldenloaf", "uv": [ 0.0, 8.5, 8.0, 14.0 ] },
						"east": { "texture": "#goldenloaf", "uv": [ 0.0, 6.5, 8.0, 12.0 ] },
						"south": { "texture": "#goldenloaf", "uv": [ 0.0, 6.0, 8.0, 11.5 ] },
						"west": { "texture": "#goldenloaf", "uv": [ 0.0, 8.5, 8.0, 14.0 ] },
						"up": { "texture": "#goldenloaf", "uv": [ 8.0, 0.0, 16.0, 8.0 ] },
						"down": { "texture": "#goldenloaf", "uv": [ 8.0, 8.0, 16.0, 16.0 ] }
					},
					"children": [
						{
							"name": "Cube1",
							"from": [ 0.5, 5.5, 0.5 ], 
							"to": [ 7.5, 6.5, 7.5 ], 
							"rotationOrigin": [ 1.5, 5.5, 1.5 ],
							"faces": {
								"north": { "texture": "#goldenloaf", "uv": [ 3.5, 6.5, 10.5, 7.5 ] },
								"east": { "texture": "#goldenloaf", "uv": [ 2.5, 7.0, 9.5, 8.0 ] },
								"south": { "texture": "#goldenloaf", "uv": [ 2.5, 4.5, 9.5, 5.5 ] },
								"west": { "texture": "#goldenloaf", "uv": [ 1.0, 2.5, 8.0, 3.5 ] },
								"up": { "texture": "#goldenloaf", "uv": [ 9.0, 0.0, 16.0, 7.0 ] },
								"down": { "texture": "#goldenloaf", "uv": [ 0.0, 0.0, 7.0, 7.0 ], "enabled": false }
							}
						}
					]
				},
				{
					"name": "small9",
					"from": [ 1.9, 0.0, 4.2 ], 
					"to": [ 3.9, 1.0, 6.2 ], 
					"rotationOrigin": [ 2.9, 0.0, 5.2 ],
					"rotationY": 19.0,
					"faces": {
						"north": { "texture": "#goldenloaf", "uv": [ 10.5, 5.5, 12.5, 6.5 ] },
						"east": { "texture": "#goldenloaf", "uv": [ 10.0, 6.0, 12.0, 7.0 ] },
						"south": { "texture": "#goldenloaf", "uv": [ 12.5, 6.0, 14.5, 7.0 ] },
						"west": { "texture": "#goldenloaf", "uv": [ 10.0, 4.5, 12.0, 5.5 ] },
						"up": { "texture": "#goldenloaf", "uv": [ 12.5, 2.0, 14.5, 4.0 ] },
						"down": { "texture": "#goldenloaf", "uv": [ 1.5, 11.5, 3.5, 13.5 ] }
					}
				},
				{
					"name": "medium10",
					"from": [ -6.1, 0.0, 4.2 ], 
					"to": [ -3.1, 1.5, 7.2 ], 
					"rotationOrigin": [ -4.6, 0.0, 5.7 ],
					"rotationY": -6.0,
					"faces": {
						"north": { "texture": "#goldenloaf", "uv": [ 3.5, 3.0, 6.5, 4.5 ] },
						"east": { "texture": "#goldenloaf", "uv": [ 3.0, 4.5, 6.0, 6.0 ] },
						"south": { "texture": "#goldenloaf", "uv": [ 2.5, 2.0, 5.5, 3.5 ] },
						"west": { "texture": "#goldenloaf", "uv": [ 2.5, 2.5, 5.5, 4.0 ] },
						"up": { "texture": "#goldenloaf", "uv": [ 11.5, 0.5, 14.5, 3.5 ] },
						"down": { "texture": "#goldenloaf", "uv": [ 9.5, 11.5, 12.5, 14.5 ] }
					},
					"children": [
						{
							"name": "Cube11",
							"from": [ 0.5, 1.5, 0.5 ], 
							"to": [ 2.5, 2.0, 2.5 ], 
							"rotationOrigin": [ 1.5, 1.5, 1.5 ],
							"faces": {
								"north": { "texture": "#goldenloaf", "uv": [ 3.5, 6.5, 5.5, 7.0 ] },
								"east": { "texture": "#goldenloaf", "uv": [ 2.5, 7.0, 4.5, 7.5 ] },
								"south": { "texture": "#goldenloaf", "uv": [ 2.5, 4.5, 4.5, 5.0 ] },
								"west": { "texture": "#goldenloaf", "uv": [ 1.0, 2.5, 3.0, 3.0 ] },
								"up": { "texture": "#goldenloaf", "uv": [ 3.0, 1.5, 5.0, 3.5 ] },
								"down": { "texture": "#goldenloaf", "uv": [ 0.0, 0.0, 2.0, 2.0 ], "enabled": false }
							}
						}
					]
				}
			]
		}
	]}