{
	"editor": {
		"allAngles": true,
		"entityTextureMode": false
	},
	"textureWidth": 16,
	"textureHeight": 16,
	"textureSizes": {
	},
	"textures": {
		"goldenloaf": "block/plant/mushroom/goldenloaf/goldenloaf"
	},
	"elements": [
		{
			"name": "origin",
			"from": [ 8.0, 0.0, 8.0 ], 
			"to": [ 8.0, 0.0, 8.0 ], 
			"rotationOrigin": [ 8.0, 0.0, 8.0 ],
			"faces": {
				"north": { "texture": "#null", "uv": [ 0.0, 0.0, 0.5, 0.5 ], "enabled": false },
				"east": { "texture": "#null", "uv": [ 0.0, 0.0, 0.5, 0.5 ], "enabled": false },
				"south": { "texture": "#null", "uv": [ 0.0, 0.0, 0.5, 0.5 ], "enabled": false },
				"west": { "texture": "#null", "uv": [ 0.0, 0.0, 0.5, 0.5 ], "enabled": false },
				"up": { "texture": "#null", "uv": [ 0.0, 0.0, 0.5, 0.5 ], "enabled": false },
				"down": { "texture": "#null", "uv": [ 0.0, 0.0, 0.5, 0.5 ], "enabled": false }
			},
			"children": [
				{
					"name": "main5",
					"from": [ 1.0, 0.0, 2.0 ], 
					"to": [ 6.0, 2.0, 7.0 ], 
					"rotationOrigin": [ 3.5, 0.0, 4.5 ],
					"rotationY": 17.0,
					"faces": {
						"north": { "texture": "#goldenloaf", "uv": [ 2.0, 10.0, 7.0, 12.0 ] },
						"east": { "texture": "#goldenloaf", "uv": [ 1.5, 13.5, 6.5, 15.5 ] },
						"south": { "texture": "#goldenloaf", "uv": [ 2.0, 12.5, 7.0, 14.5 ] },
						"west": { "texture": "#goldenloaf", "uv": [ 2.5, 11.5, 7.5, 13.5 ] },
						"up": { "texture": "#goldenloaf", "uv": [ 2.0, 3.0, 7.0, 8.0 ] },
						"down": { "texture": "#goldenloaf", "uv": [ 9.5, 9.5, 14.5, 14.5 ] }
					},
					"children": [
						{
							"name": "top6",
							"from": [ 0.5, 2.0, 0.5 ], 
							"to": [ 4.5, 2.5, 4.5 ], 
							"rotationOrigin": [ 2.5, 2.0, 2.5 ],
							"faces": {
								"north": { "texture": "#goldenloaf", "uv": [ 1.0, 5.0, 5.0, 5.5 ] },
								"east": { "texture": "#goldenloaf", "uv": [ 3.0, 7.0, 7.0, 7.5 ] },
								"south": { "texture": "#goldenloaf", "uv": [ 2.5, 10.0, 6.5, 10.5 ] },
								"west": { "texture": "#goldenloaf", "uv": [ 3.0, 7.0, 7.0, 7.5 ] },
								"up": { "texture": "#goldenloaf", "uv": [ 2.0, 9.5, 6.0, 13.5 ] },
								"down": { "texture": "#goldenloaf", "uv": [ 0.0, 0.0, 4.0, 4.0 ], "enabled": false }
							}
						}
					]
				},
				{
					"name": "main7",
					"from": [ 1.5, 0.0, -6.5 ], 
					"to": [ 4.5, 1.0, -3.5 ], 
					"rotationOrigin": [ 3.0, 0.0, -5.0 ],
					"rotationY": -19.0,
					"faces": {
						"north": { "texture": "#goldenloaf", "uv": [ 2.0, 5.0, 5.0, 6.0 ] },
						"east": { "texture": "#goldenloaf", "uv": [ 1.0, 7.0, 4.0, 8.0 ] },
						"south": { "texture": "#goldenloaf", "uv": [ 1.0, 6.0, 4.0, 7.0 ] },
						"west": { "texture": "#goldenloaf", "uv": [ 0.0, 9.0, 3.0, 10.0 ] },
						"up": { "texture": "#goldenloaf", "uv": [ 9.0, 0.5, 12.0, 3.5 ] },
						"down": { "texture": "#goldenloaf", "uv": [ 9.5, 9.5, 12.5, 12.5 ] }
					},
					"children": [
						{
							"name": "top8",
							"from": [ 0.3, 1.0, 0.3 ], 
							"to": [ 2.7, 1.5, 2.7 ], 
							"rotationOrigin": [ 1.5, 1.0, 1.5 ],
							"faces": {
								"north": { "texture": "#goldenloaf", "uv": [ 1.5, 2.0, 3.5, 2.5 ] },
								"east": { "texture": "#goldenloaf", "uv": [ 2.0, 2.0, 4.0, 2.5 ] },
								"south": { "texture": "#goldenloaf", "uv": [ 0.0, 1.5, 2.0, 2.0 ] },
								"west": { "texture": "#goldenloaf", "uv": [ 2.5, 1.5, 4.5, 2.0 ] },
								"up": { "texture": "#goldenloaf", "uv": [ 10.0, 1.5, 12.0, 3.5 ] },
								"down": { "texture": "#goldenloaf", "uv": [ 0.0, 0.0, 2.0, 2.0 ], "enabled": false }
							}
						}
					]
				},
				{
					"name": "small",
					"from": [ 5.9, 0.0, 0.2 ], 
					"to": [ 6.9, 1.0, 1.2 ], 
					"rotationOrigin": [ 6.3, 0.0, 0.7 ],
					"rotationY": 54.9,
					"faces": {
						"north": { "texture": "#goldenloaf", "uv": [ 5.5, 5.0, 6.5, 6.0 ] },
						"east": { "texture": "#goldenloaf", "uv": [ 5.5, 4.0, 6.5, 5.0 ] },
						"south": { "texture": "#goldenloaf", "uv": [ 5.5, 1.5, 6.5, 2.5 ] },
						"west": { "texture": "#goldenloaf", "uv": [ 4.5, 0.5, 5.5, 1.5 ] },
						"up": { "texture": "#goldenloaf", "uv": [ 5.5, 5.5, 6.5, 6.5 ] },
						"down": { "texture": "#goldenloaf", "uv": [ 4.0, 7.0, 5.0, 8.0 ] }
					}
				},
				{
					"name": "small12",
					"from": [ -6.1, 0.0, 5.2 ], 
					"to": [ -4.1, 1.0, 7.2 ], 
					"rotationOrigin": [ -5.2, 0.0, 6.2 ],
					"rotationY": 69.0,
					"faces": {
						"north": { "texture": "#goldenloaf", "uv": [ 5.5, 5.0, 7.5, 6.0 ] },
						"east": { "texture": "#goldenloaf", "uv": [ 5.5, 4.0, 7.5, 5.0 ] },
						"south": { "texture": "#goldenloaf", "uv": [ 5.5, 1.5, 7.5, 2.5 ] },
						"west": { "texture": "#goldenloaf", "uv": [ 4.5, 0.5, 6.5, 1.5 ] },
						"up": { "texture": "#goldenloaf", "uv": [ 5.5, 5.5, 7.5, 7.5 ] },
						"down": { "texture": "#goldenloaf", "uv": [ 4.0, 7.0, 6.0, 9.0 ] }
					}
				},
				{
					"name": "small13",
					"from": [ -5.1, 0.0, -5.8 ], 
					"to": [ -4.1, 1.0, -4.8 ], 
					"rotationOrigin": [ -4.7, 0.0, -5.3 ],
					"rotationY": 42.0,
					"faces": {
						"north": { "texture": "#goldenloaf", "uv": [ 5.5, 5.0, 6.5, 6.0 ] },
						"east": { "texture": "#goldenloaf", "uv": [ 5.5, 4.0, 6.5, 5.0 ] },
						"south": { "texture": "#goldenloaf", "uv": [ 5.5, 1.5, 6.5, 2.5 ] },
						"west": { "texture": "#goldenloaf", "uv": [ 4.5, 0.5, 5.5, 1.5 ] },
						"up": { "texture": "#goldenloaf", "uv": [ 5.5, 5.5, 6.5, 6.5 ] },
						"down": { "texture": "#goldenloaf", "uv": [ 4.0, 7.0, 5.0, 8.0 ] }
					}
				},
				{
					"name": "large1",
					"from": [ -7.0, 0.0, -2.0 ], 
					"to": [ -1.0, 4.0, 4.0 ], 
					"rotationOrigin": [ -4.5, 0.0, 0.5 ],
					"rotationY": 36.0,
					"faces": {
						"north": { "texture": "#goldenloaf", "uv": [ 1.0, 9.5, 7.0, 13.5 ] },
						"east": { "texture": "#goldenloaf", "uv": [ 1.0, 8.0, 7.0, 12.0 ] },
						"south": { "texture": "#goldenloaf", "uv": [ 2.0, 10.5, 8.0, 14.5 ] },
						"west": { "texture": "#goldenloaf", "uv": [ 2.0, 9.0, 8.0, 13.0 ] },
						"up": { "texture": "#goldenloaf", "uv": [ 9.0, 0.5, 15.0, 6.5 ] },
						"down": { "texture": "#goldenloaf", "uv": [ 9.0, 8.0, 15.0, 14.0 ] }
					},
					"children": [
						{
							"name": "Cube1",
							"from": [ 0.5, 4.0, 0.5 ], 
							"to": [ 5.5, 4.5, 5.5 ], 
							"rotationOrigin": [ 3.0, 4.0, 3.0 ],
							"faces": {
								"north": { "texture": "#goldenloaf", "uv": [ 4.0, 5.5, 9.0, 6.0 ] },
								"east": { "texture": "#goldenloaf", "uv": [ 2.5, 3.0, 7.5, 3.5 ] },
								"south": { "texture": "#goldenloaf", "uv": [ 1.0, 3.0, 6.0, 3.5 ] },
								"west": { "texture": "#goldenloaf", "uv": [ 3.0, 4.0, 8.0, 4.5 ] },
								"up": { "texture": "#goldenloaf", "uv": [ 10.5, 0.5, 15.5, 5.5 ] },
								"down": { "texture": "#goldenloaf", "uv": [ 0.0, 0.0, 5.0, 5.0 ], "enabled": false }
							}
						}
					]
				}
			]
		}
	]}