{
	code: "flatbread",
	maxstacksizeByType: { "*-charred": 48, "*": 32, },
	variantgroups: [ { code: "state", states: ["partbaked", "perfect", "charred" ] } ],
	shape: { base: "game:item/resource/leather-heavy" },
	texturesbytype: {
		"*-partbaked": { "leather": {base: "game:block/plant/mushroom/goldenloaf/goldenloafpart" }},
		"*-perfect": { "leather": {base: "game:block/plant/mushroom/goldenloaf/goldenloaf" }},
		"*-charred": { "leather": {base: "game:block/plant/mushroom/goldenloaf/goldenloafcharred" }}
	},
	creativeinventory: { "general": ["*"], "items": ["*"], "mushroomz": ["*"] },
	attributesByType: {
			onDisplayTransform: { 
			translation: { x: -0, y: -0.27, z: -0 },
			rotation: { x: 0, y: 20, z: 0 },
			scale: 0.45
		},
		"*-partbaked": {
			displaycaseable: true,
			shelvable: true,
			bakingProperties: {
				temp: 160,
				levelFrom: 0.25,
				levelTo: 0.5,
				startScaleY: 0.95,
				endScaleY: 1.10,
				resultCode: "mushroomz:flatbread-perfect",
				initialCode: "mushroomz:poundedloaf"
			}
		},
		"*-perfect": {
			displaycaseable: true,
			shelvable: true,
			bakingProperties: {
				temp: 160,
				levelFrom: 0.5,
				levelTo: 0.75,
				startScaleY: 1.10,
				endScaleY: 1.13,
				resultCode: "mushroomz:flatbread-charred",
				initialCode: "mushroomz:flatbread-partbaked"
			}
		},
		"*-charred": {
			displaycaseable: true,
			shelvable: true,
			bakingProperties: {
				temp: 160,
				levelFrom: 0.75,
				levelTo: 1,
				startScaleY: 1.13,
				endScaleY: 1.10,
				initialCode: "mushroomz:flatbread-perfect"
			}
		},
		"handbook": { "groupBy": [ "flatbread-*" ] },
	},
	combustiblePropsByType: {
		"*-partbaked": {
			meltingPoint: 200,
			meltingDuration: 15,
			smeltedRatio: 1,
			smeltingType: "bake",
			smeltedStack: { type: "item", code: "flatbread-charred" },
			requiresContainer: false
		},
		"*-perfect": {
			meltingPoint: 200,
			meltingDuration: 15,
			smeltedRatio: 1,
			smeltingType: "bake",
			smeltedStack: { type: "item", code: "flatbread-charred" },
			requiresContainer: false
		}
	},
	nutritionPropsByType: {		
		"*-partbaked": { saturation: 150, foodcategory: "Grain" },
		"*-perfect": { saturation: 240, foodcategory: "Grain" },
		"*-charred": { saturation: 180, foodcategory: "Grain" }
	},
	transitionablePropsByType: {
		"*-partbaked":  [{
			type: "Perish",
			freshHours: { avg: 120 },
			transitionHours: { avg: 24 },
			transitionedStack: { type: "item", code: "game:rot" },
			transitionRatio: 1
		}],
		"*-perfect":  [{
			type: "Perish",
			freshHours: { avg: 288 },
			transitionHours: { avg: 36 },
			transitionedStack: { type: "item", code: "game:rot" },
			transitionRatio: 1
		}],
		"*-charred":  [{
			type: "Perish",
			freshHours: { avg: 633 },
			transitionHours: { avg: 60 },
			transitionedStack: { type: "item", code: "game:rot" },
			transitionRatio: 1
		}]
	},
	materialDensity: 200,
	onshelfTransform: {
		translation: { x: 0, y: -0.25, z: -0 },
		rotation: { x: 0, y: -68, z: 0 },
		scale: 0.5
		},
	guiTransform: {		
		translation: { x: 0, y: 0, z: 0 },
		rotation: { x: -30, y: 26, z: 180 },
		origin: { x: 0.52, y: 0.07, z: 0.5 },
		scale: 1.8 },
	groundTransform: {	translation: { x: 0, y: 0, z: 0 },	rotation: { x: 0, y: 0, z: 1 },	origin: { x: 0.5, y: 0, z: 0.5 },	scale: 3.5 },
	tpHandTransform: {			
		translation: { x: -1.04, y: -0.175, z: -0.98 },
		rotation: { x: 44, y: -69, z: 12 },
		origin: { x: 0.5, y: 0.13, z: 0.5 },
		scale: 0.5},
	fpHandTransform: {	translation: { x: 0, y: 0.24, z: 0.3 },	rotation: { x: 104, y: 0, z: 71 },	origin: { x: 0.5, y: 0.1, z: 0.5 },	scale: 1.5 }
}