{
	code: "poundedloaf",
//	class: "ItemDough",
	maxstacksize: 32,
	attributes: {
		displaycaseable: true,
		shelvable: true,
		bakingProperties: {
			temp: 160,
			levelFrom: 0.0,
			levelTo: 0.25,
			startScaleY: 0.9,
			endScaleY: 0.95,
			resultCode: "mushroomz:flatbread-partbaked",
		},
		"handbook": { "groupBy": [ "poundedloaf-*" ] },
		onDisplayTransform: { translation: { x: 0, y: -0.25, z: 0 }, scale: 0.5},
	},
	
	nutritionPropsByType: { "*": { saturation: 75, foodcategory: "Grain" } },
	
	shape: { base: "game:item/resource/pulp" },
	textures: { "slakedlime": {base: "game:block/plant/mushroom/goldenloaf/goldenloaf" }, },
	creativeinventory: { "general": ["*"], "items": ["*"], "mushroomz": ["*"] },
	materialDensity: 200,
	fpHandTransform: { translation: { x: 0, y: -0.1, z: 0 }, rotation: { x: 180, y: 90, z: 22 } },
	combustibleProps: {
   	     meltingPoint: 200,
	     meltingDuration: 20,
	     smeltedRatio: 1,
	     smeltingType: "bake",
	     smeltedStack: { type: "item", code: "mushroomz:flatbread-charred" },
	     requiresContainer: false
	},
	guiTransform: {	translation: { x: 0, y: 0, z: 0 },	rotation: { x: -30, y: 26, z: 180 }, origin: { x: 0.52, y: 0.07, z: 0.5 }, scale: 2.95 },
	groundTransform: { translation: { x: 0, y: 0, z: 0 }, rotation: { x: 0, y: 0, z: 1 },	origin: { x: 0.5, y: 0, z: 0.5 }, scale: 4 },
	fpHandTransform: { translation: { x: 0, y: 0.22, z: 0.2 },	rotation: { x: 37, y: -5, z: 45 },	origin: { x: 0.5, y: 0.1, z: 0.5 }, scale: 1.5 },
	tpHandTransform: {
		translation: { x: -0.1, y: 0.2, z: -0.25 },
		rotation: { x: 25, y: 103, z: 19 },
		origin: { x: 0.32, y: -0.25, z: -0.06 },
		scale: 0.6
		},
	transitionableProps: [{
		type: "Perish",
		freshHours: { avg: 204 },
		transitionHours: { avg: 8 },
		transitionedStack: { type: "item", code: "game:rot" },
		transitionRatio: 1
	}]
}