{
  "code": "wildseeds",
  "class": "wildseed",
  "creativeinventory": {
    "general": [ "*-free" ],
    "items": [ "*-free" ],
    "mushroomz": [ "*-free" ]
  },
  "attributes": {
    "handbook": {
      "groupBy": [ "wildseeds-*" ]
    }
  },
  "maxstacksize": 64,
  "variantgroups": [
    {
      "code": "type",
      "states": [ "flower" ]
    },
    {
      "code": "flower",
      "states": [ "catmint", "cornflower", "forgetmenot", "edelweiss", "heather", "horsetail", "orangemallow", "wilddaisy","westerngorse","cowparsley", "goldenpoppy", "lilyofthevalley", "woad", "redtopgrass" ]
    },
    {
      "code": "cover",
      "states": [ "free", "snow" ]
    }
  ],
  "shape": { "base": "item/seedbag" },
  "textures": {
    "seed": { "base": "item/wildseeds-flower-{flower}" }
  },
  "fpHandTransform": {
		translation: { x: 0, y: 0, z: 0 },
		rotation: { x: 0, y: -64, z: 13 }
  },
  "materialDensity": 450,
  "guiTransform": {
    "translation": {
      "x": 0,
      "y": 0,
      "z": 0
    },
    "rotation": {
      "x": 159,
      "y": 148,
      "z": 0
    },
    "origin": {
      "x": 0.53,
      "y": 0.37,
      "z": 0.5
    },
    "scale": 1.99
  },
  "tpHandTransform": {
    "translation": {
      "x": -1.67,
      "y": -1.25,
      "z": -0.8
    },
    "rotation": {
      "x": 70,
      "y": 11,
      "z": -65
    },
    "scale": 0.41
  },
  "groundTransform": {
    "translation": {
      "x": 0,
      "y": 0.2,
      "z": 0
    },
    "rotation": {
      "x": -4,
      "y": 8,
      "z": 0
    },
    "origin": {
      "x": 0.5,
      "y": 0.5,
      "z": 0.5299
    },
    "scale": 1.92
  }
}
