{
	"editor": {
		"allAngles": true,
		"entityTextureMode": false
	},
	"textureWidth": 16,
	"textureHeight": 16,
	"textureSizes": {
	},
	"textures": {
		"utzathudal": "block/plant/mushroom/utzathudal/utzathudal"
	},
	"elements": [
		{
			"name": "origin",
			"from": [ 8.0, 0.0, 8.0 ], 
			"to": [ 8.0, 0.0, 8.0 ], 
			"rotationOrigin": [ 8.0, 0.0, 8.0 ],
			"faces": {
				"north": { "texture": "#utzathudal", "uv": [ 0.0, 0.0, 0.5, 0.5 ], "enabled": false },
				"east": { "texture": "#utzathudal", "uv": [ 0.0, 0.0, 0.5, 0.5 ], "enabled": false },
				"south": { "texture": "#utzathudal", "uv": [ 0.0, 0.0, 0.5, 0.5 ], "enabled": false },
				"west": { "texture": "#utzathudal", "uv": [ 0.0, 0.0, 0.5, 0.5 ], "enabled": false },
				"up": { "texture": "#utzathudal", "uv": [ 0.0, 0.0, 0.5, 0.5 ], "enabled": false },
				"down": { "texture": "#utzathudal", "uv": [ 0.0, 0.0, 0.5, 0.5 ], "enabled": false }
			},
			"children": [
				{
					"name": "small",
					"from": [ 5.9, 0.0, 0.2 ], 
					"to": [ 6.9, 0.1, 1.2 ], 
					"rotationOrigin": [ 6.3, 0.0, 0.7 ],
					"rotationY": 54.9,
					"faces": {
						"north": { "texture": "#utzathudal", "uv": [ 5.5, 5.0, 6.5, 5.5 ] },
						"east": { "texture": "#utzathudal", "uv": [ 5.5, 4.0, 6.5, 4.5 ] },
						"south": { "texture": "#utzathudal", "uv": [ 5.5, 1.5, 6.5, 2.0 ] },
						"west": { "texture": "#utzathudal", "uv": [ 4.5, 0.5, 5.5, 1.0 ] },
						"up": { "texture": "#utzathudal", "uv": [ 5.5, 5.5, 6.5, 6.5 ] },
						"down": { "texture": "#utzathudal", "uv": [ 4.0, 7.0, 5.0, 8.0 ] }
					}
				},
				{
					"name": "small12",
					"from": [ -5.1, 0.0, 5.2 ], 
					"to": [ -4.1, 0.1, 6.2 ], 
					"rotationOrigin": [ -4.7, 0.0, 5.7 ],
					"rotationY": 69.0,
					"faces": {
						"north": { "texture": "#utzathudal", "uv": [ 5.5, 5.0, 6.5, 5.5 ] },
						"east": { "texture": "#utzathudal", "uv": [ 5.5, 4.0, 6.5, 4.5 ] },
						"south": { "texture": "#utzathudal", "uv": [ 5.5, 1.5, 6.5, 2.0 ] },
						"west": { "texture": "#utzathudal", "uv": [ 4.5, 0.5, 5.5, 1.0 ] },
						"up": { "texture": "#utzathudal", "uv": [ 5.5, 5.5, 6.5, 6.5 ] },
						"down": { "texture": "#utzathudal", "uv": [ 4.0, 7.0, 5.0, 8.0 ] }
					}
				},
				{
					"name": "small13",
					"from": [ -5.1, 0.0, -5.8 ], 
					"to": [ -4.1, 0.4, -4.8 ], 
					"rotationOrigin": [ -4.7, 0.0, -5.3 ],
					"rotationY": 42.0,
					"faces": {
						"north": { "texture": "#utzathudal", "uv": [ 5.5, 5.0, 6.5, 5.5 ] },
						"east": { "texture": "#utzathudal", "uv": [ 5.5, 4.0, 6.5, 4.5 ] },
						"south": { "texture": "#utzathudal", "uv": [ 5.5, 1.5, 6.5, 2.0 ] },
						"west": { "texture": "#utzathudal", "uv": [ 4.5, 0.5, 5.5, 1.0 ] },
						"up": { "texture": "#utzathudal", "uv": [ 5.5, 5.5, 6.5, 6.5 ] },
						"down": { "texture": "#utzathudal", "uv": [ 4.0, 7.0, 5.0, 8.0 ] }
					}
				},
				{
					"name": "top8",
					"from": [ 2.7455, 0.0, -3.8744 ], 
					"to": [ 4.1455, 0.5, -2.4744 ], 
					"rotationOrigin": [ 4.45, 0.0, -3.1744 ],
					"rotationY": -18.999999859573116,
					"faces": {
						"north": { "texture": "#utzathudal", "uv": [ 1.5, 2.0, 2.5, 2.5 ] },
						"east": { "texture": "#utzathudal", "uv": [ 2.0, 2.0, 3.0, 2.5 ] },
						"south": { "texture": "#utzathudal", "uv": [ 0.0, 1.5, 1.0, 2.0 ] },
						"west": { "texture": "#utzathudal", "uv": [ 2.5, 1.5, 3.5, 2.0 ] },
						"up": { "texture": "#utzathudal", "uv": [ 10.0, 1.5, 11.0, 2.5 ] },
						"down": { "texture": "#utzathudal", "uv": [ 0.0, 0.0, 1.0, 1.0 ] }
					}
				},
				{
					"name": "bottom",
					"from": [ -1.879, 0.0, -4.963 ], 
					"to": [ 0.121, 0.5, -2.963 ], 
					"rotationOrigin": [ 0.621, 0.0, -2.463 ],
					"rotationY": 43.99999982782017,
					"faces": {
						"north": { "texture": "#utzathudal", "uv": [ 0.5, 14.5, 2.5, 15.0 ] },
						"east": { "texture": "#utzathudal", "uv": [ 3.0, 14.5, 5.0, 15.0 ] },
						"south": { "texture": "#utzathudal", "uv": [ 2.0, 15.0, 4.0, 15.5 ] },
						"west": { "texture": "#utzathudal", "uv": [ 2.0, 15.0, 4.0, 15.5 ] },
						"up": { "texture": "#utzathudal", "uv": [ 0.0, 0.0, 2.0, 2.0 ] },
						"down": { "texture": "#utzathudal", "uv": [ 9.5, 10.0, 11.5, 12.0 ] }
					}
				},
				{
					"name": "top6",
					"from": [ 1.332, 0.0, 1.3757 ], 
					"to": [ 3.332, 0.5, 3.3757 ], 
					"rotationOrigin": [ 2.832, 0.0, 1.8757 ],
					"rotationY": 16.999998200873794,
					"faces": {
						"north": { "texture": "#utzathudal", "uv": [ 1.0, 5.0, 3.0, 5.5 ] },
						"east": { "texture": "#utzathudal", "uv": [ 3.0, 7.0, 5.0, 7.5 ] },
						"south": { "texture": "#utzathudal", "uv": [ 2.5, 10.0, 4.5, 10.5 ] },
						"west": { "texture": "#utzathudal", "uv": [ 3.0, 7.0, 5.0, 7.5 ] },
						"up": { "texture": "#utzathudal", "uv": [ 2.0, 9.5, 4.0, 11.5 ] },
						"down": { "texture": "#utzathudal", "uv": [ 0.0, 0.0, 2.0, 2.0 ] }
					}
				},
				{
					"name": "top10",
					"from": [ -1.2545, 0.0, 5.1256 ], 
					"to": [ 0.1455, 0.5, 6.5256 ], 
					"rotationOrigin": [ 0.4455, -0.1, 5.8256 ],
					"rotationY": -18.999999859573116,
					"faces": {
						"north": { "texture": "#utzathudal", "uv": [ 4.5, 13.0, 5.5, 13.5 ] },
						"east": { "texture": "#utzathudal", "uv": [ 5.5, 12.0, 6.5, 12.5 ] },
						"south": { "texture": "#utzathudal", "uv": [ 1.5, 11.0, 2.5, 11.5 ] },
						"west": { "texture": "#utzathudal", "uv": [ 3.0, 13.5, 4.0, 14.0 ] },
						"up": { "texture": "#utzathudal", "uv": [ 5.5, 12.5, 6.5, 13.5 ] },
						"down": { "texture": "#utzathudal", "uv": [ 8.5, 4.0, 9.5, 5.0 ] }
					}
				},
				{
					"name": "Cube1",
					"from": [ -5.5, 0.0, 0.5 ], 
					"to": [ -3.5, 0.5, 2.5 ], 
					"rotationOrigin": [ -4.5, 0.0, 1.5 ],
					"rotationY": 35.999997435243586,
					"faces": {
						"north": { "texture": "#utzathudal", "uv": [ 4.0, 5.5, 6.0, 6.0 ] },
						"east": { "texture": "#utzathudal", "uv": [ 2.5, 3.0, 4.5, 3.5 ] },
						"south": { "texture": "#utzathudal", "uv": [ 1.0, 3.0, 3.0, 3.5 ] },
						"west": { "texture": "#utzathudal", "uv": [ 3.0, 4.0, 5.0, 4.5 ] },
						"up": { "texture": "#utzathudal", "uv": [ 2.0, 3.5, 4.0, 5.5 ] },
						"down": { "texture": "#utzathudal", "uv": [ 0.0, 0.0, 2.0, 2.0 ] }
					}
				}
			]
		}
	]}