{
	"editor": {
		"allAngles": true,
		"entityTextureMode": false
	},
	"textureWidth": 16,
	"textureHeight": 16,
	"textureSizes": {
	},
	"textures": {
		"utzathudal": "block/plant/mushroom/utzathudal/utzathudal"
	},
	"elements": [
		{
			"name": "origin",
			"from": [ 8.0, 0.0, 8.0 ], 
			"to": [ 8.0, 0.0, 8.0 ], 
			"rotationOrigin": [ 8.0, 0.0, 8.0 ],
			"faces": {
				"north": { "texture": "#utzathudal", "uv": [ 0.0, 0.0, 0.5, 0.5 ], "enabled": false },
				"east": { "texture": "#utzathudal", "uv": [ 0.0, 0.0, 0.5, 0.5 ], "enabled": false },
				"south": { "texture": "#utzathudal", "uv": [ 0.0, 0.0, 0.5, 0.5 ], "enabled": false },
				"west": { "texture": "#utzathudal", "uv": [ 0.0, 0.0, 0.5, 0.5 ], "enabled": false },
				"up": { "texture": "#utzathudal", "uv": [ 0.0, 0.0, 0.5, 0.5 ], "enabled": false },
				"down": { "texture": "#utzathudal", "uv": [ 0.0, 0.0, 0.5, 0.5 ], "enabled": false }
			},
			"children": [
				{
					"name": "small12",
					"from": [ -1.1, 0.0, -3.8 ], 
					"to": [ 0.4, 0.3, -2.3 ], 
					"rotationOrigin": [ -0.4, 0.0, -3.0 ],
					"rotationY": 69.0,
					"faces": {
						"north": { "texture": "#utzathudal", "uv": [ 5.5, 5.0, 7.0, 5.5 ] },
						"east": { "texture": "#utzathudal", "uv": [ 5.5, 4.0, 7.0, 4.5 ] },
						"south": { "texture": "#utzathudal", "uv": [ 5.5, 1.5, 7.0, 2.0 ] },
						"west": { "texture": "#utzathudal", "uv": [ 4.5, 0.5, 6.0, 1.0 ] },
						"up": { "texture": "#utzathudal", "uv": [ 5.5, 5.5, 7.0, 7.0 ] },
						"down": { "texture": "#utzathudal", "uv": [ 4.0, 7.0, 5.5, 8.5 ] }
					}
				},
				{
					"name": "small6",
					"from": [ 3.9, 0.0, 6.2 ], 
					"to": [ 4.9, 0.1, 7.2 ], 
					"rotationOrigin": [ 4.3, 0.0, 6.7 ],
					"rotationY": 33.0,
					"faces": {
						"north": { "texture": "#utzathudal", "uv": [ 0.5, 3.5, 1.5, 4.0 ] },
						"east": { "texture": "#utzathudal", "uv": [ 2.5, 4.5, 3.5, 5.0 ] },
						"south": { "texture": "#utzathudal", "uv": [ 7.0, 1.5, 8.0, 2.0 ] },
						"west": { "texture": "#utzathudal", "uv": [ 6.0, 8.0, 7.0, 8.5 ] },
						"up": { "texture": "#utzathudal", "uv": [ 14.0, 8.0, 15.0, 9.0 ] },
						"down": { "texture": "#utzathudal", "uv": [ 9.0, 13.0, 10.0, 14.0 ] }
					}
				},
				{
					"name": "small11",
					"from": [ -3.1, 0.0, -5.8 ], 
					"to": [ -2.1, 0.5, -4.8 ], 
					"rotationOrigin": [ -2.7, 0.0, -5.3 ],
					"rotationY": 69.0,
					"faces": {
						"north": { "texture": "#utzathudal", "uv": [ 5.5, 5.0, 6.5, 5.5 ] },
						"east": { "texture": "#utzathudal", "uv": [ 5.5, 4.0, 6.5, 4.5 ] },
						"south": { "texture": "#utzathudal", "uv": [ 5.5, 1.5, 6.5, 2.0 ] },
						"west": { "texture": "#utzathudal", "uv": [ 4.5, 0.5, 5.5, 1.0 ] },
						"up": { "texture": "#utzathudal", "uv": [ 5.5, 5.5, 6.5, 6.5 ] },
						"down": { "texture": "#utzathudal", "uv": [ 4.0, 7.0, 5.0, 8.0 ] }
					}
				},
				{
					"name": "Cube1",
					"from": [ -0.6, 0.0, 0.6 ], 
					"to": [ 2.4, 0.5, 3.6 ], 
					"rotationOrigin": [ 1.0, 0.0, 2.0 ],
					"rotationY": 18.999999859573116,
					"faces": {
						"north": { "texture": "#utzathudal", "uv": [ 0.0, 0.0, 3.0, 0.5 ] },
						"east": { "texture": "#utzathudal", "uv": [ 0.0, 0.0, 3.0, 0.5 ] },
						"south": { "texture": "#utzathudal", "uv": [ 0.0, 0.0, 3.0, 0.5 ] },
						"west": { "texture": "#utzathudal", "uv": [ 0.0, 0.0, 3.0, 0.5 ] },
						"up": { "texture": "#utzathudal", "uv": [ 0.0, 0.0, 3.0, 3.0 ] },
						"down": { "texture": "#utzathudal", "uv": [ 0.0, 0.0, 3.0, 3.0 ] }
					}
				},
				{
					"name": "Cube8",
					"from": [ -6.8383, 0.0, -2.7294 ], 
					"to": [ -4.3383, 0.5, -0.2294 ], 
					"rotationOrigin": [ -5.6383, 0.0, -1.5294 ],
					"rotationY": 32.99999927745039,
					"faces": {
						"north": { "texture": "#utzathudal", "uv": [ 3.0, 12.0, 5.5, 12.5 ] },
						"east": { "texture": "#utzathudal", "uv": [ 3.5, 13.5, 6.0, 14.0 ] },
						"south": { "texture": "#utzathudal", "uv": [ 3.0, 10.5, 5.5, 11.0 ] },
						"west": { "texture": "#utzathudal", "uv": [ 3.0, 13.5, 5.5, 14.0 ] },
						"up": { "texture": "#utzathudal", "uv": [ 4.0, 8.5, 6.5, 11.0 ] },
						"down": { "texture": "#utzathudal", "uv": [ 0.0, 0.0, 2.5, 2.5 ] }
					}
				},
				{
					"name": "Cube10",
					"from": [ 4.2149, 0.0, -6.8129 ], 
					"to": [ 6.7149, 0.5, -4.3129 ], 
					"rotationOrigin": [ 5.4149, 0.0, -5.6129 ],
					"rotationY": -7.999999815272017,
					"faces": {
						"north": { "texture": "#utzathudal", "uv": [ 3.0, 12.0, 5.5, 12.5 ] },
						"east": { "texture": "#utzathudal", "uv": [ 3.5, 13.5, 6.0, 14.0 ] },
						"south": { "texture": "#utzathudal", "uv": [ 3.0, 10.5, 5.5, 11.0 ] },
						"west": { "texture": "#utzathudal", "uv": [ 3.0, 13.5, 5.5, 14.0 ] },
						"up": { "texture": "#utzathudal", "uv": [ 4.0, 8.5, 6.5, 11.0 ] },
						"down": { "texture": "#utzathudal", "uv": [ 0.0, 0.0, 2.5, 2.5 ] }
					}
				},
				{
					"name": "Cube13",
					"from": [ 4.0, 0.0, -2.2 ], 
					"to": [ 6.5, 0.3, 0.3 ], 
					"rotationOrigin": [ 5.2, 0.0, -1.0 ],
					"rotationY": 35.999997435243586,
					"faces": {
						"north": { "texture": "#utzathudal", "uv": [ 4.0, 5.0, 6.5, 5.5 ] },
						"east": { "texture": "#utzathudal", "uv": [ 2.0, 11.5, 4.5, 12.0 ] },
						"south": { "texture": "#utzathudal", "uv": [ 7.0, 4.5, 9.5, 5.0 ] },
						"west": { "texture": "#utzathudal", "uv": [ 2.0, 6.5, 4.5, 7.0 ] },
						"up": { "texture": "#utzathudal", "uv": [ 4.0, 12.5, 6.5, 15.0 ] },
						"down": { "texture": "#utzathudal", "uv": [ 5.0, 7.0, 7.5, 9.5 ] }
					}
				}
			]
		}
	]}