{
	"editor": {
		"allAngles": true,
		"entityTextureMode": false
	},
	"textureWidth": 16,
	"textureHeight": 16,
	"textureSizes": {
	},
	"textures": {
		"utzathudal": "block/plant/mushroom/utzathudal/utzathudal"
	},
	"elements": [
		{
			"name": "origin",
			"from": [ 8.0, 0.0, 8.0 ], 
			"to": [ 8.0, 0.0, 8.0 ], 
			"rotationOrigin": [ 8.0, 0.0, 8.0 ],
			"faces": {
				"north": { "texture": "#utzathudal", "uv": [ 0.0, 0.0, 0.5, 0.5 ], "enabled": false },
				"east": { "texture": "#utzathudal", "uv": [ 0.0, 0.0, 0.5, 0.5 ], "enabled": false },
				"south": { "texture": "#utzathudal", "uv": [ 0.0, 0.0, 0.5, 0.5 ], "enabled": false },
				"west": { "texture": "#utzathudal", "uv": [ 0.0, 0.0, 0.5, 0.5 ], "enabled": false },
				"up": { "texture": "#utzathudal", "uv": [ 0.0, 0.0, 0.5, 0.5 ], "enabled": false },
				"down": { "texture": "#utzathudal", "uv": [ 0.0, 0.0, 0.5, 0.5 ], "enabled": false }
			},
			"children": [
				{
					"name": "main",
					"from": [ -3.0, 0.0, -4.0 ], 
					"to": [ 0.0, 1.0, -1.0 ], 
					"rotationOrigin": [ -1.5, 0.0, -2.5 ],
					"rotationY": 44.0,
					"faces": {
						"north": { "texture": "#utzathudal", "uv": [ 2.0, 5.0, 5.0, 6.0 ] },
						"east": { "texture": "#utzathudal", "uv": [ 1.0, 7.0, 4.0, 8.0 ] },
						"south": { "texture": "#utzathudal", "uv": [ 1.0, 6.0, 4.0, 7.0 ] },
						"west": { "texture": "#utzathudal", "uv": [ 0.0, 9.0, 3.0, 10.0 ] },
						"up": { "texture": "#utzathudal", "uv": [ 9.0, 0.5, 12.0, 3.5 ] },
						"down": { "texture": "#utzathudal", "uv": [ 9.5, 9.5, 12.5, 12.5 ] }
					},
					"children": [
						{
							"name": "top",
							"from": [ 0.5, 1.0, 0.5 ], 
							"to": [ 2.5, 1.5, 2.5 ], 
							"rotationOrigin": [ 2.0, 1.0, 1.0 ],
							"faces": {
								"north": { "texture": "#utzathudal", "uv": [ 1.5, 2.0, 3.5, 2.5 ] },
								"east": { "texture": "#utzathudal", "uv": [ 2.0, 2.0, 4.0, 2.5 ] },
								"south": { "texture": "#utzathudal", "uv": [ 0.0, 1.5, 2.0, 2.0 ] },
								"west": { "texture": "#utzathudal", "uv": [ 2.5, 1.5, 4.5, 2.0 ] },
								"up": { "texture": "#utzathudal", "uv": [ 10.0, 1.5, 12.0, 3.5 ] },
								"down": { "texture": "#utzathudal", "uv": [ 0.0, 0.0, 2.0, 2.0 ], "enabled": false }
							}
						}
					]
				},
				{
					"name": "main5",
					"from": [ 1.0, 0.0, 1.0 ], 
					"to": [ 4.0, 1.0, 4.0 ], 
					"rotationOrigin": [ 2.5, 0.0, 2.5 ],
					"rotationY": 17.0,
					"faces": {
						"north": { "texture": "#utzathudal", "uv": [ 2.0, 10.0, 5.0, 11.0 ] },
						"east": { "texture": "#utzathudal", "uv": [ 1.5, 13.5, 4.5, 14.5 ] },
						"south": { "texture": "#utzathudal", "uv": [ 2.0, 12.5, 5.0, 13.5 ] },
						"west": { "texture": "#utzathudal", "uv": [ 0.5, 11.5, 3.5, 12.5 ] },
						"up": { "texture": "#utzathudal", "uv": [ 3.0, 10.5, 6.0, 13.5 ] },
						"down": { "texture": "#utzathudal", "uv": [ 9.5, 9.5, 12.5, 12.5 ] }
					},
					"children": [
						{
							"name": "top6",
							"from": [ 0.5, 1.0, 0.5 ], 
							"to": [ 2.5, 1.5, 2.5 ], 
							"rotationOrigin": [ 2.0, 1.0, 1.0 ],
							"faces": {
								"north": { "texture": "#utzathudal", "uv": [ 1.0, 5.0, 3.0, 5.5 ] },
								"east": { "texture": "#utzathudal", "uv": [ 3.0, 7.0, 5.0, 7.5 ] },
								"south": { "texture": "#utzathudal", "uv": [ 2.5, 10.0, 4.5, 10.5 ] },
								"west": { "texture": "#utzathudal", "uv": [ 3.0, 7.0, 5.0, 7.5 ] },
								"up": { "texture": "#utzathudal", "uv": [ 2.0, 9.5, 4.0, 11.5 ] },
								"down": { "texture": "#utzathudal", "uv": [ 0.0, 0.0, 2.0, 2.0 ], "enabled": false }
							}
						}
					]
				},
				{
					"name": "main7",
					"from": [ 2.5, 0.0, -4.5 ], 
					"to": [ 4.5, 1.0, -2.5 ], 
					"rotationOrigin": [ 3.5, 0.0, -3.5 ],
					"rotationY": -19.0,
					"faces": {
						"north": { "texture": "#utzathudal", "uv": [ 2.0, 5.0, 4.0, 6.0 ] },
						"east": { "texture": "#utzathudal", "uv": [ 1.0, 7.0, 3.0, 8.0 ] },
						"south": { "texture": "#utzathudal", "uv": [ 1.0, 6.0, 3.0, 7.0 ] },
						"west": { "texture": "#utzathudal", "uv": [ 0.0, 9.0, 2.0, 10.0 ] },
						"up": { "texture": "#utzathudal", "uv": [ 9.0, 0.5, 11.0, 2.5 ] },
						"down": { "texture": "#utzathudal", "uv": [ 9.5, 9.5, 11.5, 11.5 ] }
					},
					"children": [
						{
							"name": "top8",
							"from": [ 0.3, 1.0, 0.3 ], 
							"to": [ 1.7, 1.5, 1.7 ], 
							"rotationOrigin": [ 2.0, 1.0, 1.0 ],
							"faces": {
								"north": { "texture": "#utzathudal", "uv": [ 1.5, 2.0, 2.5, 2.5 ] },
								"east": { "texture": "#utzathudal", "uv": [ 2.0, 2.0, 3.0, 2.5 ] },
								"south": { "texture": "#utzathudal", "uv": [ 0.0, 1.5, 1.0, 2.0 ] },
								"west": { "texture": "#utzathudal", "uv": [ 2.5, 1.5, 3.5, 2.0 ] },
								"up": { "texture": "#utzathudal", "uv": [ 10.0, 1.5, 11.0, 2.5 ] },
								"down": { "texture": "#utzathudal", "uv": [ 0.0, 0.0, 1.0, 1.0 ], "enabled": false }
							}
						}
					]
				},
				{
					"name": "main9",
					"from": [ -1.5, 0.0, 4.5 ], 
					"to": [ 0.5, 0.5, 6.5 ], 
					"rotationOrigin": [ -0.5, 0.0, 5.5 ],
					"rotationY": -19.0,
					"faces": {
						"north": { "texture": "#utzathudal", "uv": [ 3.5, 13.5, 5.5, 14.0 ] },
						"east": { "texture": "#utzathudal", "uv": [ 2.0, 8.0, 4.0, 8.5 ] },
						"south": { "texture": "#utzathudal", "uv": [ 4.0, 11.0, 6.0, 11.5 ] },
						"west": { "texture": "#utzathudal", "uv": [ 3.5, 13.0, 5.5, 13.5 ] },
						"up": { "texture": "#utzathudal", "uv": [ 3.5, 9.5, 5.5, 11.5 ] },
						"down": { "texture": "#utzathudal", "uv": [ 11.0, 10.0, 13.0, 12.0 ] }
					},
					"children": [
						{
							"name": "top10",
							"from": [ 0.3, 0.5, 0.3 ], 
							"to": [ 1.7, 1.0, 1.7 ], 
							"rotationOrigin": [ 2.0, 0.4, 1.0 ],
							"faces": {
								"north": { "texture": "#utzathudal", "uv": [ 4.5, 13.0, 5.5, 13.5 ] },
								"east": { "texture": "#utzathudal", "uv": [ 5.5, 12.0, 6.5, 12.5 ] },
								"south": { "texture": "#utzathudal", "uv": [ 1.5, 11.0, 2.5, 11.5 ] },
								"west": { "texture": "#utzathudal", "uv": [ 3.0, 13.5, 4.0, 14.0 ] },
								"up": { "texture": "#utzathudal", "uv": [ 5.5, 12.5, 6.5, 13.5 ] },
								"down": { "texture": "#utzathudal", "uv": [ 8.5, 4.0, 9.5, 5.0 ], "enabled": false }
							}
						}
					]
				},
				{
					"name": "small",
					"from": [ 5.9, 0.0, 0.2 ], 
					"to": [ 6.9, 1.0, 1.2 ], 
					"rotationOrigin": [ 6.3, 0.0, 0.7 ],
					"rotationY": 54.9,
					"faces": {
						"north": { "texture": "#utzathudal", "uv": [ 5.5, 5.0, 6.5, 6.0 ] },
						"east": { "texture": "#utzathudal", "uv": [ 5.5, 4.0, 6.5, 5.0 ] },
						"south": { "texture": "#utzathudal", "uv": [ 5.5, 1.5, 6.5, 2.5 ] },
						"west": { "texture": "#utzathudal", "uv": [ 4.5, 0.5, 5.5, 1.5 ] },
						"up": { "texture": "#utzathudal", "uv": [ 5.5, 5.5, 6.5, 6.5 ] },
						"down": { "texture": "#utzathudal", "uv": [ 4.0, 7.0, 5.0, 8.0 ] }
					}
				},
				{
					"name": "small12",
					"from": [ -5.1, 0.0, 5.2 ], 
					"to": [ -4.1, 1.0, 6.2 ], 
					"rotationOrigin": [ -4.7, 0.0, 5.7 ],
					"rotationY": 69.0,
					"faces": {
						"north": { "texture": "#utzathudal", "uv": [ 5.5, 5.0, 6.5, 6.0 ] },
						"east": { "texture": "#utzathudal", "uv": [ 5.5, 4.0, 6.5, 5.0 ] },
						"south": { "texture": "#utzathudal", "uv": [ 5.5, 1.5, 6.5, 2.5 ] },
						"west": { "texture": "#utzathudal", "uv": [ 4.5, 0.5, 5.5, 1.5 ] },
						"up": { "texture": "#utzathudal", "uv": [ 5.5, 5.5, 6.5, 6.5 ] },
						"down": { "texture": "#utzathudal", "uv": [ 4.0, 7.0, 5.0, 8.0 ] }
					}
				},
				{
					"name": "small13",
					"from": [ -5.1, 0.0, -5.8 ], 
					"to": [ -4.1, 1.0, -4.8 ], 
					"rotationOrigin": [ -4.7, 0.0, -5.3 ],
					"rotationY": 42.0,
					"faces": {
						"north": { "texture": "#utzathudal", "uv": [ 5.5, 5.0, 6.5, 6.0 ] },
						"east": { "texture": "#utzathudal", "uv": [ 5.5, 4.0, 6.5, 5.0 ] },
						"south": { "texture": "#utzathudal", "uv": [ 5.5, 1.5, 6.5, 2.5 ] },
						"west": { "texture": "#utzathudal", "uv": [ 4.5, 0.5, 5.5, 1.5 ] },
						"up": { "texture": "#utzathudal", "uv": [ 5.5, 5.5, 6.5, 6.5 ] },
						"down": { "texture": "#utzathudal", "uv": [ 4.0, 7.0, 5.0, 8.0 ] }
					}
				},
				{
					"name": "large1",
					"from": [ -6.0, 0.0, 0.0 ], 
					"to": [ -3.0, 1.0, 3.0 ], 
					"rotationOrigin": [ -4.5, 0.0, 1.5 ],
					"rotationY": 36.0,
					"faces": {
						"north": { "texture": "#utzathudal", "uv": [ 1.0, 9.5, 4.0, 10.5 ] },
						"east": { "texture": "#utzathudal", "uv": [ 3.0, 8.0, 6.0, 9.0 ] },
						"south": { "texture": "#utzathudal", "uv": [ 3.0, 10.5, 6.0, 11.5 ] },
						"west": { "texture": "#utzathudal", "uv": [ 2.0, 9.0, 5.0, 10.0 ] },
						"up": { "texture": "#utzathudal", "uv": [ 2.5, 3.0, 5.5, 6.0 ] },
						"down": { "texture": "#utzathudal", "uv": [ 3.5, 9.5, 6.5, 12.5 ] }
					},
					"children": [
						{
							"name": "Cube1",
							"from": [ 0.5, 1.0, 0.5 ], 
							"to": [ 2.5, 1.5, 2.5 ], 
							"rotationOrigin": [ 1.5, 1.0, 1.5 ],
							"faces": {
								"north": { "texture": "#utzathudal", "uv": [ 4.0, 5.5, 6.0, 6.0 ] },
								"east": { "texture": "#utzathudal", "uv": [ 2.5, 3.0, 4.5, 3.5 ] },
								"south": { "texture": "#utzathudal", "uv": [ 1.0, 3.0, 3.0, 3.5 ] },
								"west": { "texture": "#utzathudal", "uv": [ 3.0, 4.0, 5.0, 4.5 ] },
								"up": { "texture": "#utzathudal", "uv": [ 2.0, 3.5, 4.0, 5.5 ] },
								"down": { "texture": "#utzathudal", "uv": [ 0.0, 0.0, 2.0, 2.0 ], "enabled": false }
							}
						}
					]
				}
			]
		}
	]}