{
	"editor": {
		"collapsedPaths": "Root/origin/small24,Root/origin/small,Root/origin/small22",
		"allAngles": false,
		"entityTextureMode": false
	},
	"textureWidth": 16,
	"textureHeight": 16,
	"textureSizes": {
	},
	"textures": {
		"mycelium2": "block/plant/mushroom/mycelium2",
		"dimplecup": "block/plant/mushroom/dimplecup/dimplecup",
		"pores": "block/plant/mushroom/pores"
	},
	"elements": [
		{
			"name": "origin",
			"from": [ 8.0, 0.0, 8.0 ],
			"to": [ 8.0, 0.0, 8.0 ],
			"rotationOrigin": [ 8.0, 0.0, 8.0 ],
			"faces": {
			},
			"children": [
				{
					"name": "tiny22",
					"from": [ 2.1, -0.1, -2.9 ],
					"to": [ 3.1, 0.4, -1.9 ],
					"rotationOrigin": [ 2.6, -0.1, -2.4 ],
					"rotationX": -3.0,
					"rotationY": -14.0,
					"rotationZ": -5.0,
					"faces": {
						"north": { "texture": "#dimplecup", "uv": [ 3.0, 13.0, 4.0, 13.5 ] },
						"east": { "texture": "#dimplecup", "uv": [ 7.0, 14.0, 8.0, 14.5 ] },
						"south": { "texture": "#dimplecup", "uv": [ 8.0, 9.5, 9.0, 10.0 ] },
						"west": { "texture": "#dimplecup", "uv": [ 9.0, 9.0, 10.0, 9.5 ] },
						"down": { "texture": "#dimplecup", "uv": [ 2.0, 14.0, 3.0, 15.0 ] }
					},
					"children": [
						{
							"name": "Cube26",
							"from": [ -0.2, 0.5, -0.2 ],
							"to": [ 1.3, 2.0, 1.3 ],
							"faces": {
								"north": { "texture": "#dimplecup", "uv": [ 2.5, 2.0, 4.0, 3.5 ] },
								"east": { "texture": "#dimplecup", "uv": [ 5.5, 2.5, 7.0, 4.0 ] },
								"south": { "texture": "#dimplecup", "uv": [ 1.5, 3.5, 3.0, 5.0 ] },
								"west": { "texture": "#dimplecup", "uv": [ 4.5, 3.0, 6.0, 4.5 ] },
								"up": { "texture": "#dimplecup", "uv": [ 4.5, 4.5, 6.0, 6.0 ] },
								"down": { "texture": "#pores", "uv": [ 0.5, 13.0, 2.0, 14.5 ] }
							}
						}
					]
				},
				{
					"name": "tiny20",
					"from": [ -3.5, 0.0, -3.6 ],
					"to": [ -2.5, 0.5, -2.6 ],
					"rotationOrigin": [ -3.0, 0.0, -3.1 ],
					"rotationX": -3.0,
					"rotationY": 67.5,
					"rotationZ": 5.0,
					"faces": {
						"north": { "texture": "#dimplecup", "uv": [ 3.0, 13.0, 4.0, 13.5 ] },
						"east": { "texture": "#dimplecup", "uv": [ 8.5, 12.5, 9.5, 13.0 ] },
						"south": { "texture": "#dimplecup", "uv": [ 3.5, 9.0, 4.5, 9.5 ] },
						"west": { "texture": "#dimplecup", "uv": [ 9.0, 9.0, 10.0, 9.5 ] },
						"down": { "texture": "#dimplecup", "uv": [ 2.0, 14.0, 3.0, 15.0 ] }
					},
					"children": [
						{
							"name": "Cube21",
							"from": [ -0.2, 0.5, -0.2 ],
							"to": [ 1.3, 1.5, 1.3 ],
							"faces": {
								"north": { "texture": "#dimplecup", "uv": [ 4.0, 5.5, 5.5, 6.5 ] },
								"east": { "texture": "#dimplecup", "uv": [ 4.0, 3.5, 5.5, 4.5 ] },
								"south": { "texture": "#dimplecup", "uv": [ 4.5, 4.5, 6.0, 5.5 ] },
								"west": { "texture": "#dimplecup", "uv": [ 3.5, 6.5, 5.0, 7.5 ] },
								"up": { "texture": "#dimplecup", "uv": [ 3.0, 5.0, 4.5, 6.5 ] },
								"down": { "texture": "#pores", "uv": [ 1.5, 11.5, 3.0, 13.0 ] }
							}
						}
					]
				},
				{
					"name": "tiny24",
					"from": [ -4.3, 0.0, 2.0 ],
					"to": [ -2.8, 0.5, 3.5 ],
					"rotationOrigin": [ -3.3, 0.0, 3.0 ],
					"rotationX": 1.0,
					"rotationY": -22.5,
					"rotationZ": 2.0,
					"faces": {
						"north": { "texture": "#dimplecup", "uv": [ 3.0, 13.0, 4.5, 13.5 ] },
						"east": { "texture": "#dimplecup", "uv": [ 7.0, 11.5, 8.5, 12.0 ] },
						"south": { "texture": "#dimplecup", "uv": [ 4.0, 11.5, 5.5, 12.0 ] },
						"west": { "texture": "#dimplecup", "uv": [ 2.5, 13.5, 4.0, 14.0 ] },
						"down": { "texture": "#dimplecup", "uv": [ 2.0, 14.0, 3.5, 15.5 ] }
					},
					"children": [
						{
							"name": "Cube25",
							"from": [ -0.2, 0.5, -0.2 ],
							"to": [ 1.8, 2.0, 1.8 ],
							"faces": {
								"north": { "texture": "#dimplecup", "uv": [ 4.0, 4.0, 6.0, 5.5 ] },
								"east": { "texture": "#dimplecup", "uv": [ 3.0, 2.5, 5.0, 4.0 ] },
								"south": { "texture": "#dimplecup", "uv": [ 3.5, 4.0, 5.5, 5.5 ] },
								"west": { "texture": "#dimplecup", "uv": [ 5.0, 3.5, 7.0, 5.0 ] },
								"up": { "texture": "#dimplecup", "uv": [ 4.0, 5.0, 6.0, 7.0 ] },
								"down": { "texture": "#pores", "uv": [ 3.5, 8.5, 5.5, 10.5 ] }
							}
						}
					]
				},
				{
					"name": "tiny21",
					"from": [ -3.1, 0.0, 0.2 ],
					"to": [ -2.1, 0.5, 1.2 ],
					"rotationOrigin": [ -2.6, 0.0, 0.7 ],
					"rotationX": 3.0,
					"rotationZ": 2.0,
					"faces": {
						"north": { "texture": "#dimplecup", "uv": [ 3.0, 13.0, 4.0, 13.5 ] },
						"east": { "texture": "#dimplecup", "uv": [ 4.5, 14.0, 5.5, 14.5 ] },
						"south": { "texture": "#dimplecup", "uv": [ 3.0, 9.0, 4.0, 9.5 ] },
						"west": { "texture": "#dimplecup", "uv": [ 5.5, 14.5, 6.5, 15.0 ] },
						"down": { "texture": "#dimplecup", "uv": [ 2.0, 14.5, 3.0, 15.5 ] }
					},
					"children": [
						{
							"name": "Cube22",
							"from": [ -0.2, 0.5, -0.2 ],
							"to": [ 1.3, 1.0, 1.3 ],
							"faces": {
								"north": { "texture": "#dimplecup", "uv": [ 4.5, 5.0, 6.0, 5.5 ] },
								"east": { "texture": "#dimplecup", "uv": [ 5.0, 6.5, 6.5, 7.0 ] },
								"south": { "texture": "#dimplecup", "uv": [ 5.0, 2.5, 6.5, 3.0 ] },
								"west": { "texture": "#dimplecup", "uv": [ 2.5, 5.5, 4.0, 6.0 ] },
								"up": { "texture": "#dimplecup", "uv": [ 4.0, 5.0, 5.5, 6.5 ] },
								"down": { "texture": "#pores", "uv": [ 0.0, 12.5, 1.5, 14.0 ] }
							}
						}
					]
				},
				{
					"name": "large",
					"from": [ 0.0, 0.0, -1.4 ],
					"to": [ 2.0, 4.0, 0.6 ],
					"rotationOrigin": [ 1.0, 0.0, -0.4 ],
					"rotationX": -3.0,
					"rotationZ": -2.0,
					"faces": {
						"north": { "texture": "#dimplecup", "uv": [ 6.0, 10.5, 8.0, 14.5 ] },
						"east": { "texture": "#dimplecup", "uv": [ 10.5, 10.0, 12.5, 14.0 ] },
						"south": { "texture": "#dimplecup", "uv": [ 5.0, 12.0, 7.0, 16.0 ] },
						"west": { "texture": "#dimplecup", "uv": [ 1.5, 11.0, 3.5, 15.0 ] },
						"down": { "texture": "#dimplecup", "uv": [ 5.5, 11.0, 7.5, 13.0 ] }
					},
					"children": [
						{
							"name": "Cube16",
							"from": [ -1.5, 4.0, -1.5 ],
							"to": [ 3.5, 5.5, 3.5 ],
							"rotationOrigin": [ -0.3, 0.0, -0.3 ],
							"faces": {
								"north": { "texture": "#dimplecup", "uv": [ 1.0, 5.5, 6.0, 7.0 ] },
								"east": { "texture": "#dimplecup", "uv": [ 2.0, 2.0, 7.0, 3.5 ] },
								"south": { "texture": "#dimplecup", "uv": [ 1.5, 4.0, 6.5, 5.5 ] },
								"west": { "texture": "#dimplecup", "uv": [ 3.5, 4.5, 8.5, 6.0 ] },
								"up": { "texture": "#dimplecup", "uv": [ 2.0, 3.0, 7.0, 8.0 ] },
								"down": { "texture": "#pores", "uv": [ 2.0, 11.0, 7.0, 16.0 ] }
							},
							"children": [
								{
									"name": "Cube23",
									"from": [ 0.5, 1.5, 0.5 ],
									"to": [ 4.5, 2.0, 4.5 ],
									"rotationOrigin": [ -4.0, -0.5, -4.0 ],
									"faces": {
										"north": { "texture": "#dimplecup", "uv": [ 0.5, 6.0, 4.5, 6.5 ] },
										"east": { "texture": "#dimplecup", "uv": [ 2.0, 4.5, 6.0, 5.0 ] },
										"south": { "texture": "#dimplecup", "uv": [ 3.0, 5.0, 7.0, 5.5 ] },
										"west": { "texture": "#dimplecup", "uv": [ 2.5, 7.0, 6.5, 7.5 ] },
										"up": { "texture": "#dimplecup", "uv": [ 1.5, 1.0, 5.5, 5.0 ] }
									},
									"children": [
										{
											"name": "Cube24",
											"from": [ 1.0, 0.5, 1.0 ],
											"to": [ 3.0, 1.0, 3.0 ],
											"rotationOrigin": [ 4.0, 0.0, 4.0 ],
											"faces": {
												"north": { "texture": "#dimplecup", "uv": [ 4.5, 4.5, 6.5, 5.0 ] },
												"east": { "texture": "#dimplecup", "uv": [ 2.5, 4.5, 4.5, 5.0 ] },
												"south": { "texture": "#dimplecup", "uv": [ 5.0, 2.5, 7.0, 3.0 ] },
												"west": { "texture": "#dimplecup", "uv": [ 2.5, 6.5, 4.5, 7.0 ] },
												"up": { "texture": "#dimplecup", "uv": [ 2.0, 3.0, 4.0, 5.0 ] }
											}
										}
									]
								}
							]
						}
					]
				},
				{
					"name": "medium",
					"from": [ -1.2, 0.0, 2.0 ],
					"to": [ 0.8, 1.0, 4.0 ],
					"rotationOrigin": [ -0.2, 0.0, 3.0 ],
					"rotationX": -4.0,
					"rotationY": -15.0,
					"faces": {
						"north": { "texture": "#dimplecup", "uv": [ 3.0, 13.0, 5.0, 14.0 ] },
						"east": { "texture": "#dimplecup", "uv": [ 5.0, 12.5, 7.0, 13.5 ] },
						"south": { "texture": "#dimplecup", "uv": [ 4.0, 13.0, 6.0, 14.0 ] },
						"west": { "texture": "#dimplecup", "uv": [ 3.0, 14.5, 5.0, 15.5 ] },
						"down": { "texture": "#dimplecup", "uv": [ 3.5, 13.0, 5.5, 15.0 ] }
					},
					"children": [
						{
							"name": "Cube2",
							"from": [ -0.5, 1.0, -0.5 ],
							"to": [ 2.5, 2.5, 2.5 ],
							"faces": {
								"north": { "texture": "#dimplecup", "uv": [ 12.5, 4.5, 15.5, 6.0 ] },
								"east": { "texture": "#dimplecup", "uv": [ 10.0, 4.0, 13.0, 5.5 ] },
								"south": { "texture": "#dimplecup", "uv": [ 10.5, 5.0, 13.5, 6.5 ] },
								"west": { "texture": "#dimplecup", "uv": [ 10.0, 3.5, 13.0, 5.0 ] },
								"up": { "texture": "#dimplecup", "uv": [ 10.0, 2.0, 13.0, 5.0 ] },
								"down": { "texture": "#pores", "uv": [ 0.5, 11.0, 3.5, 14.0 ] }
							},
							"children": [
								{
									"name": "Cube3",
									"from": [ 0.5, 1.5, 0.5 ],
									"to": [ 2.5, 2.0, 2.5 ],
									"faces": {
										"north": { "texture": "#dimplecup", "uv": [ 10.0, 3.5, 12.0, 4.0 ] },
										"east": { "texture": "#dimplecup", "uv": [ 11.0, 4.5, 13.0, 5.0 ] },
										"south": { "texture": "#dimplecup", "uv": [ 12.5, 3.0, 14.5, 3.5 ] },
										"west": { "texture": "#dimplecup", "uv": [ 11.0, 4.0, 13.0, 4.5 ] },
										"up": { "texture": "#dimplecup", "uv": [ 11.0, 3.0, 13.0, 5.0 ] }
									}
								}
							]
						}
					]
				},
				{
					"name": "Cube1",
					"from": [ -5.0, 0.1, -5.0 ],
					"to": [ 5.0, 0.1, 5.0 ],
					"renderPass": 3,
					"rotationOrigin": [ 0.0, 0.1, 0.0 ],
					"faces": {
						"up": { "texture": "#mycelium2", "uv": [ 3.0, 3.0, 13.0, 13.0 ] }
					}
				}
			]
		}
	]}