[
  {
    "file": "game:itemtypes/part/rod.json",
    "op": "addmerge",
    "path": "/variantgroups/0/states/-",
    "value": "brass"
  },
  {
    "file": "game:itemtypes/part/rod.json",
    "op": "addmerge",
    "path": "/combustiblePropsByType/rod-brass",
    "value": {
      "meltingPoint": 920,
      "meltingDuration": 30,
      "smeltedRatio": 1,
      "smeltedStack": {
        "type": "item",
        "code": "game:ingot-brass"
      }
    }
  },
  {
    "file": "game:itemtypes/part/rod.json",
    "op": "addmerge",
    "path": "/materialDensityByType/*-brass",
    "value": 8500
  }
]