{
	"editor": {
		"allAngles": true,
		"entityTextureMode": false
	},
	"textureWidth": 16,
	"textureHeight": 16,
	"textureSizes": {
	},
	"textures": {
		"waxcap": "block/plant/mushroom/waxcap/waxcap"
	},
	"elements": [
		{
			"name": "origin",
			"from": [ 8.0, 0.0, 8.0 ], 
			"to": [ 8.0, 0.0, 8.0 ], 
			"rotationOrigin": [ 8.0, 0.0, 8.0 ],
			"faces": {
				"north": { "texture": "#waxcap", "uv": [ 0.0, 0.0, 0.5, 0.5 ], "enabled": false },
				"east": { "texture": "#waxcap", "uv": [ 0.0, 0.0, 0.5, 0.5 ], "enabled": false },
				"south": { "texture": "#waxcap", "uv": [ 0.0, 0.0, 0.5, 0.5 ], "enabled": false },
				"west": { "texture": "#waxcap", "uv": [ 0.0, 0.0, 0.5, 0.5 ], "enabled": false },
				"up": { "texture": "#waxcap", "uv": [ 0.0, 0.0, 0.5, 0.5 ], "enabled": false },
				"down": { "texture": "#waxcap", "uv": [ 0.0, 0.0, 0.5, 0.5 ], "enabled": false }
			},
			"children": [
				{
					"name": "tiny",
					"from": [ 3.0, -0.1, -3.5 ], 
					"to": [ 4.0, 0.9, -2.5 ], 
					"rotationOrigin": [ 3.5, -0.1, -3.0 ],
					"rotationX": 4.0,
					"rotationY": 16.000001053432165,
					"rotationZ": -7.0,
					"faces": {
						"north": { "texture": "#waxcap", "uv": [ 1.5, 10.0, 2.5, 11.0 ] },
						"east": { "texture": "#waxcap", "uv": [ 1.5, 7.5, 2.5, 8.5 ] },
						"south": { "texture": "#waxcap", "uv": [ 0.0, 7.5, 1.0, 8.5 ] },
						"west": { "texture": "#waxcap", "uv": [ 0.0, 8.5, 1.0, 9.5 ] },
						"up": { "texture": "#waxcap", "uv": [ 4.0, 5.0, 5.0, 6.0 ] },
						"down": { "texture": "#waxcap", "uv": [ 1.0, 9.0, 2.0, 10.0 ] }
					}
				},
				{
					"name": "tiny13",
					"from": [ -3.0, -0.3, 2.0 ], 
					"to": [ -2.0, 1.2, 3.0 ], 
					"rotationOrigin": [ -2.5, -0.3, 2.5 ],
					"rotationX": 5.0,
					"rotationY": 14.99998848273884,
					"rotationZ": -8.0,
					"faces": {
						"north": { "texture": "#waxcap", "uv": [ 9.0, 10.5, 10.0, 12.0 ] },
						"east": { "texture": "#waxcap", "uv": [ 8.5, 10.0, 9.5, 11.5 ] },
						"south": { "texture": "#waxcap", "uv": [ 10.0, 11.0, 11.0, 12.5 ] },
						"west": { "texture": "#waxcap", "uv": [ 8.0, 9.0, 9.0, 10.5 ] },
						"up": { "texture": "#waxcap", "uv": [ 4.0, 5.0, 5.0, 6.0 ] },
						"down": { "texture": "#waxcap", "uv": [ 7.5, 11.0, 8.5, 12.0 ] }
					}
				},
				{
					"name": "tiny20",
					"from": [ 0.0, -0.1, 4.0 ], 
					"to": [ 1.0, 0.4, 5.0 ], 
					"rotationOrigin": [ 0.5, -0.1, 4.5 ],
					"rotationX": 4.0,
					"rotationY": 36.999995251110676,
					"rotationZ": 4.0,
					"faces": {
						"north": { "texture": "#waxcap", "uv": [ 1.0, 9.5, 2.0, 10.0 ] },
						"east": { "texture": "#waxcap", "uv": [ 1.0, 9.0, 2.0, 9.5 ] },
						"south": { "texture": "#waxcap", "uv": [ 2.0, 10.0, 3.0, 10.5 ] },
						"west": { "texture": "#waxcap", "uv": [ 0.5, 10.5, 1.5, 11.0 ] },
						"up": { "texture": "#waxcap", "uv": [ 4.0, 5.0, 5.0, 6.0 ] },
						"down": { "texture": "#waxcap", "uv": [ 3.0, 8.0, 4.0, 9.0 ] }
					}
				},
				{
					"name": "large",
					"from": [ 0.6941, -0.1, 0.1381 ], 
					"to": [ 2.1941, 0.9, 1.6381 ], 
					"rotationOrigin": [ 1.1941, -0.1, 0.8381 ],
					"rotationY": -22.50000022689532,
					"rotationZ": -6.0,
					"faces": {
						"north": { "texture": "#waxcap", "uv": [ 3.5, 10.5, 5.0, 11.5 ] },
						"east": { "texture": "#waxcap", "uv": [ 4.0, 10.0, 5.5, 11.0 ] },
						"south": { "texture": "#waxcap", "uv": [ 4.0, 10.0, 5.5, 11.0 ] },
						"west": { "texture": "#waxcap", "uv": [ 4.0, 9.5, 5.5, 10.5 ] },
						"up": { "texture": "#waxcap", "uv": [ 4.0, 5.0, 5.5, 6.5 ] },
						"down": { "texture": "#waxcap", "uv": [ 4.0, 12.5, 5.5, 14.0 ] }
					}
				},
				{
					"name": "medium small",
					"from": [ -4.77, -0.3, -1.1533 ], 
					"to": [ -3.77, 1.2, -0.1533 ], 
					"rotationOrigin": [ -4.2706, -0.3, -0.6533 ],
					"rotationX": 19.0,
					"rotationY": -22.50000022689532,
					"rotationZ": 6.0,
					"faces": {
						"north": { "texture": "#waxcap", "uv": [ 1.0, 10.0, 2.0, 11.5 ] },
						"east": { "texture": "#waxcap", "uv": [ 2.0, 9.5, 3.0, 11.0 ] },
						"south": { "texture": "#waxcap", "uv": [ 2.0, 9.5, 3.0, 11.0 ] },
						"west": { "texture": "#waxcap", "uv": [ 2.5, 8.0, 3.5, 9.5 ] },
						"up": { "texture": "#waxcap", "uv": [ 4.0, 5.0, 5.0, 6.0 ] },
						"down": { "texture": "#waxcap", "uv": [ 4.0, 8.0, 5.0, 9.0 ] }
					}
				},
				{
					"name": "stem16",
					"from": [ -1.5, -0.3, 5.5 ], 
					"to": [ -0.5, 0.7, 6.5 ], 
					"rotationOrigin": [ -1.0, -0.3, 6.0 ],
					"rotationX": 3.9999997336870456,
					"rotationY": -18.99999805363589,
					"rotationZ": 21.99999735022694,
					"faces": {
						"north": { "texture": "#waxcap", "uv": [ 1.0, 7.0, 2.0, 8.0 ] },
						"east": { "texture": "#waxcap", "uv": [ 2.0, 10.0, 3.0, 11.0 ] },
						"south": { "texture": "#waxcap", "uv": [ 1.0, 8.5, 2.0, 9.5 ] },
						"west": { "texture": "#waxcap", "uv": [ 1.0, 8.5, 2.0, 9.5 ] },
						"up": { "texture": "#waxcap", "uv": [ 5.5, 5.0, 6.5, 6.0 ] },
						"down": { "texture": "#waxcap", "uv": [ 2.0, 12.5, 3.0, 13.5 ] }
					}
				},
				{
					"name": "stem23",
					"from": [ 1.5, -0.3, -6.5 ], 
					"to": [ 2.5, 1.2, -5.5 ], 
					"rotationOrigin": [ 2.0, -0.3, -6.0 ],
					"rotationX": -9.000000695622022,
					"rotationY": -36.0000016565325,
					"rotationZ": 3.999999645614903,
					"faces": {
						"north": { "texture": "#waxcap", "uv": [ 2.0, 7.5, 3.0, 9.0 ] },
						"east": { "texture": "#waxcap", "uv": [ 1.5, 8.5, 2.5, 10.0 ] },
						"south": { "texture": "#waxcap", "uv": [ 1.5, 7.5, 2.5, 9.0 ] },
						"west": { "texture": "#waxcap", "uv": [ 2.5, 9.0, 3.5, 10.5 ] },
						"up": { "texture": "#waxcap", "uv": [ 4.0, 5.5, 5.0, 6.5 ] },
						"down": { "texture": "#waxcap", "uv": [ 3.5, 10.0, 4.5, 11.0 ] }
					}
				},
				{
					"name": "stem30",
					"from": [ -5.5, -0.3, 2.5 ], 
					"to": [ -4.5, 0.2, 3.5 ], 
					"rotationOrigin": [ -5.0, -0.3, 3.0 ],
					"rotationX": 2.9999997728214387,
					"rotationY": 27.999999179271715,
					"rotationZ": 5.999999919419581,
					"faces": {
						"north": { "texture": "#waxcap", "uv": [ 2.5, 7.0, 3.5, 7.5 ] },
						"east": { "texture": "#waxcap", "uv": [ 1.5, 9.5, 2.5, 10.0 ] },
						"south": { "texture": "#waxcap", "uv": [ 1.0, 9.0, 2.0, 9.5 ] },
						"west": { "texture": "#waxcap", "uv": [ 1.5, 8.0, 2.5, 8.5 ] },
						"up": { "texture": "#waxcap", "uv": [ 4.5, 6.5, 5.5, 7.5 ] },
						"down": { "texture": "#waxcap", "uv": [ 0.5, 9.5, 1.5, 10.5 ] }
					}
				},
				{
					"name": "stem37",
					"from": [ 2.6, -0.4, 5.6 ], 
					"to": [ 3.4, 0.6, 6.4 ], 
					"rotationOrigin": [ 3.0, -0.4, 6.0 ],
					"rotationX": 4.999999821399809,
					"faces": {
						"north": { "texture": "#waxcap", "uv": [ 1.0, 10.0, 1.5, 11.0 ] },
						"east": { "texture": "#waxcap", "uv": [ 1.5, 11.0, 2.0, 12.0 ] },
						"south": { "texture": "#waxcap", "uv": [ 1.0, 11.0, 1.5, 12.0 ] },
						"west": { "texture": "#waxcap", "uv": [ 1.0, 11.0, 1.5, 12.0 ] },
						"up": { "texture": "#waxcap", "uv": [ 7.0, 10.0, 7.5, 10.5 ] },
						"down": { "texture": "#waxcap", "uv": [ 0.5, 14.5, 1.0, 15.0 ] }
					}
				},
				{
					"name": "stem40",
					"from": [ -5.4, -0.4, -6.4 ], 
					"to": [ -4.6, 0.6, -5.6 ], 
					"rotationOrigin": [ -5.0, -0.4, -6.0 ],
					"rotationX": -16.999996469822783,
					"rotationY": 2.13443399843527E-7,
					"rotationZ": 18.99999807969852,
					"faces": {
						"north": { "texture": "#waxcap", "uv": [ 1.0, 10.0, 1.5, 11.0 ] },
						"east": { "texture": "#waxcap", "uv": [ 1.5, 11.0, 2.0, 12.0 ] },
						"south": { "texture": "#waxcap", "uv": [ 1.0, 11.0, 1.5, 12.0 ] },
						"west": { "texture": "#waxcap", "uv": [ 1.0, 11.0, 1.5, 12.0 ] },
						"up": { "texture": "#waxcap", "uv": [ 2.5, 10.0, 3.0, 10.5 ] },
						"down": { "texture": "#waxcap", "uv": [ 0.5, 14.5, 1.0, 15.0 ] }
					}
				}
			]
		}
	]}