{
	"editor": {
		"allAngles": true,
		"entityTextureMode": false
	},
	"textureWidth": 16,
	"textureHeight": 16,
	"textureSizes": {
	},
	"textures": {
		"waxcap": "block/plant/mushroom/waxcap/waxcap"
	},
	"elements": [
		{
			"name": "origin",
			"from": [ 8.0, 0.0, 8.0 ], 
			"to": [ 8.0, 0.0, 8.0 ], 
			"rotationOrigin": [ 8.0, 0.0, 8.0 ],
			"faces": {
				"north": { "texture": "#waxcap", "uv": [ 0.0, 0.0, 0.5, 0.5 ], "enabled": false },
				"east": { "texture": "#waxcap", "uv": [ 0.0, 0.0, 0.5, 0.5 ], "enabled": false },
				"south": { "texture": "#waxcap", "uv": [ 0.0, 0.0, 0.5, 0.5 ], "enabled": false },
				"west": { "texture": "#waxcap", "uv": [ 0.0, 0.0, 0.5, 0.5 ], "enabled": false },
				"up": { "texture": "#waxcap", "uv": [ 0.0, 0.0, 0.5, 0.5 ], "enabled": false },
				"down": { "texture": "#waxcap", "uv": [ 0.0, 0.0, 0.5, 0.5 ], "enabled": false }
			},
			"children": [
				{
					"name": "tiny20",
					"from": [ 2.0, 0.0, 2.0 ], 
					"to": [ 3.0, 0.5, 3.0 ], 
					"rotationOrigin": [ 2.5, 0.0, 2.5 ],
					"rotationY": -38.999984087261936,
					"faces": {
						"north": { "texture": "#waxcap", "uv": [ 0.5, 3.0, 1.5, 3.5 ] },
						"east": { "texture": "#waxcap", "uv": [ 0.5, 5.0, 1.5, 5.5 ] },
						"south": { "texture": "#waxcap", "uv": [ 0.0, 3.5, 1.0, 4.0 ] },
						"west": { "texture": "#waxcap", "uv": [ 0.0, 2.0, 1.0, 2.5 ] },
						"up": { "texture": "#waxcap", "uv": [ 4.0, 5.0, 5.0, 6.0 ] },
						"down": { "texture": "#waxcap", "uv": [ 0.5, 0.0, 1.5, 1.0 ] }
					}
				},
				{
					"name": "tiny",
					"from": [ 2.0, 0.0, -1.5001 ], 
					"to": [ 3.0, 1.0, -0.5001 ], 
					"rotationOrigin": [ 2.0, 0.0, -1.0001 ],
					"rotationY": 33.99999348987633,
					"faces": {
						"north": { "texture": "#waxcap", "uv": [ 0.5, 9.0, 1.5, 10.0 ] },
						"east": { "texture": "#waxcap", "uv": [ 1.0, 8.0, 2.0, 9.0 ] },
						"south": { "texture": "#waxcap", "uv": [ 0.0, 10.0, 1.0, 11.0 ] },
						"west": { "texture": "#waxcap", "uv": [ 0.0, 7.5, 1.0, 8.5 ] },
						"up": { "texture": "#waxcap", "uv": [ 4.0, 5.0, 5.0, 6.0 ] },
						"down": { "texture": "#waxcap", "uv": [ 0.5, 7.0, 1.5, 8.0 ] }
					}
				},
				{
					"name": "large",
					"from": [ -2.28, 0.0, -1.66 ], 
					"to": [ -0.78, 1.0, -0.16 ], 
					"rotationOrigin": [ -1.5825, 0.0, -0.9588 ],
					"rotationY": 23.999998622447034,
					"faces": {
						"north": { "texture": "#waxcap", "uv": [ 1.0, 11.5, 2.5, 12.5 ] },
						"east": { "texture": "#waxcap", "uv": [ 1.0, 11.0, 2.5, 12.0 ] },
						"south": { "texture": "#waxcap", "uv": [ 1.0, 10.5, 2.5, 11.5 ] },
						"west": { "texture": "#waxcap", "uv": [ 1.0, 11.0, 2.5, 12.0 ] },
						"up": { "texture": "#waxcap", "uv": [ 4.0, 8.5, 5.5, 10.0 ] },
						"down": { "texture": "#waxcap", "uv": [ 2.0, 12.5, 3.5, 14.0 ] }
					}
				},
				{
					"name": "tiny13",
					"from": [ -4.75, -0.2, 4.16 ], 
					"to": [ -3.75, 0.3, 5.16 ], 
					"rotationOrigin": [ -4.2534, -0.2, 4.6601 ],
					"rotationX": 9.0,
					"rotationY": 23.999998622447034,
					"faces": {
						"north": { "texture": "#waxcap", "uv": [ 10.0, 9.0, 11.0, 9.5 ] },
						"east": { "texture": "#waxcap", "uv": [ 9.5, 10.0, 10.5, 10.5 ] },
						"south": { "texture": "#waxcap", "uv": [ 10.5, 9.0, 11.5, 9.5 ] },
						"west": { "texture": "#waxcap", "uv": [ 10.5, 10.0, 11.5, 10.5 ] },
						"up": { "texture": "#waxcap", "uv": [ 5.0, 6.0, 6.0, 7.0 ] },
						"down": { "texture": "#waxcap", "uv": [ 10.0, 8.5, 11.0, 9.5 ] }
					}
				},
				{
					"name": "medium small",
					"from": [ -4.75, 0.0, -3.84 ], 
					"to": [ -3.75, 1.0, -2.84 ], 
					"rotationOrigin": [ -4.25, 0.0, -3.34 ],
					"rotationY": -22.0,
					"rotationZ": 4.0,
					"faces": {
						"north": { "texture": "#waxcap", "uv": [ 5.5, 12.5, 6.5, 13.5 ] },
						"east": { "texture": "#waxcap", "uv": [ 11.0, 6.0, 12.0, 7.0 ] },
						"south": { "texture": "#waxcap", "uv": [ 10.5, 5.0, 11.5, 6.0 ] },
						"west": { "texture": "#waxcap", "uv": [ 10.0, 7.0, 11.0, 8.0 ] },
						"up": { "texture": "#waxcap", "uv": [ 4.0, 5.0, 5.0, 6.0 ] },
						"down": { "texture": "#waxcap", "uv": [ 10.5, 1.5, 11.5, 2.5 ] }
					}
				},
				{
					"name": "tiny19",
					"from": [ 1.0, -0.3, 4.5 ], 
					"to": [ 2.0, 0.2, 5.5 ], 
					"rotationOrigin": [ 1.5, -0.3, 4.9999 ],
					"rotationX": 10.0,
					"rotationZ": 6.0,
					"faces": {
						"north": { "texture": "#waxcap", "uv": [ 10.5, 11.0, 11.5, 11.5 ] },
						"east": { "texture": "#waxcap", "uv": [ 10.5, 10.5, 11.5, 11.0 ] },
						"south": { "texture": "#waxcap", "uv": [ 9.0, 9.0, 10.0, 9.5 ] },
						"west": { "texture": "#waxcap", "uv": [ 10.0, 7.5, 11.0, 8.0 ] },
						"up": { "texture": "#waxcap", "uv": [ 4.0, 5.0, 5.0, 6.0 ] },
						"down": { "texture": "#waxcap", "uv": [ 9.0, 7.5, 10.0, 8.5 ] }
					}
				},
				{
					"name": "stem9",
					"from": [ 3.5, 0.0, -0.5 ], 
					"to": [ 4.3, 1.0, 0.3 ], 
					"rotationOrigin": [ 3.9, 0.0, -0.1 ],
					"faces": {
						"north": { "texture": "#waxcap", "uv": [ 1.0, 10.0, 1.5, 11.0 ] },
						"east": { "texture": "#waxcap", "uv": [ 1.5, 11.0, 2.0, 12.0 ] },
						"south": { "texture": "#waxcap", "uv": [ 1.0, 11.0, 1.5, 12.0 ] },
						"west": { "texture": "#waxcap", "uv": [ 1.0, 11.0, 1.5, 12.0 ] },
						"up": { "texture": "#waxcap", "uv": [ 7.5, 8.0, 8.0, 8.5 ] },
						"down": { "texture": "#waxcap", "uv": [ 0.5, 14.5, 1.0, 15.0 ] }
					}
				},
				{
					"name": "stem16",
					"from": [ 2.5, -0.7, 4.5 ], 
					"to": [ 3.5, 0.8, 5.5 ], 
					"rotationOrigin": [ 3.0, -0.7, 5.0 ],
					"rotationX": 14.000002969233734,
					"rotationY": -33.00000742151727,
					"rotationZ": -14.000002969233734,
					"faces": {
						"north": { "texture": "#waxcap", "uv": [ 3.0, 7.5, 4.0, 9.0 ] },
						"east": { "texture": "#waxcap", "uv": [ 4.0, 10.0, 5.0, 11.5 ] },
						"south": { "texture": "#waxcap", "uv": [ 2.5, 9.0, 3.5, 10.5 ] },
						"west": { "texture": "#waxcap", "uv": [ 1.5, 10.0, 2.5, 11.5 ] },
						"up": { "texture": "#waxcap", "uv": [ 4.5, 8.5, 5.5, 9.5 ] },
						"down": { "texture": "#waxcap", "uv": [ 3.5, 10.5, 4.5, 11.5 ] }
					}
				},
				{
					"name": "stem29",
					"from": [ 0.5, -0.2, -3.5 ], 
					"to": [ 1.3, 0.8, -2.7 ], 
					"rotationOrigin": [ 0.9, -0.2, -3.1 ],
					"rotationX": -18.999999902687243,
					"faces": {
						"north": { "texture": "#waxcap", "uv": [ 10.5, 14.0, 11.0, 15.0 ] },
						"east": { "texture": "#waxcap", "uv": [ 9.0, 13.0, 9.5, 14.0 ] },
						"south": { "texture": "#waxcap", "uv": [ 8.0, 13.0, 8.5, 14.0 ] },
						"west": { "texture": "#waxcap", "uv": [ 10.5, 13.5, 11.0, 14.5 ] },
						"up": { "texture": "#waxcap", "uv": [ 3.0, 9.5, 3.5, 10.0 ] },
						"down": { "texture": "#waxcap", "uv": [ 7.0, 15.5, 7.5, 16.0 ] }
					}
				}
			]
		}
	]}