{
	"editor": {
		"allAngles": true,
		"entityTextureMode": false
	},
	"textureWidth": 16,
	"textureHeight": 16,
	"textureSizes": {
	},
	"textures": {
		"waxcap": "block/plant/mushroom/waxcap/waxcap"
	},
	"elements": [
		{
			"name": "origin",
			"from": [ 8.0, 0.0, 8.0 ], 
			"to": [ 8.0, 0.0, 8.0 ], 
			"rotationOrigin": [ 8.0, 0.0, 8.0 ],
			"faces": {
				"north": { "texture": "#waxcap", "uv": [ 0.0, 0.0, 0.5, 0.5 ], "enabled": false },
				"east": { "texture": "#waxcap", "uv": [ 0.0, 0.0, 0.5, 0.5 ], "enabled": false },
				"south": { "texture": "#waxcap", "uv": [ 0.0, 0.0, 0.5, 0.5 ], "enabled": false },
				"west": { "texture": "#waxcap", "uv": [ 0.0, 0.0, 0.5, 0.5 ], "enabled": false },
				"up": { "texture": "#waxcap", "uv": [ 0.0, 0.0, 0.5, 0.5 ], "enabled": false },
				"down": { "texture": "#waxcap", "uv": [ 0.0, 0.0, 0.5, 0.5 ], "enabled": false }
			},
			"children": [
				{
					"name": "tiny14",
					"from": [ 4.0, 0.0, 5.0 ], 
					"to": [ 5.0, 0.5, 6.0 ], 
					"rotationOrigin": [ 4.5, 0.0, 5.5 ],
					"rotationY": -17.99999052904296,
					"faces": {
						"north": { "texture": "#waxcap", "uv": [ 0.5, 10.0, 1.5, 10.5 ] },
						"east": { "texture": "#waxcap", "uv": [ 1.5, 10.0, 2.5, 10.5 ] },
						"south": { "texture": "#waxcap", "uv": [ 0.0, 9.0, 1.0, 9.5 ] },
						"west": { "texture": "#waxcap", "uv": [ 1.0, 9.5, 2.0, 10.0 ] },
						"up": { "texture": "#waxcap", "uv": [ 4.0, 5.0, 5.0, 6.0 ] },
						"down": { "texture": "#waxcap", "uv": [ 1.5, 12.0, 2.5, 13.0 ] }
					}
				},
				{
					"name": "tiny18",
					"from": [ -6.0, 0.0, 1.0 ], 
					"to": [ -5.0, 1.0, 2.0 ], 
					"rotationOrigin": [ -5.5, 0.0, 1.5 ],
					"rotationX": 5.0,
					"rotationY": -61.999993089043635,
					"rotationZ": 3.0,
					"faces": {
						"north": { "texture": "#waxcap", "uv": [ 1.5, 8.5, 2.5, 9.5 ] },
						"east": { "texture": "#waxcap", "uv": [ 1.0, 9.0, 2.0, 10.0 ] },
						"south": { "texture": "#waxcap", "uv": [ 0.5, 10.0, 1.5, 11.0 ] },
						"west": { "texture": "#waxcap", "uv": [ 0.0, 11.0, 1.0, 12.0 ] },
						"up": { "texture": "#waxcap", "uv": [ 4.0, 5.0, 5.0, 6.0 ] },
						"down": { "texture": "#waxcap", "uv": [ 1.5, 13.0, 2.5, 14.0 ] }
					}
				},
				{
					"name": "tiny21",
					"from": [ 5.0, 0.0, -4.0 ], 
					"to": [ 6.0, 0.5, -3.0 ], 
					"rotationOrigin": [ 5.5, 0.0, -3.5 ],
					"rotationY": 12.999998661799959,
					"faces": {
						"north": { "texture": "#waxcap", "uv": [ 0.5, 10.0, 1.5, 10.5 ] },
						"east": { "texture": "#waxcap", "uv": [ 1.5, 9.0, 2.5, 9.5 ] },
						"south": { "texture": "#waxcap", "uv": [ 0.5, 9.5, 1.5, 10.0 ] },
						"west": { "texture": "#waxcap", "uv": [ 1.0, 11.0, 2.0, 11.5 ] },
						"up": { "texture": "#waxcap", "uv": [ 4.0, 5.0, 5.0, 6.0 ] },
						"down": { "texture": "#waxcap", "uv": [ 1.5, 9.5, 2.5, 10.5 ] }
					}
				},
				{
					"name": "medium stalk",
					"from": [ -3.15, -0.1, -7.22 ], 
					"to": [ -2.15, 0.4, -6.22 ], 
					"rotationOrigin": [ -2.6509, -0.1, -6.7237 ],
					"rotationX": 3.0,
					"rotationY": -21.99999793472787,
					"rotationZ": -5.0,
					"faces": {
						"north": { "texture": "#waxcap", "uv": [ 3.5, 11.5, 4.5, 12.0 ] },
						"east": { "texture": "#waxcap", "uv": [ 4.0, 11.0, 5.0, 11.5 ] },
						"south": { "texture": "#waxcap", "uv": [ 2.5, 10.5, 3.5, 11.0 ] },
						"west": { "texture": "#waxcap", "uv": [ 3.5, 12.0, 4.5, 12.5 ] },
						"up": { "texture": "#waxcap", "uv": [ 4.0, 5.0, 5.0, 6.0 ] },
						"down": { "texture": "#waxcap", "uv": [ 2.5, 11.5, 3.5, 12.5 ] }
					}
				},
				{
					"name": "medium small2",
					"from": [ -2.8491, -0.2, -0.7763 ], 
					"to": [ -1.8491, 0.3, 0.2237 ], 
					"rotationOrigin": [ -2.3491, -0.2, -0.2763 ],
					"rotationX": -8.0,
					"rotationY": -21.99999793472787,
					"rotationZ": -6.0,
					"faces": {
						"north": { "texture": "#waxcap", "uv": [ 5.5, 11.5, 6.5, 12.0 ] },
						"east": { "texture": "#waxcap", "uv": [ 3.0, 12.0, 4.0, 12.5 ] },
						"south": { "texture": "#waxcap", "uv": [ 1.0, 10.5, 2.0, 11.0 ] },
						"west": { "texture": "#waxcap", "uv": [ 2.0, 10.5, 3.0, 11.0 ] },
						"up": { "texture": "#waxcap", "uv": [ 5.0, 6.0, 6.0, 7.0 ] },
						"down": { "texture": "#waxcap", "uv": [ 1.5, 14.0, 2.5, 15.0 ] }
					}
				},
				{
					"name": "medium small",
					"from": [ 1.0, -0.3, -4.0 ], 
					"to": [ 2.0, 0.7, -3.0 ], 
					"rotationOrigin": [ 1.5, -0.3, -3.5 ],
					"rotationX": 14.0,
					"rotationY": 15.999999277071767,
					"rotationZ": -17.0,
					"faces": {
						"north": { "texture": "#waxcap", "uv": [ 1.0, 8.5, 2.0, 9.5 ] },
						"east": { "texture": "#waxcap", "uv": [ 2.5, 9.0, 3.5, 10.0 ] },
						"south": { "texture": "#waxcap", "uv": [ 2.0, 10.5, 3.0, 11.5 ] },
						"west": { "texture": "#waxcap", "uv": [ 1.0, 9.0, 2.0, 10.0 ] },
						"up": { "texture": "#waxcap", "uv": [ 4.0, 5.0, 5.0, 6.0 ] },
						"down": { "texture": "#waxcap", "uv": [ 2.5, 12.0, 3.5, 13.0 ] }
					}
				},
				{
					"name": "tiny20",
					"from": [ 2.69, 0.0, 0.76 ], 
					"to": [ 3.69, 0.5, 1.76 ], 
					"rotationOrigin": [ 3.1856, 0.0, 1.2631 ],
					"rotationY": 15.999999277071767,
					"faces": {
						"north": { "texture": "#waxcap", "uv": [ 1.5, 9.0, 2.5, 9.5 ] },
						"east": { "texture": "#waxcap", "uv": [ 0.0, 11.0, 1.0, 11.5 ] },
						"south": { "texture": "#waxcap", "uv": [ 1.0, 8.0, 2.0, 8.5 ] },
						"west": { "texture": "#waxcap", "uv": [ 1.0, 11.0, 2.0, 11.5 ] },
						"up": { "texture": "#waxcap", "uv": [ 4.0, 5.0, 5.0, 6.0 ] },
						"down": { "texture": "#waxcap", "uv": [ 1.0, 11.5, 2.0, 12.5 ] }
					}
				},
				{
					"name": "stem1",
					"from": [ 3.5, -0.5, -0.5 ], 
					"to": [ 4.5, 0.5, 0.5 ], 
					"rotationOrigin": [ 4.0, -0.5, 0.0 ],
					"rotationX": -5.999999733440205,
					"rotationY": -1.067216999217635E-7,
					"rotationZ": -25.000000788143964,
					"faces": {
						"north": { "texture": "#waxcap", "uv": [ 3.5, 7.0, 4.5, 8.0 ] },
						"east": { "texture": "#waxcap", "uv": [ 2.0, 9.0, 3.0, 10.0 ] },
						"south": { "texture": "#waxcap", "uv": [ 4.5, 8.0, 5.5, 9.0 ] },
						"west": { "texture": "#waxcap", "uv": [ 3.5, 11.0, 4.5, 12.0 ] },
						"up": { "texture": "#waxcap", "uv": [ 3.5, 2.5, 4.5, 3.5 ] },
						"down": { "texture": "#waxcap", "uv": [ 0.5, 12.0, 1.5, 13.0 ] }
					}
				},
				{
					"name": "stem9",
					"from": [ -4.5, -0.3, 3.5 ], 
					"to": [ -3.1, 1.2, 4.9 ], 
					"rotationOrigin": [ -4.0, -0.3, 4.0 ],
					"rotationX": 14.000000411303372,
					"rotationZ": 14.000000411303372,
					"faces": {
						"north": { "texture": "#waxcap", "uv": [ 1.0, 9.0, 2.0, 10.5 ] },
						"east": { "texture": "#waxcap", "uv": [ 2.5, 10.0, 3.5, 11.5 ] },
						"south": { "texture": "#waxcap", "uv": [ 2.0, 8.0, 3.0, 9.5 ] },
						"west": { "texture": "#waxcap", "uv": [ 2.0, 11.0, 3.0, 12.5 ] },
						"up": { "texture": "#waxcap", "uv": [ 6.5, 5.5, 7.5, 6.5 ] },
						"down": { "texture": "#waxcap", "uv": [ 1.5, 10.5, 2.5, 11.5 ] }
					}
				},
				{
					"name": "stem23",
					"from": [ -6.5, -0.2, -1.5 ], 
					"to": [ -5.9, 1.3, -0.9 ], 
					"rotationOrigin": [ -6.0, -0.2, -1.0 ],
					"rotationX": 6.999999451149396,
					"rotationZ": 9.000000150438852,
					"faces": {
						"north": { "texture": "#waxcap", "uv": [ 1.0, 9.0, 1.5, 10.5 ] },
						"east": { "texture": "#waxcap", "uv": [ 1.5, 11.0, 2.0, 12.5 ] },
						"south": { "texture": "#waxcap", "uv": [ 2.5, 11.0, 3.0, 12.5 ] },
						"west": { "texture": "#waxcap", "uv": [ 2.0, 7.0, 2.5, 8.5 ] },
						"up": { "texture": "#waxcap", "uv": [ 4.0, 4.0, 4.5, 4.5 ] },
						"down": { "texture": "#waxcap", "uv": [ 1.5, 10.0, 2.0, 10.5 ] }
					}
				},
				{
					"name": "stem29",
					"from": [ -0.5, -0.4, 3.5 ], 
					"to": [ 0.3, 1.1, 4.3 ], 
					"rotationOrigin": [ 0.0, -0.4, 4.0 ],
					"rotationX": -21.999997958807047,
					"rotationZ": 9.000000175481285,
					"faces": {
						"north": { "texture": "#waxcap", "uv": [ 1.0, 10.0, 1.5, 11.5 ] },
						"east": { "texture": "#waxcap", "uv": [ 1.5, 11.0, 2.0, 12.5 ] },
						"south": { "texture": "#waxcap", "uv": [ 1.5, 9.5, 2.0, 11.0 ] },
						"west": { "texture": "#waxcap", "uv": [ 1.5, 8.0, 2.0, 9.5 ] },
						"up": { "texture": "#waxcap", "uv": [ 6.0, 6.5, 6.5, 7.0 ] },
						"down": { "texture": "#waxcap", "uv": [ 2.0, 14.0, 2.5, 14.5 ] }
					}
				}
			]
		}
	]}