{
	"editor": {
		"allAngles": true,
		"entityTextureMode": false
	},
	"textureWidth": 16,
	"textureHeight": 16,
	"textureSizes": {
	},
	"textures": {
		"basiliskfang": "block/plant/mushroom/basiliskfang/basiliskfang"
	},
	"elements": [
		{
			"name": "origin",
			"from": [ 8.0, 0.0, 8.0 ], 
			"to": [ 8.0, 0.0, 8.0 ], 
			"rotationOrigin": [ 8.0, 0.0, 8.0 ],
			"faces": {
				"north": { "texture": "#basiliskfang", "uv": [ 0.0, 0.0, 0.5, 0.5 ], "enabled": false },
				"east": { "texture": "#basiliskfang", "uv": [ 0.0, 0.0, 0.5, 0.5 ], "enabled": false },
				"south": { "texture": "#basiliskfang", "uv": [ 0.0, 0.0, 0.5, 0.5 ], "enabled": false },
				"west": { "texture": "#basiliskfang", "uv": [ 0.0, 0.0, 0.5, 0.5 ], "enabled": false },
				"up": { "texture": "#basiliskfang", "uv": [ 0.0, 0.0, 0.5, 0.5 ], "enabled": false },
				"down": { "texture": "#basiliskfang", "uv": [ 0.0, 0.0, 0.5, 0.5 ], "enabled": false }
			},
			"children": [
				{
					"name": "stem1",
					"from": [ -4.8, 8.7, 8.0 ], 
					"to": [ -4.4, 10.7, 8.4 ], 
					"rotationOrigin": [ -4.6, 8.8, 8.3 ],
					"rotationX": -36.0,
					"rotationY": 28.0,
					"rotationZ": -6.0,
					"faces": {
						"north": { "texture": "#basiliskfang", "uv": [ 11.0, 11.5, 11.5, 13.5 ] },
						"east": { "texture": "#basiliskfang", "uv": [ 11.5, 12.0, 12.0, 14.0 ] },
						"south": { "texture": "#basiliskfang", "uv": [ 10.5, 11.5, 11.0, 13.5 ] },
						"west": { "texture": "#basiliskfang", "uv": [ 11.5, 12.5, 12.0, 14.5 ] },
						"up": { "texture": "#basiliskfang", "uv": [ 11.5, 9.5, 12.0, 10.0 ], "windMode": [-1,-1,-1,-1] },
						"down": { "texture": "#basiliskfang", "uv": [ 9.5, 15.0, 10.0, 15.5 ] }
					}
				},
				{
					"name": "stem8",
					"from": [ 0.8, 6.8, 7.8 ], 
					"to": [ 1.2, 7.8, 8.2 ], 
					"rotationOrigin": [ 1.0, 6.9, 8.0 ],
					"rotationX": -72.0,
					"rotationY": -42.0,
					"rotationZ": -14.0,
					"faces": {
						"north": { "texture": "#basiliskfang", "uv": [ 13.5, 11.0, 14.0, 12.0 ] },
						"east": { "texture": "#basiliskfang", "uv": [ 11.0, 11.5, 11.5, 12.5 ] },
						"south": { "texture": "#basiliskfang", "uv": [ 12.0, 13.0, 12.5, 14.0 ] },
						"west": { "texture": "#basiliskfang", "uv": [ 11.5, 14.0, 12.0, 15.0 ] },
						"up": { "texture": "#basiliskfang", "uv": [ 11.5, 11.5, 12.0, 12.0 ], "windMode": [-1,-1,-1,-1] },
						"down": { "texture": "#basiliskfang", "uv": [ 10.5, 15.0, 11.0, 15.5 ] }
					}
				},
				{
					"name": "stem10",
					"from": [ -5.2, 3.8, 8.0 ], 
					"to": [ -4.8, 5.3, 8.4 ], 
					"rotationOrigin": [ -5.0, 3.9, 8.2 ],
					"rotationX": -36.0,
					"rotationY": 36.0,
					"rotationZ": -6.0,
					"faces": {
						"north": { "texture": "#basiliskfang", "uv": [ 12.5, 12.0, 13.0, 13.5 ] },
						"east": { "texture": "#basiliskfang", "uv": [ 12.0, 10.5, 12.5, 12.0 ] },
						"south": { "texture": "#basiliskfang", "uv": [ 11.0, 12.0, 11.5, 13.5 ] },
						"west": { "texture": "#basiliskfang", "uv": [ 12.5, 11.0, 13.0, 12.5 ] },
						"up": { "texture": "#basiliskfang", "uv": [ 11.0, 9.0, 11.5, 9.5 ], "windMode": [-1,-1,-1,-1] },
						"down": { "texture": "#basiliskfang", "uv": [ 11.5, 14.0, 12.0, 14.5 ] }
					}
				},
				{
					"name": "stem13",
					"from": [ -1.2, 12.8, 8.0 ], 
					"to": [ -0.8, 13.8, 8.4 ], 
					"rotationOrigin": [ -1.0, 12.9, 8.2 ],
					"rotationX": -42.0,
					"rotationY": 3.0,
					"rotationZ": 6.0,
					"faces": {
						"north": { "texture": "#basiliskfang", "uv": [ 10.0, 13.5, 10.5, 14.5 ] },
						"east": { "texture": "#basiliskfang", "uv": [ 9.5, 11.5, 10.0, 12.5 ] },
						"south": { "texture": "#basiliskfang", "uv": [ 10.0, 13.5, 10.5, 14.5 ] },
						"west": { "texture": "#basiliskfang", "uv": [ 9.5, 14.0, 10.0, 15.0 ] },
						"up": { "texture": "#basiliskfang", "uv": [ 10.5, 12.0, 11.0, 12.5 ], "windMode": [-1,-1,-1,-1] },
						"down": { "texture": "#basiliskfang", "uv": [ 12.0, 12.5, 12.5, 13.0 ] }
					}
				},
				{
					"name": "stem16",
					"from": [ 4.8, 11.8, 7.9 ], 
					"to": [ 5.2, 12.8, 8.3 ], 
					"rotationOrigin": [ 5.0, 11.9, 8.1 ],
					"rotationX": -42.0,
					"rotationY": 17.0,
					"rotationZ": 3.0,
					"faces": {
						"north": { "texture": "#basiliskfang", "uv": [ 9.5, 14.0, 10.0, 15.0 ] },
						"east": { "texture": "#basiliskfang", "uv": [ 10.5, 14.0, 11.0, 15.0 ] },
						"south": { "texture": "#basiliskfang", "uv": [ 8.5, 14.5, 9.0, 15.5 ] },
						"west": { "texture": "#basiliskfang", "uv": [ 8.5, 13.5, 9.0, 14.5 ] },
						"up": { "texture": "#basiliskfang", "uv": [ 8.5, 12.5, 9.0, 13.0 ], "windMode": [-1,-1,-1,-1] },
						"down": { "texture": "#basiliskfang", "uv": [ 10.0, 15.0, 10.5, 15.5 ] }
					}
				},
				{
					"name": "stem17",
					"from": [ 4.8, 2.8, 8.0 ], 
					"to": [ 5.2, 3.8, 8.4 ], 
					"rotationOrigin": [ 5.0, 2.9, 8.2 ],
					"rotationX": -36.0,
					"rotationY": -75.0,
					"rotationZ": -3.0,
					"faces": {
						"north": { "texture": "#basiliskfang", "uv": [ 11.0, 12.0, 11.5, 13.0 ] },
						"east": { "texture": "#basiliskfang", "uv": [ 10.0, 11.5, 10.5, 12.5 ] },
						"south": { "texture": "#basiliskfang", "uv": [ 11.0, 12.0, 11.5, 13.0 ] },
						"west": { "texture": "#basiliskfang", "uv": [ 11.0, 11.0, 11.5, 12.0 ] },
						"up": { "texture": "#basiliskfang", "uv": [ 10.0, 9.5, 10.5, 10.0 ], "windMode": [-1,-1,-1,-1] },
						"down": { "texture": "#basiliskfang", "uv": [ 10.5, 13.0, 11.0, 13.5 ] }
					}
				},
				{
					"name": "stem18",
					"from": [ -2.2, 9.8, 8.0 ], 
					"to": [ -2.0, 10.8, 8.2 ], 
					"rotationOrigin": [ -2.0, 9.9, 8.1 ],
					"rotationX": -42.0,
					"rotationY": 17.0,
					"rotationZ": 3.0,
					"faces": {
						"north": { "texture": "#basiliskfang", "uv": [ 12.0, 13.5, 12.5, 14.5 ] },
						"east": { "texture": "#basiliskfang", "uv": [ 14.0, 14.0, 14.5, 15.0 ] },
						"south": { "texture": "#basiliskfang", "uv": [ 10.0, 13.0, 10.5, 14.0 ] },
						"west": { "texture": "#basiliskfang", "uv": [ 13.0, 13.5, 13.5, 14.5 ] },
						"up": { "texture": "#basiliskfang", "uv": [ 11.5, 13.5, 12.0, 14.0 ], "windMode": [-1,-1,-1,-1] },
						"down": { "texture": "#basiliskfang", "uv": [ 9.0, 14.0, 9.5, 14.5 ] }
					},
					"children": [
						{
							"name": "cap19",
							"from": [ -0.2, 0.8, -0.2 ], 
							"to": [ 0.4, 1.6, 0.4 ], 
							"rotationOrigin": [ 0.1, 0.8, 0.1 ],
							"rotationX": 8.0,
							"rotationY": -22.0,
							"faces": {
								"north": { "texture": "#basiliskfang", "uv": [ 11.5, 2.0, 12.0, 2.5 ] },
								"east": { "texture": "#basiliskfang", "uv": [ 8.5, 3.5, 9.0, 4.0 ] },
								"south": { "texture": "#basiliskfang", "uv": [ 11.5, 3.0, 12.0, 3.5 ] },
								"west": { "texture": "#basiliskfang", "uv": [ 11.0, 2.5, 11.5, 3.0 ] },
								"up": { "texture": "#basiliskfang", "uv": [ 11.0, 2.5, 11.5, 3.0 ] },
								"down": { "texture": "#basiliskfang", "uv": [ 11.0, 5.5, 11.5, 6.0 ] }
							}
						}
					]
				},
				{
					"name": "stem20",
					"from": [ -0.2, 1.8, 8.0 ], 
					"to": [ 0.0, 2.8, 8.2 ], 
					"rotationOrigin": [ 0.0, 1.9, 8.2 ],
					"rotationX": -42.0,
					"rotationY": -19.0,
					"rotationZ": 3.0,
					"faces": {
						"north": { "texture": "#basiliskfang", "uv": [ 8.5, 13.0, 9.0, 14.0 ] },
						"east": { "texture": "#basiliskfang", "uv": [ 8.5, 13.0, 9.0, 14.0 ] },
						"south": { "texture": "#basiliskfang", "uv": [ 9.0, 14.5, 9.5, 15.5 ] },
						"west": { "texture": "#basiliskfang", "uv": [ 10.0, 13.0, 10.5, 14.0 ] },
						"up": { "texture": "#basiliskfang", "uv": [ 9.0, 12.0, 9.5, 12.5 ], "windMode": [-1,-1,-1,-1] },
						"down": { "texture": "#basiliskfang", "uv": [ 9.5, 11.0, 10.0, 11.5 ] }
					},
					"children": [
						{
							"name": "cap21",
							"from": [ -0.2, 0.8, -0.2 ], 
							"to": [ 0.4, 1.5, 0.4 ], 
							"rotationOrigin": [ 0.1, 0.8, 0.1 ],
							"rotationX": 36.0,
							"rotationY": 6.0,
							"faces": {
								"north": { "texture": "#basiliskfang", "uv": [ 12.0, 2.5, 12.5, 3.0 ] },
								"east": { "texture": "#basiliskfang", "uv": [ 11.0, 4.0, 11.5, 4.5 ] },
								"south": { "texture": "#basiliskfang", "uv": [ 11.5, 3.0, 12.0, 3.5 ] },
								"west": { "texture": "#basiliskfang", "uv": [ 12.5, 3.5, 13.0, 4.0 ] },
								"up": { "texture": "#basiliskfang", "uv": [ 11.0, 4.5, 11.5, 5.0 ] },
								"down": { "texture": "#basiliskfang", "uv": [ 13.0, 2.0, 13.5, 2.5 ] }
							}
						}
					]
				}
			]
		}
	]}