{
	"editor": {
		"allAngles": true,
		"entityTextureMode": false
	},
	"textureWidth": 16,
	"textureHeight": 16,
	"textureSizes": {
	},
	"textures": {
		"basiliskfang": "block/plant/mushroom/basiliskfang/basiliskfang"
	},
	"elements": [
		{
			"name": "origin",
			"from": [ 8.0, 0.0, 8.0 ], 
			"to": [ 8.0, 0.0, 8.0 ], 
			"rotationOrigin": [ 8.0, 0.0, 8.0 ],
			"faces": {
				"north": { "texture": "#basiliskfang", "uv": [ 0.0, 0.0, 0.5, 0.5 ], "enabled": false },
				"east": { "texture": "#basiliskfang", "uv": [ 0.0, 0.0, 0.5, 0.5 ], "enabled": false },
				"south": { "texture": "#basiliskfang", "uv": [ 0.0, 0.0, 0.5, 0.5 ], "enabled": false },
				"west": { "texture": "#basiliskfang", "uv": [ 0.0, 0.0, 0.5, 0.5 ], "enabled": false },
				"up": { "texture": "#basiliskfang", "uv": [ 0.0, 0.0, 0.5, 0.5 ], "enabled": false },
				"down": { "texture": "#basiliskfang", "uv": [ 0.0, 0.0, 0.5, 0.5 ], "enabled": false }
			},
			"children": [
				{
					"name": "stem1",
					"from": [ -2.8, 0.7, 8.2 ], 
					"to": [ -2.4, 2.7, 8.6 ], 
					"rotationOrigin": [ -2.6, 0.8, 8.4 ],
					"rotationX": -72.0,
					"rotationY": 28.0,
					"rotationZ": 14.0,
					"faces": {
						"north": { "texture": "#basiliskfang", "uv": [ 8.5, 12.0, 9.0, 14.0 ] },
						"east": { "texture": "#basiliskfang", "uv": [ 8.5, 13.0, 9.0, 15.0 ] },
						"south": { "texture": "#basiliskfang", "uv": [ 9.5, 13.5, 10.0, 15.5 ] },
						"west": { "texture": "#basiliskfang", "uv": [ 11.0, 12.0, 11.5, 14.0 ] },
						"up": { "texture": "#basiliskfang", "uv": [ 10.5, 12.5, 11.0, 13.0 ], "windMode": [-1,-1,-1,-1] },
						"down": { "texture": "#basiliskfang", "uv": [ 11.5, 14.5, 12.0, 15.0 ] }
					}
				},
				{
					"name": "stem5",
					"from": [ 4.8, 4.6, 8.1 ], 
					"to": [ 5.2, 6.6, 8.5 ], 
					"rotationOrigin": [ 5.0, 4.7, 8.3 ],
					"rotationX": -58.0,
					"rotationZ": -3.0,
					"faces": {
						"north": { "texture": "#basiliskfang", "uv": [ 13.5, 13.0, 14.0, 15.0 ] },
						"east": { "texture": "#basiliskfang", "uv": [ 14.0, 13.0, 14.5, 15.0 ] },
						"south": { "texture": "#basiliskfang", "uv": [ 13.5, 13.5, 14.0, 15.5 ] },
						"west": { "texture": "#basiliskfang", "uv": [ 15.0, 12.0, 15.5, 14.0 ] },
						"up": { "texture": "#basiliskfang", "uv": [ 14.0, 13.0, 14.5, 13.5 ], "windMode": [-1,-1,-1,-1] },
						"down": { "texture": "#basiliskfang", "uv": [ 14.5, 15.0, 15.0, 15.5 ] }
					}
				},
				{
					"name": "stem8",
					"from": [ -3.2, 6.9, 7.9 ], 
					"to": [ -2.8, 7.9, 8.3 ], 
					"rotationOrigin": [ -3.0, 7.0, 8.1 ],
					"rotationX": -36.0,
					"rotationY": 6.0,
					"rotationZ": 8.0,
					"faces": {
						"north": { "texture": "#basiliskfang", "uv": [ 11.5, 10.0, 12.0, 11.0 ] },
						"east": { "texture": "#basiliskfang", "uv": [ 11.5, 12.5, 12.0, 13.5 ] },
						"south": { "texture": "#basiliskfang", "uv": [ 11.0, 11.5, 11.5, 12.5 ] },
						"west": { "texture": "#basiliskfang", "uv": [ 11.0, 10.5, 11.5, 11.5 ] },
						"up": { "texture": "#basiliskfang", "uv": [ 13.0, 9.5, 13.5, 10.0 ], "windMode": [-1,-1,-1,-1] },
						"down": { "texture": "#basiliskfang", "uv": [ 12.0, 14.5, 12.5, 15.0 ] }
					}
				},
				{
					"name": "stem10",
					"from": [ 1.8, 9.8, 8.0 ], 
					"to": [ 2.2, 11.3, 8.4 ], 
					"rotationOrigin": [ 2.0, 9.9, 8.2 ],
					"rotationX": -36.0,
					"rotationY": 36.0,
					"rotationZ": -42.0,
					"faces": {
						"north": { "texture": "#basiliskfang", "uv": [ 11.5, 14.0, 12.0, 15.5 ] },
						"east": { "texture": "#basiliskfang", "uv": [ 11.5, 13.0, 12.0, 14.5 ] },
						"south": { "texture": "#basiliskfang", "uv": [ 12.5, 13.0, 13.0, 14.5 ] },
						"west": { "texture": "#basiliskfang", "uv": [ 11.0, 13.5, 11.5, 15.0 ] },
						"up": { "texture": "#basiliskfang", "uv": [ 10.5, 12.0, 11.0, 12.5 ], "windMode": [-1,-1,-1,-1] },
						"down": { "texture": "#basiliskfang", "uv": [ 11.5, 14.5, 12.0, 15.0 ] }
					}
				},
				{
					"name": "stem13",
					"from": [ -1.2, 11.8, 7.9 ], 
					"to": [ -0.8, 12.8, 8.3 ], 
					"rotationOrigin": [ -1.0, 11.9, 8.1 ],
					"rotationX": -42.0,
					"rotationY": 3.0,
					"rotationZ": 14.0,
					"faces": {
						"north": { "texture": "#basiliskfang", "uv": [ 12.5, 10.5, 13.0, 11.5 ] },
						"east": { "texture": "#basiliskfang", "uv": [ 12.0, 12.0, 12.5, 13.0 ] },
						"south": { "texture": "#basiliskfang", "uv": [ 12.0, 12.0, 12.5, 13.0 ] },
						"west": { "texture": "#basiliskfang", "uv": [ 11.0, 11.0, 11.5, 12.0 ] },
						"up": { "texture": "#basiliskfang", "uv": [ 11.0, 11.0, 11.5, 11.5 ], "windMode": [-1,-1,-1,-1] },
						"down": { "texture": "#basiliskfang", "uv": [ 10.5, 14.0, 11.0, 14.5 ] }
					}
				},
				{
					"name": "stem16",
					"from": [ -0.2, 2.8, 8.0 ], 
					"to": [ 0.2, 3.8, 8.4 ], 
					"rotationOrigin": [ 0.0, 2.9, 8.2 ],
					"rotationX": -42.0,
					"rotationY": 44.0,
					"rotationZ": 3.0,
					"faces": {
						"north": { "texture": "#basiliskfang", "uv": [ 12.0, 12.0, 12.5, 13.0 ] },
						"east": { "texture": "#basiliskfang", "uv": [ 12.5, 11.0, 13.0, 12.0 ] },
						"south": { "texture": "#basiliskfang", "uv": [ 12.0, 10.5, 12.5, 11.5 ] },
						"west": { "texture": "#basiliskfang", "uv": [ 11.5, 12.5, 12.0, 13.5 ] },
						"up": { "texture": "#basiliskfang", "uv": [ 11.0, 9.0, 11.5, 9.5 ], "windMode": [-1,-1,-1,-1] },
						"down": { "texture": "#basiliskfang", "uv": [ 11.0, 13.5, 11.5, 14.0 ] }
					}
				},
				{
					"name": "stem19",
					"from": [ 4.8, 13.1, 8.0 ], 
					"to": [ 5.2, 14.1, 8.4 ], 
					"rotationOrigin": [ 5.0, 13.2, 8.2 ],
					"rotationX": -42.0,
					"rotationY": 3.0,
					"rotationZ": 3.0,
					"faces": {
						"north": { "texture": "#basiliskfang", "uv": [ 12.5, 10.5, 13.0, 11.5 ] },
						"east": { "texture": "#basiliskfang", "uv": [ 12.0, 10.5, 12.5, 11.5 ] },
						"south": { "texture": "#basiliskfang", "uv": [ 11.0, 12.0, 11.5, 13.0 ] },
						"west": { "texture": "#basiliskfang", "uv": [ 11.5, 12.0, 12.0, 13.0 ] },
						"up": { "texture": "#basiliskfang", "uv": [ 6.5, 9.0, 7.0, 9.5 ], "windMode": [-1,-1,-1,-1] },
						"down": { "texture": "#basiliskfang", "uv": [ 11.0, 12.5, 11.5, 13.0 ] }
					}
				}
			]
		}
	]}