[
  {
    "op": "add",
    "path": "/variants/37",
    "value": {
      "code": "plumphelmet"
    },
    "file": "game:worldproperties/block/mushroom.json"
  },
  {
    "op": "add",
    "path": "/variants/38",
    "value": {
      "code": "dwarvesbeard"
    },
    "file": "game:worldproperties/block/mushroom.json"
  },
  {
    "op": "add",
    "path": "/variants/39",
    "value": {
      "code": "pigtail"
    },
    "file": "game:worldproperties/block/mushroom.json"
  },
  {
    "op": "add",
    "path": "/variants/40",
    "value": {
      "code": "dimplecup"
    },
    "file": "game:worldproperties/block/mushroom.json"
  },





  {
    "op": "add",
    "path": "/variants/41",
    "value": {
      "code": "waxcap"
    },
    "file": "game:worldproperties/block/mushroom.json"
  },
  {
    "op": "add",
    "path": "/variants/42",
    "value": {
      "code": "basiliskfang"
    },
    "file": "game:worldproperties/block/mushroom.json"
  },
  {
    "op": "add",
    "path": "/variants/43",
    "value": {
      "code": "utzathudal"
    },
    "file": "game:worldproperties/block/mushroom.json"
  },  
  {
    "op": "add",
    "path": "/variants/44",
    "value": {
      "code": "goldenloaf"
    },
    "file": "game:worldproperties/block/mushroom.json"
  },
	{
    "op": "add",
    "path": "/variants/45",
    "value": {
      "code": "zubarf"
    },
    "file": "game:worldproperties/block/mushroom.json"
  },
  
  
  
  
  
  
  
  
  
  
  
  
  
  
  
  
  
  
  
  
  
  
  
  
  
  
  
  
  
  
  
  
  
  
  
  
  











]