[
  { 
    "op": "add",
    "path": "/attributes/needsTreeByType",
    "value": {
      "*-witchhat-*": "decidious",
      "*-elfinsaddle-*": "conifer",
      "*-earthball-*": "conifer",
      "*-devilstooth-*": "conifer",
      "*-orangeoakbolete-*": "decidious",
      "*-violetwebcap-*": "decidious",
      "*-devilbolete-*": "decidious",
      "*-blacktrumpet-*": "decidious",
      "*-golddropmilkcap-*": "decidious",
	  "*-pigtail-*": "decidious",
	  "*-plumphelmet-*": "decidious",
	  "*-dimplecup-*": "decidious",	  
	  "*-waxcap-*": "decidious",	  	  
 	  "*-utzathudal-*": "decidious", 
	  "*-goldenloaf-*": "decidious",	  
 },
    "file": "game:blocktypes/plant/mushroom.json",
    "side": "server"
  },
  {
    "op": "replace",
    "path": "/class",
    "value": "BlockEnhancedMushroom",
    "file": "game:blocktypes/plant/mushroom.json",
    "side": "server"
  },
  {
    "op": "add",
    "path": "/attributes/needsTreeByType",
    "value": {
      "*-beardedtooth-*": "decidious",
      "*-whiteoyster-*": "conifer",
      "*-tinderhoof-*": "decidious",
      "*-chickenofthewoods-*": "decidious",
      "*-reishi-*": "decidious",
      "*-funeralbell-*": "conifer",
      "*-deerear-*": "tropical",
      "*-livermushroom-*": "tropical",
      "*-pinkbonnet-*": "tropical",
      "*-shiitake-*": "decidious",
	  "*-dwarvesbeard-*": "conifer",
	  "*-basiliskfang-*": "decidious",	  
 	  "*-zubarf-*": "tropical",	  
    },
    "file": "game:blocktypes/plant/mushroom-side.json",
    "side": "server"
  },
  {
    "op": "replace",
    "path": "/class",
    "value": "BlockEnhancedMushroom",
    "file": "game:blocktypes/plant/mushroom-side.json",
    "side": "server"
  }
]
