{
  "editor": {
    "allAngles": false,
    "entityTextureMode": false
  },
  "textureWidth": 16,
  "textureHeight": 16,
  "textureSizes": {
  },
  "textures": {
    "steel": "game:block/metal/plate/steel",
    "handle": "game:block/wood/debarked/oak"
  },
  "elements": [
    {
      "name": "Origin",
      "from": [
        0.0,
        0.0,
        0.0
      ],
      "to": [
        0.0,
        0.0,
        0.0
      ],
      "rotationOrigin": [
        8.0,
        0.0,
        8.0
      ],
      "children": [
        {
          "name": "Handle",
          "from": [
            7.5,
            1.0,
            7.5
          ],
          "to": [
            8.5,
            6.0,
            8.5
          ],
          "rotationOrigin": [
            8.0,
            3.0,
            8.0
          ],
          "faces": {
            "north": {
              "texture": "#handle",
              "uv": [
                0.0,
                0.0,
                3.0,
                2.0
              ]
            },
            "east": {
              "texture": "#handle",
              "uv": [
                0.0,
                0.0,
                3.0,
                2.0
              ]
            },
            "south": {
              "texture": "#handle",
              "uv": [
                0.0,
                0.0,
                3.0,
                2.0
              ]
            },
            "west": {
              "texture": "#handle",
              "uv": [
                0.0,
                0.0,
                3.0,
                2.0
              ]
            }
          }
        },
        {
          "name": "Stamp",
          "from": [
            6.0,
            0.0,
            6.0
          ],
          "to": [
            10.0,
            1.0,
            10.0
          ],
          "rotationOrigin": [
            8.0,
            0.0,
            8.0
          ],
          "faces": {
            "north": {
              "texture": "#steel",
              "uv": [
                0.0,
                0.0,
                4.0,
                3.0
              ]
            },
            "east": {
              "texture": "#steel",
              "uv": [
                0.0,
                0.0,
                4.0,
                3.0
              ]
            },
            "south": {
              "texture": "#steel",
              "uv": [
                0.0,
                0.0,
                4.0,
                3.0
              ]
            },
            "west": {
              "texture": "#steel",
              "uv": [
                0.0,
                0.0,
                4.0,
                3.0
              ]
            },
            "up": {
              "texture": "#steel",
              "uv": [
                0.0,
                0.0,
                4.0,
                4.0
              ]
            },
            "down": {
              "texture": "#steel",
              "uv": [
                0.0,
                0.0,
                4.0,
                4.0
              ]
            }
          }
        }
      ]
    }
  ]
}