{
	code: "nugget",
	maxstacksize: 128,
	shape: {base: "item/nugget"},
	texture: {base: "item/mithril"},
	creativeinventory: { "general": ["*"], "items": ["*"], "khazaddum": ["*"] },
  "guiTransform": {
    "rotation": { "x": 176, "y": 132, "z": -21 },
    "origin": { "x": 0.5, "y": 0.07, "z": 0.5 },
    "scale": 5.61
  },
  "groundTransform": {
    "translation": { "x": 0, "y": 0, "z": 0 },
    "rotation": { "x": 0, "y": 90, "z": 0 },
    "origin": { "x": 0.5, "y": 0, "z": 0.5 },
    "scale": 5
  },
  "tpHandTransform": {
    "translation": { "x": -0.8, "y": -0.1, "z": -0.7 },
    "rotation": { "x": 5, "y": 82, "z": 16 },
    "origin": { "x": 0.5, "y": 0.1, "z": 0.5 },
    "scale": 0.7
  }
}
