{
  "code": "mushroomsubstrate",
  "entityClass": "BEMushroomSubstrate",
  "class": "BlockMushroomSubstrate",
  "creativeinventory": {
    "general": ["*"],
    "construction": ["*"],
    "terrain": ["*"],
    "mushroomz": ["*"]
  },
  "shape": { "base": "game:block/basic/cube" },
  "drawtype": "json",
  "blockmaterial": "Soil",
  "textures": {
    "all": { "base": "game:block/soil/flooring/strawbedding1*" }
  },
  "attributes": {
    "preventsDecay": true
  },
  "replaceable": 350,
  "fertility": 100,
  "resistance": 1.8,
  "sounds": {
    "place": "game:block/dirt",
    "break": "game:block/dirt",
    "hit": "game:block/dirt",
    "walk": "game:walk/grass"
  },
  "heldTpIdleAnimation": "holdbothhandslarge",
  "heldTpUseAnimation": "twohandplaceblock",
  "tpHandTransform": {
    "translation": { "x": -1.2, "y": -1.1, "z": -0.8 },
    "rotation": { "x": -2, "y": 25, "z": -78 },
    "scale": 0.37
  }
}
