{
	"editor": {
		"collapsedPaths": "Root/origin/small24,Root/origin/small,Root/origin/small22",
		"allAngles": false,
		"entityTextureMode": false
	},
	"textureWidth": 16,
	"textureHeight": 16,
	"textureSizes": {
	},
	"textures": {
		"mycelium3": "block/plant/mushroom/mycelium3",
		"dimplecup": "block/plant/mushroom/dimplecup/dimplecup",
		"pores": "block/plant/mushroom/pores"
	},
	"elements": [
		{
			"name": "origin",
			"from": [ 8.0, 0.0, 8.0 ],
			"to": [ 8.0, 0.0, 8.0 ],
			"rotationOrigin": [ 8.0, 0.0, 8.0 ],
			"faces": {
			},
			"children": [
				{
					"name": "tiny22",
					"from": [ -1.2, 0.0, -1.8 ],
					"to": [ -0.2, 0.5, -0.8 ],
					"rotationOrigin": [ -0.7, 0.0, -1.3 ],
					"rotationX": 3.0,
					"rotationY": 20.0,
					"rotationZ": -1.0,
					"faces": {
						"north": { "texture": "#dimplecup", "uv": [ 4.0, 11.5, 5.0, 12.0 ] },
						"east": { "texture": "#dimplecup", "uv": [ 7.0, 11.5, 8.0, 12.0 ] },
						"south": { "texture": "#dimplecup", "uv": [ 6.0, 10.5, 7.0, 11.0 ] },
						"west": { "texture": "#dimplecup", "uv": [ 3.0, 12.0, 4.0, 12.5 ] },
						"down": { "texture": "#dimplecup", "uv": [ 2.0, 14.0, 3.0, 15.0 ] }
					},
					"children": [
						{
							"name": "Cube26",
							"from": [ -0.1, 0.5, -0.1 ],
							"to": [ 1.1, 1.0, 1.1 ],
							"rotationOrigin": [ -0.1, 0.0, -0.1 ],
							"faces": {
								"north": { "texture": "#dimplecup", "uv": [ 9.5, 6.0, 10.5, 6.5 ] },
								"east": { "texture": "#dimplecup", "uv": [ 9.5, 2.0, 10.5, 2.5 ] },
								"south": { "texture": "#dimplecup", "uv": [ 10.5, 4.0, 11.5, 4.5 ] },
								"west": { "texture": "#dimplecup", "uv": [ 13.0, 3.0, 14.0, 3.5 ] },
								"up": { "texture": "#dimplecup", "uv": [ 11.0, 1.5, 12.0, 2.5 ] },
								"down": { "texture": "#pores", "uv": [ 3.0, 11.5, 4.0, 12.5 ] }
							}
						}
					]
				},
				{
					"name": "tiny20",
					"from": [ 0.7, 0.0, -0.4 ],
					"to": [ 1.7, 0.5, 0.6 ],
					"rotationOrigin": [ 1.2, 0.0, 0.1 ],
					"rotationX": -2.0,
					"rotationY": 10.0,
					"rotationZ": -5.0,
					"faces": {
						"north": { "texture": "#dimplecup", "uv": [ 3.0, 13.0, 4.0, 13.5 ] },
						"east": { "texture": "#dimplecup", "uv": [ 6.0, 15.0, 7.0, 15.5 ] },
						"south": { "texture": "#dimplecup", "uv": [ 2.5, 13.5, 3.5, 14.0 ] },
						"west": { "texture": "#dimplecup", "uv": [ 9.0, 9.0, 10.0, 9.5 ] },
						"down": { "texture": "#dimplecup", "uv": [ 2.0, 14.0, 3.0, 15.0 ] }
					},
					"children": [
						{
							"name": "Cube21",
							"from": [ -0.2, 0.5, -0.2 ],
							"to": [ 1.3, 1.5, 1.3 ],
							"faces": {
								"north": { "texture": "#dimplecup", "uv": [ 2.0, 5.0, 3.5, 6.0 ] },
								"east": { "texture": "#dimplecup", "uv": [ 2.5, 2.5, 4.0, 3.5 ] },
								"south": { "texture": "#dimplecup", "uv": [ 5.5, 6.0, 7.0, 7.0 ] },
								"west": { "texture": "#dimplecup", "uv": [ 3.0, 4.0, 4.5, 5.0 ] },
								"up": { "texture": "#dimplecup", "uv": [ 4.0, 2.0, 5.5, 3.5 ] },
								"down": { "texture": "#pores", "uv": [ 1.0, 11.5, 2.5, 13.0 ] }
							}
						}
					]
				},
				{
					"name": "medium",
					"from": [ -1.8, 0.0, -0.3 ],
					"to": [ -0.3, 2.0, 1.2 ],
					"rotationOrigin": [ -0.8, 0.0, 0.7 ],
					"rotationX": 1.0,
					"rotationY": 7.0,
					"rotationZ": -6.0,
					"faces": {
						"north": { "texture": "#dimplecup", "uv": [ 7.0, 9.5, 8.5, 11.5 ] },
						"east": { "texture": "#dimplecup", "uv": [ 7.5, 10.5, 9.0, 12.5 ] },
						"south": { "texture": "#dimplecup", "uv": [ 5.5, 11.5, 7.0, 13.5 ] },
						"west": { "texture": "#dimplecup", "uv": [ 2.0, 10.0, 3.5, 12.0 ] },
						"down": { "texture": "#dimplecup", "uv": [ 2.0, 14.0, 3.5, 15.5 ] }
					},
					"children": [
						{
							"name": "Cube2",
							"from": [ -0.7, 2.0, -0.7 ],
							"to": [ 2.3, 3.5, 2.2 ],
							"rotationOrigin": [ -0.2, 1.0, -0.2 ],
							"faces": {
								"north": { "texture": "#dimplecup", "uv": [ 3.0, 3.5, 6.0, 5.0 ] },
								"east": { "texture": "#dimplecup", "uv": [ 4.0, 4.0, 6.5, 5.5 ] },
								"south": { "texture": "#dimplecup", "uv": [ 3.0, 1.5, 6.0, 3.0 ] },
								"west": { "texture": "#dimplecup", "uv": [ 4.5, 3.5, 7.0, 5.0 ] },
								"up": { "texture": "#dimplecup", "uv": [ 7.0, 3.0, 10.0, 5.5 ] },
								"down": { "texture": "#pores", "uv": [ 2.5, 11.5, 5.5, 14.0 ] }
							},
							"children": [
								{
									"name": "Cube3",
									"from": [ 0.5, 1.5, 0.5 ],
									"to": [ 2.5, 2.0, 2.5 ],
									"rotationOrigin": [ 0.0, -0.5, 0.0 ],
									"faces": {
										"north": { "texture": "#dimplecup", "uv": [ 3.0, 4.0, 5.0, 4.5 ] },
										"east": { "texture": "#dimplecup", "uv": [ 7.0, 7.0, 9.0, 7.5 ] },
										"south": { "texture": "#dimplecup", "uv": [ 6.0, 5.0, 8.0, 5.5 ] },
										"west": { "texture": "#dimplecup", "uv": [ 2.5, 2.0, 4.5, 2.5 ] },
										"up": { "texture": "#dimplecup", "uv": [ 6.0, 2.0, 8.0, 4.0 ] }
									}
								}
							]
						}
					]
				},
				{
					"name": "mycelium",
					"from": [ -2.0, 0.1, -2.0 ],
					"to": [ 2.0, 0.1, 2.0 ],
					"renderPass": 3,
					"rotationOrigin": [ 0.0, 0.1, 0.0 ],
					"faces": {
						"up": { "texture": "#mycelium3", "uv": [ 6.0, 6.0, 10.0, 10.0 ] }
					}
				}
			]
		}
	]}