{
	"editor": {
		"allAngles": false,
		"entityTextureMode": false
	},
	"textureWidth": 16,
	"textureHeight": 16,
	"textureSizes": {
	},
	"textures": {
		"mycelium1": "block/plant/mushroom/mycelium1",		
		"dimplecup": "block/plant/mushroom/dimplecup/dimplecup",
		"pores": "block/plant/mushroom/pores"		
	},
	"elements": [
		{
			"name": "origin",
			"from": [ 8.0, 0.0, 8.0 ],
			"to": [ 8.0, 0.0, 8.0 ],
			"rotationOrigin": [ 8.0, 0.0, 8.0 ],
			"faces": {
			},
			"children": [
				{
					"name": "large",
					"from": [ -1.3, 0.0, -1.5 ],
					"to": [ 1.7, 2.5, 1.5 ],
					"rotationOrigin": [ 0.2, 0.0, 0.0 ],
					"rotationX": 2.0,
					"rotationY": -6.0,
					"rotationZ": -3.0,
					"faces": {
						"north": { "texture": "#dimplecup", "uv": [ 3.0, 12.0, 6.0, 14.5 ] },
						"east": { "texture": "#dimplecup", "uv": [ 10.0, 11.5, 13.0, 14.0 ] },
						"south": { "texture": "#dimplecup", "uv": [ 9.0, 11.5, 12.0, 14.0 ] },
						"west": { "texture": "#dimplecup", "uv": [ 1.0, 12.0, 4.0, 14.5 ] },
						"down": { "texture": "#dimplecup", "uv": [ 2.5, 12.5, 5.5, 15.5 ] }
					},
					"children": [
						{
							"name": "Cube16",
							"from": [ -0.8, 2.5, -0.8 ],
							"to": [ 3.7, 5.0, 3.7 ],
							"faces": {
								"north": { "texture": "#dimplecup", "uv": [ 1.5, 2.5, 6.0, 5.0 ] },
								"east": { "texture": "#dimplecup", "uv": [ 1.0, 3.5, 5.5, 6.0 ] },
								"south": { "texture": "#dimplecup", "uv": [ 2.0, 3.0, 6.5, 5.5 ] },
								"west": { "texture": "#dimplecup", "uv": [ 0.0, 3.0, 4.5, 5.5 ] },
								"up": { "texture": "#dimplecup", "uv": [ 2.0, 3.0, 6.5, 7.5 ] },
								"down": { "texture": "#pores", "uv": [ 1.0, 10.0, 5.5, 14.5 ] }
							},
							"children": [
								{
									"name": "Cube23",
									"from": [ 0.5, 2.5, 0.5 ],
									"to": [ 4.0, 3.0, 4.0 ],
									"rotationOrigin": [ -3.5, 0.0, -3.5 ],
									"faces": {
										"north": { "texture": "#dimplecup", "uv": [ 3.0, 6.0, 6.5, 6.5 ] },
										"east": { "texture": "#dimplecup", "uv": [ 3.0, 6.5, 6.5, 7.0 ] },
										"south": { "texture": "#dimplecup", "uv": [ 0.0, 6.5, 3.5, 7.0 ] },
										"west": { "texture": "#dimplecup", "uv": [ 1.0, 5.0, 4.5, 5.5 ] },
										"up": { "texture": "#dimplecup", "uv": [ 3.0, 1.5, 6.5, 5.0 ] }
									},
									"children": [
										{
											"name": "Cube24",
											"from": [ 0.5, 0.5, 0.5 ],
											"to": [ 3.0, 1.0, 3.0 ],
											"rotationOrigin": [ 3.5, 0.0, 3.5 ],
											"faces": {
												"north": { "texture": "#dimplecup", "uv": [ 3.5, 2.5, 6.0, 3.0 ] },
												"east": { "texture": "#dimplecup", "uv": [ 3.0, 5.5, 5.5, 6.0 ] },
												"south": { "texture": "#dimplecup", "uv": [ 5.0, 3.0, 7.5, 3.5 ] },
												"west": { "texture": "#dimplecup", "uv": [ 3.5, 5.5, 6.0, 6.0 ] },
												"up": { "texture": "#dimplecup", "uv": [ 1.0, 3.0, 3.5, 5.5 ] }
											}
										}
									]
								}
							]
						}
					]
				},
				{
					"name": "mycelium",
					"from": [ -2.0, 0.1, -2.0 ],
					"to": [ 2.0, 0.1, 2.0 ],
					"renderPass": 3,
					"rotationOrigin": [ 0.0, 0.1, 0.0 ],
					"faces": {
						"up": { "texture": "#mycelium1", "uv": [ 6.0, 6.0, 10.0, 10.0 ] }
					}
				}
			]
		}
	]}