{
	"editor": {
		"allAngles": true,
		"entityTextureMode": false
	},
	"textureWidth": 16,
	"textureHeight": 16,
	"textureSizes": {
	},
	"textures": {
		"goldenloaf": "block/plant/mushroom/goldenloaf/goldenloaf",
		"mycelium3": "block/plant/mushroom/mycelium3"
	},
	"elements": [
		{
			"name": "origin",
			"from": [ 8.0, 0.0, 8.0 ], 
			"to": [ 8.0, 0.0, 8.0 ], 
			"rotationOrigin": [ 8.0, 0.0, 8.0 ],
			"faces": {
				"north": { "texture": "#null", "uv": [ 0.0, 0.0, 0.5, 0.5 ], "enabled": false },
				"east": { "texture": "#null", "uv": [ 0.0, 0.0, 0.5, 0.5 ], "enabled": false },
				"south": { "texture": "#null", "uv": [ 0.0, 0.0, 0.5, 0.5 ], "enabled": false },
				"west": { "texture": "#null", "uv": [ 0.0, 0.0, 0.5, 0.5 ], "enabled": false },
				"up": { "texture": "#null", "uv": [ 0.0, 0.0, 0.5, 0.5 ], "enabled": false },
				"down": { "texture": "#null", "uv": [ 0.0, 0.0, 0.5, 0.5 ], "enabled": false }
			},
			"children": [
				{
					"name": "small12",
					"from": [ -1.1, 0.0, -3.8 ], 
					"to": [ 0.4, 1.0, -2.3 ], 
					"rotationOrigin": [ -0.4, 0.0, -3.0 ],
					"rotationY": 69.0,
					"faces": {
						"north": { "texture": "#goldenloaf", "uv": [ 5.5, 5.0, 7.0, 6.0 ] },
						"east": { "texture": "#goldenloaf", "uv": [ 5.5, 4.0, 7.0, 5.0 ] },
						"south": { "texture": "#goldenloaf", "uv": [ 5.5, 1.5, 7.0, 2.5 ] },
						"west": { "texture": "#goldenloaf", "uv": [ 4.5, 0.5, 6.0, 1.5 ] },
						"up": { "texture": "#goldenloaf", "uv": [ 5.5, 5.5, 7.0, 7.0 ] },
						"down": { "texture": "#goldenloaf", "uv": [ 4.0, 7.0, 5.5, 8.5 ] }
					}
				},
				{
					"name": "large",
					"from": [ -1.5, 0.0, -0.5 ], 
					"to": [ 3.5, 1.5, 4.5 ], 
					"rotationOrigin": [ 1.0, 0.0, 2.0 ],
					"rotationY": 19.0,
					"faces": {
						"north": { "texture": "#goldenloaf", "uv": [ 2.5, 12.0, 7.5, 13.5 ] },
						"east": { "texture": "#goldenloaf", "uv": [ 1.0, 13.0, 6.0, 14.5 ] },
						"south": { "texture": "#goldenloaf", "uv": [ 1.5, 12.0, 6.5, 13.5 ] },
						"west": { "texture": "#goldenloaf", "uv": [ 2.5, 13.0, 7.5, 14.5 ] },
						"up": { "texture": "#goldenloaf", "uv": [ 2.0, 6.0, 7.0, 11.0 ] },
						"down": { "texture": "#goldenloaf", "uv": [ 10.5, 9.0, 15.5, 14.0 ] }
					},
					"children": [
						{
							"name": "Cube1",
							"from": [ 0.5, 1.5, 0.5 ], 
							"to": [ 4.5, 2.0, 4.5 ], 
							"rotationOrigin": [ 2.5, 1.5, 2.5 ],
							"faces": {
								"north": { "texture": "#goldenloaf", "uv": [ 0.0, 0.0, 4.0, 0.5 ] },
								"east": { "texture": "#goldenloaf", "uv": [ 0.0, 0.0, 4.0, 0.5 ] },
								"south": { "texture": "#goldenloaf", "uv": [ 0.0, 0.0, 4.0, 0.5 ] },
								"west": { "texture": "#goldenloaf", "uv": [ 0.0, 0.0, 4.0, 0.5 ] },
								"up": { "texture": "#goldenloaf", "uv": [ 0.0, 0.0, 4.0, 4.0 ] },
								"down": { "texture": "#goldenloaf", "uv": [ 0.0, 0.0, 1.0, 1.0 ], "enabled": false, "autoUv": false }
							}
						}
					]
				},
				{
					"name": "small5",
					"from": [ -3.4, 0.0, 2.9 ], 
					"to": [ -1.9, 1.0, 4.4 ], 
					"rotationOrigin": [ -2.7, 0.0, 3.7 ],
					"rotationY": 69.0,
					"faces": {
						"north": { "texture": "#goldenloaf", "uv": [ 5.5, 5.0, 7.0, 6.0 ] },
						"east": { "texture": "#goldenloaf", "uv": [ 5.5, 4.0, 7.0, 5.0 ] },
						"south": { "texture": "#goldenloaf", "uv": [ 5.5, 1.5, 7.0, 2.5 ] },
						"west": { "texture": "#goldenloaf", "uv": [ 4.5, 0.5, 6.0, 1.5 ] },
						"up": { "texture": "#goldenloaf", "uv": [ 5.5, 5.5, 7.0, 7.0 ] },
						"down": { "texture": "#goldenloaf", "uv": [ 4.0, 7.0, 5.5, 8.5 ] }
					}
				},
				{
					"name": "small6",
					"from": [ 3.9, 0.0, 2.2 ], 
					"to": [ 4.9, 1.0, 3.2 ], 
					"rotationOrigin": [ 4.3, 0.0, 2.7 ],
					"rotationY": 33.0,
					"faces": {
						"north": { "texture": "#goldenloaf", "uv": [ 0.5, 3.5, 1.5, 4.5 ] },
						"east": { "texture": "#goldenloaf", "uv": [ 2.5, 4.5, 3.5, 5.5 ] },
						"south": { "texture": "#goldenloaf", "uv": [ 7.0, 1.5, 8.0, 2.5 ] },
						"west": { "texture": "#goldenloaf", "uv": [ 6.0, 8.0, 7.0, 9.0 ] },
						"up": { "texture": "#goldenloaf", "uv": [ 14.0, 8.0, 15.0, 9.0 ] },
						"down": { "texture": "#goldenloaf", "uv": [ 9.0, 13.0, 10.0, 14.0 ] }
					}
				},
				{
					"name": "small11",
					"from": [ -3.1, 0.0, -4.8 ], 
					"to": [ -2.1, 0.5, -3.8 ], 
					"rotationOrigin": [ -2.7, 0.0, -4.3 ],
					"rotationY": 69.0,
					"faces": {
						"north": { "texture": "#goldenloaf", "uv": [ 5.5, 5.0, 6.5, 5.5 ] },
						"east": { "texture": "#goldenloaf", "uv": [ 5.5, 4.0, 6.5, 4.5 ] },
						"south": { "texture": "#goldenloaf", "uv": [ 5.5, 1.5, 6.5, 2.0 ] },
						"west": { "texture": "#goldenloaf", "uv": [ 4.5, 0.5, 5.5, 1.0 ] },
						"up": { "texture": "#goldenloaf", "uv": [ 5.5, 5.5, 6.5, 6.5 ] },
						"down": { "texture": "#goldenloaf", "uv": [ 4.0, 7.0, 5.0, 8.0 ] }
					}
				},
				{
					"name": "small13",
					"from": [ -5.1, 0.0, 2.2 ], 
					"to": [ -4.1, 0.5, 3.2 ], 
					"rotationOrigin": [ -4.7, 0.0, 2.7 ],
					"rotationY": 69.0,
					"faces": {
						"north": { "texture": "#goldenloaf", "uv": [ 5.5, 5.0, 6.5, 5.5 ] },
						"east": { "texture": "#goldenloaf", "uv": [ 5.5, 4.0, 6.5, 4.5 ] },
						"south": { "texture": "#goldenloaf", "uv": [ 5.5, 1.5, 6.5, 2.0 ] },
						"west": { "texture": "#goldenloaf", "uv": [ 4.5, 0.5, 5.5, 1.0 ] },
						"up": { "texture": "#goldenloaf", "uv": [ 5.5, 5.5, 6.5, 6.5 ] },
						"down": { "texture": "#goldenloaf", "uv": [ 4.0, 7.0, 5.0, 8.0 ] }
					}
				},
				{
					"name": "medium",
					"from": [ -4.0, 0.0, -3.0 ], 
					"to": [ -1.0, 1.5, 0.0 ], 
					"rotationOrigin": [ -2.5, 0.0, -1.5 ],
					"rotationY": 32.99999927745039,
					"faces": {
						"north": { "texture": "#goldenloaf", "uv": [ 12.0, 12.5, 15.0, 14.0 ] },
						"east": { "texture": "#goldenloaf", "uv": [ 9.5, 12.0, 12.5, 13.5 ] },
						"south": { "texture": "#goldenloaf", "uv": [ 9.5, 12.5, 12.5, 14.0 ] },
						"west": { "texture": "#goldenloaf", "uv": [ 9.0, 11.0, 12.0, 12.5 ] },
						"up": { "texture": "#goldenloaf", "uv": [ 11.0, 10.0, 14.0, 13.0 ] },
						"down": { "texture": "#goldenloaf", "uv": [ 11.5, 11.0, 14.5, 14.0 ] }
					},
					"children": [
						{
							"name": "Cube8",
							"from": [ 0.2, 1.5, 0.2 ], 
							"to": [ 2.7, 2.0, 2.7 ], 
							"rotationOrigin": [ 1.4, 1.5, 1.4 ],
							"faces": {
								"north": { "texture": "#goldenloaf", "uv": [ 3.0, 12.0, 5.5, 12.5 ] },
								"east": { "texture": "#goldenloaf", "uv": [ 3.5, 13.5, 6.0, 14.0 ] },
								"south": { "texture": "#goldenloaf", "uv": [ 3.0, 10.5, 5.5, 11.0 ] },
								"west": { "texture": "#goldenloaf", "uv": [ 3.0, 13.5, 5.5, 14.0 ] },
								"up": { "texture": "#goldenloaf", "uv": [ 4.0, 8.5, 6.5, 11.0 ] },
								"down": { "texture": "#goldenloaf", "uv": [ 0.0, 0.0, 2.5, 2.5 ], "enabled": false }
							}
						}
					]
				},
				{
					"name": "medium9",
					"from": [ 1.0, 0.0, -5.0 ], 
					"to": [ 4.0, 1.5, -2.0 ], 
					"rotationOrigin": [ 2.5, 0.0, -3.5 ],
					"rotationY": -7.999999815272017,
					"faces": {
						"north": { "texture": "#goldenloaf", "uv": [ 12.0, 12.5, 15.0, 14.0 ] },
						"east": { "texture": "#goldenloaf", "uv": [ 9.5, 12.0, 12.5, 13.5 ] },
						"south": { "texture": "#goldenloaf", "uv": [ 9.5, 12.5, 12.5, 14.0 ] },
						"west": { "texture": "#goldenloaf", "uv": [ 9.0, 11.0, 12.0, 12.5 ] },
						"up": { "texture": "#goldenloaf", "uv": [ 11.0, 10.0, 14.0, 13.0 ] },
						"down": { "texture": "#goldenloaf", "uv": [ 11.5, 11.0, 14.5, 14.0 ] }
					},
					"children": [
						{
							"name": "Cube10",
							"from": [ 0.2, 1.5, 0.2 ], 
							"to": [ 2.7, 2.0, 2.7 ], 
							"rotationOrigin": [ 1.4, 1.5, 1.4 ],
							"faces": {
								"north": { "texture": "#goldenloaf", "uv": [ 3.0, 12.0, 5.5, 12.5 ] },
								"east": { "texture": "#goldenloaf", "uv": [ 3.5, 13.5, 6.0, 14.0 ] },
								"south": { "texture": "#goldenloaf", "uv": [ 3.0, 10.5, 5.5, 11.0 ] },
								"west": { "texture": "#goldenloaf", "uv": [ 3.0, 13.5, 5.5, 14.0 ] },
								"up": { "texture": "#goldenloaf", "uv": [ 4.0, 8.5, 6.5, 11.0 ] },
								"down": { "texture": "#goldenloaf", "uv": [ 0.0, 0.0, 2.5, 2.5 ], "enabled": false }
							}
						}
					]
				},
				{
					"name": "mycelium",
					"from": [ -5.0, 0.1, -5.0 ], 
					"to": [ 5.0, 0.1, 5.0 ], 
					"rotationOrigin": [ 0.0, 0.1, 0.0 ],
					"renderPass": 3,
					"faces": {
						"north": { "texture": "#goldenloaf", "uv": [ 0.0, 0.0, 10.0, 0.5 ], "enabled": false },
						"east": { "texture": "#goldenloaf", "uv": [ 0.0, 0.0, 10.0, 0.5 ], "enabled": false },
						"south": { "texture": "#goldenloaf", "uv": [ 0.0, 0.0, 10.0, 0.5 ], "enabled": false },
						"west": { "texture": "#goldenloaf", "uv": [ 0.0, 0.0, 10.0, 0.5 ], "enabled": false },
						"up": { "texture": "#mycelium3", "uv": [ 3.0, 3.0, 13.0, 13.0 ] },
						"down": { "texture": "#goldenloaf", "uv": [ 0.0, 0.0, 10.0, 10.0 ], "enabled": false }
					}
				}
			]
		}
	]}