{
	properties: {
		mindelay: 4,
		maxdelay: 8
	},
	tracks: [
		{
			"$type": "Vintagestory.API.Client.SurfaceMusicTrack, VintagestoryAPI",
			file: "night-to-day", 
			name: "Night To Day",
			onPlayList: "survival|creative",
			minhour: 3,
			maxhour: 5,
		},
		{ 
			"$type": "Vintagestory.API.Client.SurfaceMusicTrack, VintagestoryAPI",
			file: "setting-sun", 
			name: "The Setting Sun",
			onPlayList: "survival|creative",
			minhour: 3.25,
			maxhour: 5.25,
		},
		{ 
			"$type": "Vintagestory.API.Client.SurfaceMusicTrack, VintagestoryAPI",
			file: "daylight", 
			name: "Daylight",
			onPlayList: "survival|creative",
			minhour: 8,
			maxhour: 12,
		},
		{ 
			"$type": "Vintagestory.API.Client.SurfaceMusicTrack, VintagestoryAPI",
			file: "hallowcroft", 
			name: "Hallowcroft",
			onPlayList: "survival|creative",
			minhour: 12,
			maxhour: 23,
		},
		{ 
			"$type": "Vintagestory.API.Client.SurfaceMusicTrack, VintagestoryAPI",
			file: "setting-sun", 
			name: "The Setting Sun",
			onPlayList: "survival|creative",
			minhour: 16,
			maxhour: 18,
		},
		{ 
			"$type": "Vintagestory.API.Client.SurfaceMusicTrack, VintagestoryAPI",
			file: "creating", 
			name: "Creating",
			onPlayList: "survival|creative",
			minhour: 14,
			maxhour: 18,
		},
		{ 
			"$type": "Vintagestory.API.Client.SurfaceMusicTrack, VintagestoryAPI",
			file: "mirror", 
			name: "Mirror",
			onPlayList: "survival",
			minhour: 13,
			maxhour: 16,
		},
		{ 
			"$type": "Vintagestory.API.Client.SurfaceMusicTrack, VintagestoryAPI",
			file: "vintagestory", 
			name: "Vintage Story",
			onPlayList: "survival",
			minhour: 13,
			maxhour: 16,
		},
		{ 
			"$type": "Vintagestory.API.Client.SurfaceMusicTrack, VintagestoryAPI",
			file: "sunny-village-create", 
			name: "Sunny Village [Create]",
			onPlayList: "creative",
			minhour: 5,
			maxhour: 13,
		},
		{ 
			"$type": "Vintagestory.API.Client.SurfaceMusicTrack, VintagestoryAPI",
			file: "peaceful-village", 
			name: "Peaceful Village",
			onPlayList: "creative",
			minhour: 5,
			maxhour: 13,
		},
		{ 
			"$type": "Vintagestory.API.Client.SurfaceMusicTrack, VintagestoryAPI",
			file: "groove", 
			name: "Groove",
			onPlayList: "survival",
			minhour: 5,
			maxhour: 13.5,
		},
		{
			"$type": "Vintagestory.API.Client.SurfaceMusicTrack, VintagestoryAPI",
			file: "building", 
			name: "Building",
			onPlayList: "survival|creative",
			minhour: 10,
			maxhour: 15,
		},
		{
			"$type": "Vintagestory.API.Client.SurfaceMusicTrack, VintagestoryAPI",
			file: "through-the-grass-survive", 
			name: "Through the grass at night [Survive]",
			onPlayList: "survival",
			minhour: 22,
			maxhour: 24,
			minSeason: 0.3,
			maxSeason: 0.8
		},
		{
			"$type": "Vintagestory.API.Client.SurfaceMusicTrack, VintagestoryAPI",
			file: "through-the-grass-survive", 
			name: "Through the grass at night [Survive]",
			onPlayList: "survival",
			minhour: 0,
			maxhour: 3,
			minSeason: 0.3,
			maxSeason: 0.8
		},
		{
			"$type": "Vintagestory.API.Client.SurfaceMusicTrack, VintagestoryAPI",
			file: "spring", 
			name: "Springtime",
			onPlayList: "survival|creative",
			minhour: 7,
			maxhour: 17,
			minLatitude: 0.25,
			minSeason: 0.2,
			maxSeason: 0.42,
			"__comment": "In code, the start priority is capped to at least 1",
			startPriority: { avg: 1.1, var: 0.2 }
		},
		{
			"$type": "Vintagestory.API.Client.SurfaceMusicTrack, VintagestoryAPI",
			file: "summer-day", 
			name: "Summer day",
			onPlayList: "survival|creative",
			minhour: 7,
			maxhour: 16,
			minLatitude: 0.25,
			minSeason: 0.4,
			maxSeason: 0.65,
			startPriority: { avg: 1.1, var: 0.2 }
		},
		{
			"$type": "Vintagestory.API.Client.SurfaceMusicTrack, VintagestoryAPI",
			file: "tuningcylinder/theinvention", 
			name: "Resonance archives - the invention",
			onPlayList: "survival|creative",
			minhour: 9,
			maxhour: 15,
			minLatitude: 0.1,
			minSeason: 0.4,
			maxSeason: 0.65,
			startPriority: { avg: 1.1, var: 0.2 }
		},
		{
			"$type": "Vintagestory.API.Client.SurfaceMusicTrack, VintagestoryAPI",
			file: "fall-o'-croft", 
			name: "Fall o' croft",
			onPlayList: "survival|creative",
			minhour: 7,
			maxhour: 17,
			minLatitude: 0.25,
			minSeason: 0.65,
			maxSeason: 0.9,
			startPriority: { avg: 1.1, var: 0.2 }
		},
		{
			"$type": "Vintagestory.API.Client.SurfaceMusicTrack, VintagestoryAPI",
			file: "fall", 
			name: "Fall",
			onPlayList: "survival|creative",
			minhour: 7,
			maxhour: 17,
			minLatitude: 0.25,
			minSeason: 0.6,
			maxSeason: 0.68,
			startPriority: { avg: 1.1, var: 0.2 }
		},
		{
			"$type": "Vintagestory.API.Client.SurfaceMusicTrack, VintagestoryAPI",
			file: "winter", 
			name: "Winter",
			onPlayList: "survival|creative",
			minhour: 8,
			maxhour: 19,
			maxTemperature: -1,
			minLatitude: 0.25,
			minSeason: 0.9,
			maxSeason: 1,
			startPriority: { avg: 1.1, var: 0.2 }
		},
		{
			"$type": "Vintagestory.API.Client.SurfaceMusicTrack, VintagestoryAPI",
			file: "winter", 
			name: "Winter",
			onPlayList: "survival|creative",
			minhour: 8,
			maxhour: 22,
			maxTemperature: -1,
			minLatitude: 0.25,
			minSeason: 0,
			maxSeason: 0.2,
			startPriority: { avg: 1.1, var: 0.2 }
		},
		{
			"$type": "Vintagestory.API.Client.SurfaceMusicTrack, VintagestoryAPI",
			file: "arcticwinds", 
			name: "Arctic Winds",
			onPlayList: "survival|creative",
			minhour: 0,
			maxhour: 24,
			maxTemperature: -6,
			minLatitude: 0.77,
			maxLatitude: 1,
			startPriority: { avg: 1.1, var: 0.2 }
		},
		{
			"$type": "Vintagestory.API.Client.SurfaceMusicTrack, VintagestoryAPI",
			file: "arcticwinds", 
			name: "Arctic Winds",
			onPlayList: "survival|creative",
			minhour: 0,
			maxhour: 24,
			maxTemperature: -6,
			minLatitude: -1,
			maxLatitude: -0.77,
			startPriority: { avg: 1.1, var: 0.2 }
		},
		{ 
			"$type": "Vintagestory.API.Client.SurfaceMusicTrack, VintagestoryAPI",
			file: "adventuring", 
			name: "Adventuring",
			onPlayList: "survival",
			minhour: 15,
			maxhour: 20,
		},
		{
			"$type": "Vintagestory.API.Client.SurfaceMusicTrack, VintagestoryAPI",
			file: "to-dawn",
			name: "To dawn, from a very rainy night",
			onPlayList: "survival|creative",
			minhour: 0,
			maxhour: 5,
		},
		{
			"$type": "Vintagestory.API.Client.SurfaceMusicTrack, VintagestoryAPI",
			file: "midnight",
			name: "Midnight",
			onPlayList: "creative",
			minhour: 0,
			maxhour: 1.5,
		},
		{
			"$type": "Vintagestory.API.Client.SurfaceMusicTrack, VintagestoryAPI",
			file: "midnight",
			name: "Midnight",
			onPlayList: "creative",
			minhour: 20,
			maxhour: 24,
		},
		{
			"$type": "Vintagestory.API.Client.SurfaceMusicTrack, VintagestoryAPI",
			file: "midnight",
			name: "Midnight",
			onPlayList: "survival",
			minhour: 23.5,
			maxhour: 24.5,
		},
		{
			"$type": "Vintagestory.API.Client.SurfaceMusicTrack, VintagestoryAPI",
			file: "nostalgic",
			name: "Nostalgic",
			onPlayList: "survival",
			minhour: 6,
			maxhour: 11,
		},
		{
			"$type": "Vintagestory.API.Client.SurfaceMusicTrack, VintagestoryAPI",
			file: "heartbeat-survive",
			name: "Heartbeat [Survive]",
			onPlayList: "survival",
			minhour: 6,
			maxhour: 13,
		},
		{
			"$type": "Vintagestory.API.Client.SurfaceMusicTrack, VintagestoryAPI",
			file: "heartbeat-create",
			name: "Heartbeat [Create]",
			onPlayList: "creative",
			minhour: 6,
			maxhour: 14,
		},
		{
			"$type": "Vintagestory.API.Client.SurfaceMusicTrack, VintagestoryAPI",
			file: "radianceandrust",
			name: "Radiance and rust",
			onPlayList: "survival",
			distanceToSpawnPoint: 600,
			minhour: 6,
			maxhour: 17,
		},	
		{
			"$type": "Vintagestory.API.Client.EventMusicTrack, VintagestoryAPI",
			file: "theresonancearchives-barren",
			name: "The Resonance Archive",
			schematicCode: "resonancearchive",
			startPriority: { avg: 3.1, var: 0.15 }
		},
		{
			"$type": "Vintagestory.API.Client.CaveMusicTrack, VintagestoryAPI",
			parts: [
				{
					files: ["deepunderground/df*"]
				}
			],
			stopMusic: true,
			maxSunlight: 12,
		}
	]
}