{
	"editor": {
		"collapsedPaths": "Root/origin/small24",
		"allAngles": true,
		"entityTextureMode": false
	},
	"textureWidth": 16,
	"textureHeight": 16,
	"textureSizes": {
	},
	"textures": {
		"mycelium3": "block/plant/mushroom/mycelium3",
		"pigtail": "block/plant/mushroom/pigtail/pigtail",
		"pores": "block/plant/mushroom/pores"		
	},
	"elements": [
		{
			"name": "origin",
			"from": [ 8.0, 0.0, 8.0 ],
			"to": [ 8.0, 0.0, 8.0 ],
			"rotationOrigin": [ 8.0, 0.0, 8.0 ],
			"faces": {
			},
			"children": [
				{
					"name": "small",
					"from": [ 0.0, -1.0, 1.0 ],
					"to": [ 2.0, 1.0, 3.0 ],
					"rotationOrigin": [ 1.0, -1.0, 2.0 ],
					"rotationX": 25.0,
					"rotationY": 14.0,
					"faces": {
						"north": { "texture": "#pigtail", "uv": [ 0.5, 9.5, 2.5, 11.5 ] },
						"east": { "texture": "#pigtail", "uv": [ 0.5, 10.0, 2.5, 12.0 ] },
						"south": { "texture": "#pigtail", "uv": [ 0.5, 10.0, 2.5, 12.0 ] },
						"west": { "texture": "#pigtail", "uv": [ 1.0, 10.0, 3.0, 12.0 ] },
						"up": { "texture": "#pigtail", "uv": [ 6.0, 8.0, 8.0, 10.0 ] },
						"down": { "texture": "#pigtail", "uv": [ 0.0, 13.5, 2.0, 15.5 ] }
					},
					"children": [
						{
							"name": "Cube1",
							"from": [ 0.4, 2.0, 0.4 ],
							"to": [ 1.6, 3.0, 1.6 ],
							"rotationOrigin": [ 1.0, 2.0, 0.9 ],
							"faces": {
								"north": { "texture": "#pigtail", "uv": [ 1.0, 7.0, 2.0, 8.0 ] },
								"east": { "texture": "#pigtail", "uv": [ 0.5, 7.5, 1.5, 8.5 ] },
								"south": { "texture": "#pigtail", "uv": [ 0.0, 6.5, 1.0, 7.5 ] },
								"west": { "texture": "#pigtail", "uv": [ 0.0, 6.5, 1.0, 7.5 ] },
								"up": { "texture": "#pigtail", "uv": [ 2.5, 6.5, 3.5, 7.5 ] }
							}
						}
					]
				},
				{
					"name": "small23",
					"from": [ -1.0, -0.5, -2.0 ],
					"to": [ 1.0, 1.5, 0.0 ],
					"rotationOrigin": [ 0.0, -0.5, -1.0 ],
					"rotationX": 5.0,
					"rotationY": -14.0,
					"rotationZ": -6.0,
					"faces": {
						"north": { "texture": "#pigtail", "uv": [ 0.5, 9.5, 2.5, 11.5 ] },
						"east": { "texture": "#pigtail", "uv": [ 0.5, 10.0, 2.5, 12.0 ] },
						"south": { "texture": "#pigtail", "uv": [ 0.5, 10.0, 2.5, 12.0 ] },
						"west": { "texture": "#pigtail", "uv": [ 1.0, 10.0, 3.0, 12.0 ] },
						"up": { "texture": "#pigtail", "uv": [ 6.0, 8.0, 8.0, 10.0 ] },
						"down": { "texture": "#pigtail", "uv": [ 0.0, 13.5, 2.0, 15.5 ] }
					}
				},
				{
					"name": "voxel27",
					"from": [ 3.0, -0.1, 0.0 ],
					"to": [ 4.0, 0.9, 1.0 ],
					"rotationOrigin": [ 3.5, -0.1, 0.5 ],
					"rotationX": -14.0,
					"rotationY": -42.0,
					"rotationZ": 0.0,
					"faces": {
						"north": { "texture": "#pigtail", "uv": [ 2.0, 13.5, 3.0, 14.5 ] },
						"east": { "texture": "#pigtail", "uv": [ 1.5, 12.0, 2.5, 13.0 ] },
						"south": { "texture": "#pigtail", "uv": [ 0.5, 12.5, 1.5, 13.5 ] },
						"west": { "texture": "#pigtail", "uv": [ 1.0, 11.5, 2.0, 12.5 ] },
						"up": { "texture": "#pigtail", "uv": [ 1.5, 11.0, 2.5, 12.0 ] },
						"down": { "texture": "#pigtail", "uv": [ 1.5, 13.0, 2.5, 14.0 ] }
					}
				},
				{
					"name": "voxel26",
					"from": [ -3.0, -0.1, -2.0 ],
					"to": [ -2.0, 0.9, -1.0 ],
					"rotationOrigin": [ -2.5, -0.1, -1.5 ],
					"rotationX": 9.0,
					"rotationY": 22.0,
					"rotationZ": 4.0,
					"faces": {
						"north": { "texture": "#pigtail", "uv": [ 2.0, 13.5, 3.0, 14.5 ] },
						"east": { "texture": "#pigtail", "uv": [ 1.5, 12.0, 2.5, 13.0 ] },
						"south": { "texture": "#pigtail", "uv": [ 0.5, 12.5, 1.5, 13.5 ] },
						"west": { "texture": "#pigtail", "uv": [ 1.0, 11.5, 2.0, 12.5 ] },
						"up": { "texture": "#pigtail", "uv": [ 1.5, 11.0, 2.5, 12.0 ] },
						"down": { "texture": "#pigtail", "uv": [ 1.5, 13.0, 2.5, 14.0 ] }
					}
				},
				{
					"name": "voxel23",
					"from": [ 1.0, 0.0, -3.0 ],
					"to": [ 2.0, 1.0, -2.0 ],
					"rotationOrigin": [ 1.5, 0.0, -2.5 ],
					"rotationY": -6.0,
					"faces": {
						"north": { "texture": "#pigtail", "uv": [ 2.0, 13.5, 3.0, 14.5 ] },
						"east": { "texture": "#pigtail", "uv": [ 1.5, 12.0, 2.5, 13.0 ] },
						"south": { "texture": "#pigtail", "uv": [ 0.5, 12.5, 1.5, 13.5 ] },
						"west": { "texture": "#pigtail", "uv": [ 1.0, 11.5, 2.0, 12.5 ] },
						"up": { "texture": "#pigtail", "uv": [ 1.5, 11.0, 2.5, 12.0 ] },
						"down": { "texture": "#pigtail", "uv": [ 1.5, 13.0, 2.5, 14.0 ] }
					}
				},
				{
					"name": "voxel1",
					"from": [ -4.0, 0.0, 3.0 ],
					"to": [ -3.0, 1.0, 4.0 ],
					"rotationOrigin": [ -3.5, 0.0, 3.5 ],
					"rotationY": 22.0,
					"faces": {
						"north": { "texture": "#pigtail", "uv": [ 2.0, 13.5, 3.0, 14.5 ] },
						"east": { "texture": "#pigtail", "uv": [ 1.5, 12.0, 2.5, 13.0 ] },
						"south": { "texture": "#pigtail", "uv": [ 0.5, 12.5, 1.5, 13.5 ] },
						"west": { "texture": "#pigtail", "uv": [ 1.0, 11.5, 2.0, 12.5 ] },
						"up": { "texture": "#pigtail", "uv": [ 1.5, 11.0, 2.5, 12.0 ] },
						"down": { "texture": "#pigtail", "uv": [ 1.5, 13.0, 2.5, 14.0 ] }
					}
				},
				{
					"name": "mycelium",
					"from": [ -5.0, 0.1, -5.0 ],
					"to": [ 5.0, 0.1, 5.0 ],
					"renderPass": 3,
					"rotationOrigin": [ 0.0, 0.1, 0.0 ],
					"faces": {
						"up": { "texture": "#mycelium3", "uv": [ 3.0, 3.0, 13.0, 13.0 ] }
					}
				}
			]
		},
		{
			"name": "origin",
			"from": [ 8.0, 0.0, 8.0 ],
			"to": [ 8.0, 0.0, 8.0 ],
			"rotationOrigin": [ 8.0, 0.0, 8.0 ],
			"faces": {
			},
			"children": [
				{
					"name": "voxel26",
					"from": [ -3.0, -0.1, -2.0 ],
					"to": [ -2.0, 0.9, -1.0 ],
					"rotationOrigin": [ -2.5, -0.1, -1.5 ],
					"rotationX": 9.0,
					"rotationY": 22.0,
					"rotationZ": 4.0,
					"faces": {
						"north": { "texture": "#pigtail", "uv": [ 2.0, 13.5, 3.0, 14.5 ] },
						"east": { "texture": "#pigtail", "uv": [ 1.5, 12.0, 2.5, 13.0 ] },
						"south": { "texture": "#pigtail", "uv": [ 0.5, 12.5, 1.5, 13.5 ] },
						"west": { "texture": "#pigtail", "uv": [ 1.0, 11.5, 2.0, 12.5 ] },
						"up": { "texture": "#pigtail", "uv": [ 1.5, 11.0, 2.5, 12.0 ] },
						"down": { "texture": "#pigtail", "uv": [ 1.5, 13.0, 2.5, 14.0 ] }
					}
				},
				{
					"name": "stem3",
					"from": [ -0.7, 1.0, -1.8 ],
					"to": [ 0.8, 4.5, -0.3 ],
					"rotationOrigin": [ 0.1, 1.0, -1.0 ],
					"rotationX": -165.0,
					"rotationY": -66.5,
					"rotationZ": 168.0,
					"faces": {
						"north": { "texture": "#pigtail", "uv": [ 0.5, 7.0, 2.0, 10.5 ] },
						"east": { "texture": "#pigtail", "uv": [ 1.0, 9.0, 2.5, 12.5 ] },
						"south": { "texture": "#pigtail", "uv": [ 1.0, 9.5, 2.5, 13.0 ] },
						"west": { "texture": "#pigtail", "uv": [ 1.0, 8.0, 2.5, 11.5 ] },
						"up": { "texture": "#pigtail", "uv": [ 0.0, 0.0, 1.5, 1.5 ], "windMode": [-1,-1,-1,-1] }
					},
					"children": [
						{
							"name": "stem4",
							"from": [ -0.0236, 2.867, -0.1733 ],
							"to": [ 1.4764, 6.367, 1.3267 ],
							"rotationOrigin": [ 0.7764, 2.867, 0.6267 ],
							"rotationX": 50.82,
							"rotationY": -12.36,
							"rotationZ": 15.88,
							"faces": {
								"north": { "texture": "#pigtail", "uv": [ 0.5, 7.0, 2.0, 10.5 ] },
								"east": { "texture": "#pigtail", "uv": [ 1.0, 9.0, 2.5, 12.5 ] },
								"south": { "texture": "#pigtail", "uv": [ 1.0, 9.5, 2.5, 13.0 ] },
								"west": { "texture": "#pigtail", "uv": [ 1.0, 8.0, 2.5, 11.5 ] },
								"up": { "texture": "#pigtail", "uv": [ 0.0, 0.0, 1.5, 1.5 ], "windMode": [-1,-1,-1,-1] }
							},
							"children": [
								{
									"name": "stem5",
									"from": [ 0.0, 3.0, 0.0 ],
									"to": [ 1.5, 6.5, 1.5 ],
									"rotationOrigin": [ 0.8, 3.0, 0.8 ],
									"rotationX": -12.0,
									"rotationY": 3.0,
									"rotationZ": 40.0,
									"faces": {
										"north": { "texture": "#pigtail", "uv": [ 0.5, 7.0, 2.0, 10.5 ] },
										"east": { "texture": "#pigtail", "uv": [ 1.0, 9.0, 2.5, 12.5 ] },
										"south": { "texture": "#pigtail", "uv": [ 1.0, 9.5, 2.5, 13.0 ] },
										"west": { "texture": "#pigtail", "uv": [ 1.0, 8.0, 2.5, 11.5 ] },
										"up": { "texture": "#pigtail", "uv": [ 0.0, 0.0, 1.5, 1.5 ] }
									},
									"children": [
										{
											"name": "stem6",
											"from": [ -0.02, 2.82, 0.0 ],
											"to": [ 1.48, 6.32, 1.5 ],
											"rotationOrigin": [ 0.7833, 2.8248, 0.8 ],
											"rotationX": -30.91,
											"rotationY": 12.509,
											"rotationZ": 18.057,
											"faces": {
												"north": { "texture": "#pigtail", "uv": [ 0.5, 7.0, 2.0, 10.5 ] },
												"east": { "texture": "#pigtail", "uv": [ 1.0, 9.0, 2.5, 12.5 ] },
												"south": { "texture": "#pigtail", "uv": [ 1.0, 9.5, 2.5, 13.0 ] },
												"west": { "texture": "#pigtail", "uv": [ 1.0, 8.0, 2.5, 11.5 ] },
												"up": { "texture": "#pigtail", "uv": [ 0.0, 0.0, 1.5, 1.5 ] }
											},
											"children": [
												{
													"name": "stem7",
													"from": [ -0.4953, 3.1992, -0.5828 ],
													"to": [ 2.0047, 4.6992, 1.9172 ],
													"rotationOrigin": [ 0.3047, 3.1992, 0.2172 ],
													"faces": {
														"north": { "texture": "#pigtail", "uv": [ 0.5, 7.0, 3.0, 8.5 ] },
														"east": { "texture": "#pigtail", "uv": [ 1.0, 9.0, 3.5, 10.5 ] },
														"south": { "texture": "#pigtail", "uv": [ 1.0, 9.5, 3.5, 11.0 ] },
														"west": { "texture": "#pigtail", "uv": [ 1.0, 8.0, 3.5, 9.5 ] },
														"up": { "texture": "#pigtail", "uv": [ 0.0, 0.0, 2.5, 2.5 ] },
														"down": { "texture": "#pigtail", "uv": [ 1.5, 6.0, 4.0, 8.5 ], "windMode": [-1,-1,-1,-1] }
													}
												}
											]
										}
									]
								}
							]
						}
					]
				}
			]
		}
	]}