{
	"editor": {
		"collapsedPaths": "Root/Cube18/Cube24/Cube62,Root/Cube18/Cube33,Root/Cube68,Root/Cube14,Root/Cube47,Root/Cube18/Cube24/Cube46,Root/Cube18/Cube24/Cube57,Root/Cube18/Cube24/Cube35,Root/Cube18/Cube62,Root/Cube2,Root/Cube6,Root/Cube51,Root/Cube62",
		"allAngles": false,
		"entityTextureMode": false
	},
	"textureWidth": 16,
	"textureHeight": 16,
	"textureSizes": {
	},
	"textures": {
		"iron2": "block/iron2",
		"wood-generic": "block/wood-generic"
	},
	"elements": [
		{
			"name": "Cube18",
			"from": [ 7.7926, 0.0, 6.743 ],
			"to": [ 8.2926, 0.3, 6.943 ],
			"rotationOrigin": [ 7.7, 0.0, 6.9 ],
			"faces": {
				"north": { "texture": "#iron2", "uv": [ 0.0, 0.0, 0.5, 0.5 ] },
				"east": { "texture": "#iron2", "uv": [ 0.0, 0.0, 0.5, 0.5 ] },
				"south": { "texture": "#iron2", "uv": [ 0.0, 0.0, 0.5, 0.5 ] },
				"west": { "texture": "#iron2", "uv": [ 0.0, 0.0, 0.5, 0.5 ] },
				"up": { "texture": "#iron2", "uv": [ 0.0, 0.0, 0.5, 0.5 ] },
				"down": { "texture": "#iron2", "uv": [ 0.0, 0.0, 0.5, 0.5 ] }
			},
			"children": [
				{
					"name": "Cube19",
					"from": [ 0.4332, 0.0, -0.0233 ],
					"to": [ 0.9332, 0.3, 0.1767 ],
					"rotationOrigin": [ 0.4074, 0.0, 0.157 ],
					"rotationY": -22.5,
					"faces": {
						"north": { "texture": "#iron2", "uv": [ 0.0, 0.0, 0.5, 0.5 ] },
						"east": { "texture": "#iron2", "uv": [ 0.0, 0.0, 0.5, 0.5 ] },
						"south": { "texture": "#iron2", "uv": [ 0.0, 0.0, 0.5, 0.5 ] },
						"west": { "texture": "#iron2", "uv": [ 0.0, 0.0, 0.5, 0.5 ] },
						"up": { "texture": "#iron2", "uv": [ 0.0, 0.0, 0.5, 0.5 ] },
						"down": { "texture": "#iron2", "uv": [ 0.0, 0.0, 0.5, 0.5 ] }
					}
				},
				{
					"name": "Cube20",
					"from": [ 0.8709, 0.0, 0.101 ],
					"to": [ 1.3709, 0.3, 0.301 ],
					"rotationOrigin": [ 0.8074, 0.0, 0.257 ],
					"rotationY": -45.0,
					"faces": {
						"north": { "texture": "#iron2", "uv": [ 0.0, 0.0, 0.5, 0.5 ] },
						"east": { "texture": "#iron2", "uv": [ 0.0, 0.0, 0.5, 0.5 ] },
						"south": { "texture": "#iron2", "uv": [ 0.0, 0.0, 0.5, 0.5 ] },
						"west": { "texture": "#iron2", "uv": [ 0.0, 0.0, 0.5, 0.5 ] },
						"up": { "texture": "#iron2", "uv": [ 0.0, 0.0, 0.5, 0.5 ] },
						"down": { "texture": "#iron2", "uv": [ 0.0, 0.0, 0.5, 0.5 ] }
					}
				},
				{
					"name": "Cube21",
					"from": [ 1.238, 0.0, 0.452 ],
					"to": [ 1.738, 0.3, 0.652 ],
					"rotationOrigin": [ 1.2074, 0.0, 0.557 ],
					"rotationY": -67.5,
					"faces": {
						"north": { "texture": "#iron2", "uv": [ 0.0, 0.0, 0.5, 0.5 ] },
						"east": { "texture": "#iron2", "uv": [ 0.0, 0.0, 0.5, 0.5 ] },
						"south": { "texture": "#iron2", "uv": [ 0.0, 0.0, 0.5, 0.5 ] },
						"west": { "texture": "#iron2", "uv": [ 0.0, 0.0, 0.5, 0.5 ] },
						"up": { "texture": "#iron2", "uv": [ 0.0, 0.0, 0.5, 0.5 ] },
						"down": { "texture": "#iron2", "uv": [ 0.0, 0.0, 0.5, 0.5 ] }
					}
				},
				{
					"name": "Cube22",
					"from": [ 1.4548, 0.0, 0.8602 ],
					"to": [ 1.9548, 0.3, 1.0602 ],
					"rotationOrigin": [ 1.4074, 0.0, 0.957 ],
					"rotationY": -89.9802,
					"faces": {
						"north": { "texture": "#iron2", "uv": [ 0.0, 0.0, 0.5, 0.5 ] },
						"east": { "texture": "#iron2", "uv": [ 0.0, 0.0, 0.5, 0.5 ] },
						"south": { "texture": "#iron2", "uv": [ 0.0, 0.0, 0.5, 0.5 ] },
						"west": { "texture": "#iron2", "uv": [ 0.0, 0.0, 0.5, 0.5 ] },
						"up": { "texture": "#iron2", "uv": [ 0.0, 0.0, 0.5, 0.5 ] },
						"down": { "texture": "#iron2", "uv": [ 0.0, 0.0, 0.5, 0.5 ] }
					}
				},
				{
					"name": "Cube25",
					"from": [ 1.238, 0.0, 0.452 ],
					"to": [ 1.738, 0.3, 0.652 ],
					"rotationOrigin": [ 1.2074, 0.0, 0.557 ],
					"rotationY": -67.5,
					"faces": {
						"north": { "texture": "#iron2", "uv": [ 0.0, 0.0, 0.5, 0.5 ] },
						"east": { "texture": "#iron2", "uv": [ 0.0, 0.0, 0.5, 0.5 ] },
						"south": { "texture": "#iron2", "uv": [ 0.0, 0.0, 0.5, 0.5 ] },
						"west": { "texture": "#iron2", "uv": [ 0.0, 0.0, 0.5, 0.5 ] },
						"up": { "texture": "#iron2", "uv": [ 0.0, 0.0, 0.5, 0.5 ] },
						"down": { "texture": "#iron2", "uv": [ 0.0, 0.0, 0.5, 0.5 ] }
					}
				},
				{
					"name": "Cube24",
					"from": [ 1.3548, 0.1, 0.8602 ],
					"to": [ 1.8548, 0.5, 1.0602 ],
					"rotationOrigin": [ 1.3074, 0.1, 0.957 ],
					"rotationY": -89.9802,
					"faces": {
					},
					"children": [
						{
							"name": "Cube23",
							"from": [ -0.6574, 0.0, 1.33 ],
							"to": [ -0.1574, 2.8, 1.53 ],
							"rotationOrigin": [ -0.75, 0.0, 1.5 ],
							"rotationY": 89.9802,
							"faces": {
								"north": { "texture": "#wood-generic", "uv": [ 0.0, 0.0, 16.0, 3.0 ], "rotation": 90, "autoUv": false },
								"east": { "texture": "#wood-generic", "uv": [ 0.0, 0.0, 16.0, 3.0 ], "rotation": 90, "autoUv": false },
								"south": { "texture": "#wood-generic", "uv": [ 0.0, 0.0, 16.0, 3.0 ], "rotation": 90, "autoUv": false },
								"west": { "texture": "#wood-generic", "uv": [ 0.0, 0.0, 16.0, 3.0 ], "rotation": 90, "autoUv": false },
								"up": { "texture": "#wood-generic", "uv": [ 0.0, 0.0, 2.0, 2.0 ], "autoUv": false },
								"down": { "texture": "#wood-generic", "uv": [ 0.0, 0.0, 2.0, 2.0 ], "autoUv": false }
							}
						},
						{
							"name": "Cube26",
							"from": [ -0.42, 0.0, 0.21 ],
							"to": [ 0.08, 2.8, 0.41 ],
							"rotationOrigin": [ -0.45, 0.0, 0.3 ],
							"rotationY": 22.5,
							"faces": {
								"north": { "texture": "#wood-generic", "uv": [ 0.0, 0.0, 16.0, 3.0 ], "rotation": 90, "autoUv": false },
								"east": { "texture": "#wood-generic", "uv": [ 0.0, 0.0, 16.0, 3.0 ], "rotation": 90, "autoUv": false },
								"south": { "texture": "#wood-generic", "uv": [ 0.0, 0.0, 16.0, 3.0 ], "rotation": 90, "autoUv": false },
								"west": { "texture": "#wood-generic", "uv": [ 0.0, 0.0, 16.0, 3.0 ], "rotation": 90, "autoUv": false },
								"up": { "texture": "#wood-generic", "uv": [ 0.0, 0.0, 2.0, 2.0 ], "autoUv": false },
								"down": { "texture": "#wood-generic", "uv": [ 0.0, 0.0, 2.0, 2.0 ], "autoUv": false }
							}
						},
						{
							"name": "Cube28",
							"from": [ -0.788, 0.0, 0.88 ],
							"to": [ -0.288, 2.8, 1.08 ],
							"rotationOrigin": [ -0.85, 0.0, 1.0 ],
							"rotationY": 67.5,
							"faces": {
								"north": { "texture": "#wood-generic", "uv": [ 0.0, 0.0, 16.0, 3.0 ], "rotation": 90, "autoUv": false },
								"east": { "texture": "#wood-generic", "uv": [ 0.0, 0.0, 16.0, 3.0 ], "rotation": 90, "autoUv": false },
								"south": { "texture": "#wood-generic", "uv": [ 0.0, 0.0, 16.0, 3.0 ], "rotation": 90, "autoUv": false },
								"west": { "texture": "#wood-generic", "uv": [ 0.0, 0.0, 16.0, 3.0 ], "rotation": 90, "autoUv": false },
								"up": { "texture": "#wood-generic", "uv": [ 0.0, 0.0, 2.0, 2.0 ], "autoUv": false },
								"down": { "texture": "#wood-generic", "uv": [ 0.0, 0.0, 2.0, 2.0 ], "autoUv": false }
							}
						},
						{
							"name": "Cube27",
							"from": [ -0.62, 0.0, 0.51 ],
							"to": [ -0.26, 2.8, 0.71 ],
							"rotationOrigin": [ -0.75, 0.0, 0.6 ],
							"rotationY": 45.0,
							"faces": {
								"north": { "texture": "#wood-generic", "uv": [ 0.0, 0.0, 16.0, 3.0 ], "rotation": 90, "autoUv": false },
								"east": { "texture": "#wood-generic", "uv": [ 0.0, 0.0, 16.0, 3.0 ], "rotation": 90, "autoUv": false },
								"south": { "texture": "#wood-generic", "uv": [ 0.0, 0.0, 16.0, 3.0 ], "rotation": 90, "autoUv": false },
								"west": { "texture": "#wood-generic", "uv": [ 0.0, 0.0, 16.0, 3.0 ], "rotation": 90, "autoUv": false },
								"up": { "texture": "#wood-generic", "uv": [ 0.0, 0.0, 2.0, 2.0 ], "autoUv": false },
								"down": { "texture": "#wood-generic", "uv": [ 0.0, 0.0, 2.0, 2.0 ], "autoUv": false }
							}
						},
						{
							"name": "Cube35",
							"from": [ 1.3539, 0.0, 0.759 ],
							"to": [ 1.8539, 2.8, 0.959 ],
							"rotationOrigin": [ 1.3067, 0.0, 0.8553 ],
							"rotationY": -89.9802,
							"faces": {
								"north": { "texture": "#wood-generic", "uv": [ 0.0, 0.0, 16.0, 3.0 ], "rotation": 90, "autoUv": false },
								"east": { "texture": "#wood-generic", "uv": [ 0.0, 0.0, 16.0, 3.0 ], "rotation": 90, "autoUv": false },
								"south": { "texture": "#wood-generic", "uv": [ 0.0, 0.0, 16.0, 3.0 ], "rotation": 90, "autoUv": false },
								"west": { "texture": "#wood-generic", "uv": [ 0.0, 0.0, 16.0, 3.0 ], "rotation": 90, "autoUv": false },
								"up": { "texture": "#wood-generic", "uv": [ 0.0, 0.0, 2.0, 2.0 ], "autoUv": false },
								"down": { "texture": "#wood-generic", "uv": [ 0.0, 0.0, 2.0, 2.0 ], "autoUv": false }
							},
							"children": [
								{
									"name": "Cube36",
									"from": [ -0.6574, 0.0, 1.32 ],
									"to": [ -0.1574, 2.8, 1.52 ],
									"rotationOrigin": [ -0.75, 0.0, 1.5 ],
									"rotationY": 89.9802,
									"faces": {
										"north": { "texture": "#wood-generic", "uv": [ 0.0, 0.0, 16.0, 3.0 ], "rotation": 90, "autoUv": false },
										"east": { "texture": "#wood-generic", "uv": [ 0.0, 0.0, 16.0, 3.0 ], "rotation": 90, "autoUv": false },
										"south": { "texture": "#wood-generic", "uv": [ 0.0, 0.0, 16.0, 3.0 ], "rotation": 90, "autoUv": false },
										"west": { "texture": "#wood-generic", "uv": [ 0.0, 0.0, 16.0, 3.0 ], "rotation": 90, "autoUv": false },
										"up": { "texture": "#wood-generic", "uv": [ 0.0, 0.0, 2.0, 2.0 ], "autoUv": false },
										"down": { "texture": "#wood-generic", "uv": [ 0.0, 0.0, 2.0, 2.0 ], "autoUv": false }
									}
								},
								{
									"name": "Cube37",
									"from": [ -0.42, 0.0, 0.21 ],
									"to": [ 0.08, 2.8, 0.41 ],
									"rotationOrigin": [ -0.45, 0.0, 0.3 ],
									"rotationY": 22.5,
									"faces": {
										"north": { "texture": "#wood-generic", "uv": [ 0.0, 0.0, 16.0, 3.0 ], "rotation": 90, "autoUv": false },
										"east": { "texture": "#wood-generic", "uv": [ 0.0, 0.0, 16.0, 3.0 ], "rotation": 90, "autoUv": false },
										"south": { "texture": "#wood-generic", "uv": [ 0.0, 0.0, 16.0, 3.0 ], "rotation": 90, "autoUv": false },
										"west": { "texture": "#wood-generic", "uv": [ 0.0, 0.0, 16.0, 3.0 ], "rotation": 90, "autoUv": false },
										"up": { "texture": "#wood-generic", "uv": [ 0.0, 0.0, 2.0, 2.0 ], "autoUv": false },
										"down": { "texture": "#wood-generic", "uv": [ 0.0, 0.0, 2.0, 2.0 ], "autoUv": false }
									}
								},
								{
									"name": "Cube38",
									"from": [ -0.788, 0.0, 0.912 ],
									"to": [ -0.288, 2.8, 1.112 ],
									"rotationOrigin": [ -0.85, 0.0, 1.0 ],
									"rotationY": 67.5,
									"faces": {
										"north": { "texture": "#wood-generic", "uv": [ 0.0, 0.0, 16.0, 3.0 ], "rotation": 90, "autoUv": false },
										"east": { "texture": "#wood-generic", "uv": [ 0.0, 0.0, 0.5, 2.5 ] },
										"south": { "texture": "#wood-generic", "uv": [ 0.0, 0.0, 16.0, 3.0 ], "rotation": 90, "autoUv": false },
										"west": { "texture": "#wood-generic", "uv": [ 0.0, 0.0, 0.5, 2.5 ] },
										"up": { "texture": "#wood-generic", "uv": [ 0.0, 0.0, 2.0, 2.0 ], "autoUv": false },
										"down": { "texture": "#wood-generic", "uv": [ 0.0, 0.0, 2.0, 2.0 ], "autoUv": false }
									}
								},
								{
									"name": "Cube39",
									"from": [ -0.62, 0.0, 0.51 ],
									"to": [ -0.26, 2.8, 0.71 ],
									"rotationOrigin": [ -0.75, 0.0, 0.6 ],
									"rotationY": 45.0,
									"faces": {
										"north": { "texture": "#wood-generic", "uv": [ 0.0, 0.0, 16.0, 3.0 ], "rotation": 90, "autoUv": false },
										"east": { "texture": "#wood-generic", "uv": [ 0.0, 0.0, 16.0, 3.0 ], "rotation": 90, "autoUv": false },
										"south": { "texture": "#wood-generic", "uv": [ 0.0, 0.0, 16.0, 3.0 ], "rotation": 90, "autoUv": false },
										"west": { "texture": "#wood-generic", "uv": [ 0.0, 0.0, 16.0, 3.0 ], "rotation": 90, "autoUv": false },
										"up": { "texture": "#wood-generic", "uv": [ 0.0, 0.0, 2.0, 2.0 ], "autoUv": false },
										"down": { "texture": "#wood-generic", "uv": [ 0.0, 0.0, 0.5, 0.5 ] }
									}
								},
								{
									"name": "Cube46",
									"from": [ 1.3571, 0.0, 0.7579 ],
									"to": [ 1.8571, 2.8, 0.9579 ],
									"rotationOrigin": [ 1.3097, 0.0, 0.8547 ],
									"rotationX": -179.9354,
									"rotationY": -89.9802,
									"rotationZ": -179.9354,
									"faces": {
										"north": { "texture": "#wood-generic", "uv": [ 0.0, 0.0, 16.0, 3.0 ], "rotation": 90, "autoUv": false },
										"east": { "texture": "#wood-generic", "uv": [ 0.0, 0.0, 16.0, 3.0 ], "rotation": 90, "autoUv": false },
										"south": { "texture": "#wood-generic", "uv": [ 0.0, 0.0, 16.0, 3.0 ], "rotation": 90, "autoUv": false },
										"west": { "texture": "#wood-generic", "uv": [ 0.0, 0.0, 0.5, 2.5 ] },
										"up": { "texture": "#wood-generic", "uv": [ 0.0, 0.0, 2.0, 2.0 ], "autoUv": false },
										"down": { "texture": "#wood-generic", "uv": [ 0.0, 0.0, 0.5, 0.5 ] }
									},
									"children": [
										{
											"name": "Cube48",
											"from": [ -0.42, 0.0, 0.21 ],
											"to": [ 0.08, 2.8, 0.41 ],
											"rotationOrigin": [ -0.45, 0.0, 0.3 ],
											"rotationY": 22.5,
											"faces": {
												"north": { "texture": "#wood-generic", "uv": [ 0.0, 0.0, 16.0, 3.0 ], "rotation": 90, "autoUv": false },
												"east": { "texture": "#wood-generic", "uv": [ 0.0, 0.0, 0.5, 2.5 ] },
												"south": { "texture": "#wood-generic", "uv": [ 0.0, 0.0, 16.0, 3.0 ], "rotation": 90, "autoUv": false },
												"west": { "texture": "#wood-generic", "uv": [ 0.0, 0.0, 0.5, 2.5 ] },
												"up": { "texture": "#wood-generic", "uv": [ 0.0, 0.0, 2.0, 2.0 ], "autoUv": false },
												"down": { "texture": "#wood-generic", "uv": [ 0.0, 0.0, 2.0, 2.0 ], "autoUv": false }
											}
										},
										{
											"name": "Cube49",
											"from": [ -0.788, 0.0, 0.9 ],
											"to": [ -0.288, 2.8, 1.1 ],
											"rotationOrigin": [ -0.85, 0.0, 1.0 ],
											"rotationY": 67.5,
											"faces": {
												"north": { "texture": "#wood-generic", "uv": [ 0.0, 0.0, 16.0, 3.0 ], "rotation": 90, "autoUv": false },
												"east": { "texture": "#wood-generic", "uv": [ 0.0, 0.0, 0.5, 2.5 ] },
												"south": { "texture": "#wood-generic", "uv": [ 0.0, 0.0, 16.0, 3.0 ], "rotation": 90, "autoUv": false },
												"west": { "texture": "#wood-generic", "uv": [ 0.0, 0.0, 0.5, 2.5 ] },
												"up": { "texture": "#wood-generic", "uv": [ 0.0, 0.0, 2.0, 2.0 ], "autoUv": false },
												"down": { "texture": "#wood-generic", "uv": [ 0.0, 0.0, 2.0, 2.0 ], "autoUv": false }
											}
										},
										{
											"name": "Cube50",
											"from": [ -0.62, 0.0, 0.5 ],
											"to": [ -0.26, 2.8, 0.7 ],
											"rotationOrigin": [ -0.75, 0.0, 0.6 ],
											"rotationY": 45.0,
											"faces": {
												"north": { "texture": "#wood-generic", "uv": [ 0.0, 0.0, 16.0, 3.0 ], "rotation": 90, "autoUv": false },
												"east": { "texture": "#wood-generic", "uv": [ 0.0, 0.0, 0.5, 2.5 ] },
												"south": { "texture": "#wood-generic", "uv": [ 0.0, 0.0, 16.0, 3.0 ], "rotation": 90, "autoUv": false },
												"west": { "texture": "#wood-generic", "uv": [ 0.0, 0.0, 0.5, 2.5 ] },
												"up": { "texture": "#wood-generic", "uv": [ 0.0, 0.0, 2.0, 2.0 ], "autoUv": false },
												"down": { "texture": "#wood-generic", "uv": [ 0.0, 0.0, 2.0, 2.0 ], "autoUv": false }
											}
										}
									]
								},
								{
									"name": "Cube57",
									"from": [ 0.5983, 0.0, 2.1155 ],
									"to": [ 1.0983, 0.4, 2.3155 ],
									"rotationOrigin": [ 0.5514, 0.0, 2.2125 ],
									"rotationX": -180.0,
									"rotationZ": -180.0,
									"faces": {
									},
									"children": [
										{
											"name": "Cube59",
											"from": [ -0.42, 0.0, 0.21 ],
											"to": [ 0.08, 2.8, 0.41 ],
											"rotationOrigin": [ -0.45, 0.0, 0.3 ],
											"rotationY": 22.5,
											"faces": {
												"north": { "texture": "#wood-generic", "uv": [ 0.0, 0.0, 16.0, 3.0 ], "rotation": 90, "autoUv": false },
												"east": { "texture": "#wood-generic", "uv": [ 0.0, 0.0, 0.5, 2.5 ] },
												"south": { "texture": "#wood-generic", "uv": [ 0.0, 0.0, 16.0, 3.0 ], "rotation": 90, "autoUv": false },
												"west": { "texture": "#wood-generic", "uv": [ 0.0, 0.0, 0.5, 2.5 ] },
												"up": { "texture": "#wood-generic", "uv": [ 0.0, 0.0, 2.0, 2.0 ], "autoUv": false },
												"down": { "texture": "#wood-generic", "uv": [ 0.0, 0.0, 2.0, 2.0 ], "autoUv": false }
											}
										},
										{
											"name": "Cube60",
											"from": [ -0.788, 0.0, 0.9 ],
											"to": [ -0.288, 2.8, 1.1 ],
											"rotationOrigin": [ -0.85, 0.0, 1.0 ],
											"rotationY": 67.5,
											"faces": {
												"north": { "texture": "#wood-generic", "uv": [ 0.0, 0.0, 16.0, 3.0 ], "rotation": 90, "autoUv": false },
												"east": { "texture": "#wood-generic", "uv": [ 0.0, 0.0, 0.5, 2.5 ] },
												"south": { "texture": "#wood-generic", "uv": [ 0.0, 0.0, 16.0, 3.0 ], "rotation": 90, "autoUv": false },
												"west": { "texture": "#wood-generic", "uv": [ 0.0, 0.0, 0.5, 2.5 ] },
												"up": { "texture": "#wood-generic", "uv": [ 0.0, 0.0, 2.0, 2.0 ], "autoUv": false },
												"down": { "texture": "#wood-generic", "uv": [ 0.0, 0.0, 2.0, 2.0 ], "autoUv": false }
											}
										},
										{
											"name": "Cube61",
											"from": [ -0.62, 0.0, 0.515 ],
											"to": [ -0.26, 2.8, 0.715 ],
											"rotationOrigin": [ -0.75, 0.0, 0.6 ],
											"rotationY": 45.0,
											"faces": {
												"north": { "texture": "#wood-generic", "uv": [ 0.0, 0.0, 16.0, 3.0 ], "rotation": 90, "autoUv": false },
												"east": { "texture": "#wood-generic", "uv": [ 0.0, 0.0, 0.5, 2.5 ] },
												"south": { "texture": "#wood-generic", "uv": [ 0.0, 0.0, 16.0, 3.0 ], "rotation": 90, "autoUv": false },
												"west": { "texture": "#wood-generic", "uv": [ 0.0, 0.0, 0.5, 2.5 ] },
												"up": { "texture": "#wood-generic", "uv": [ 0.0, 0.0, 2.0, 2.0 ], "autoUv": false },
												"down": { "texture": "#wood-generic", "uv": [ 0.0, 0.0, 2.0, 2.0 ], "autoUv": false }
											}
										}
									]
								}
							]
						},
						{
							"name": "Cube41",
							"from": [ 1.3722, -0.1, 1.1295 ],
							"to": [ 1.8722, 0.2, 1.3295 ],
							"rotationOrigin": [ 1.3464, -0.1, 1.3098 ],
							"rotationX": -180.0,
							"rotationY": -67.5,
							"rotationZ": -179.9999,
							"faces": {
								"north": { "texture": "#iron2", "uv": [ 0.0, 0.0, 0.5, 0.5 ] },
								"east": { "texture": "#iron2", "uv": [ 0.0, 0.0, 0.5, 0.5 ] },
								"south": { "texture": "#iron2", "uv": [ 0.0, 0.0, 0.5, 0.5 ] },
								"west": { "texture": "#iron2", "uv": [ 0.0, 0.0, 0.5, 0.5 ] },
								"up": { "texture": "#iron2", "uv": [ 0.0, 0.0, 0.5, 0.5 ] },
								"down": { "texture": "#iron2", "uv": [ 0.0, 0.0, 0.5, 0.5 ] }
							}
						}
					]
				},
				{
					"name": "Cube30",
					"from": [ 1.3752, 0.0, 1.2311 ],
					"to": [ 1.8752, 0.3, 1.4311 ],
					"rotationOrigin": [ 1.3494, 0.0, 1.4114 ],
					"rotationX": -180.0,
					"rotationY": -67.5,
					"rotationZ": -180.0,
					"faces": {
						"north": { "texture": "#iron2", "uv": [ 0.0, 0.0, 0.5, 0.5 ] },
						"east": { "texture": "#iron2", "uv": [ 0.0, 0.0, 0.5, 0.5 ] },
						"south": { "texture": "#iron2", "uv": [ 0.0, 0.0, 0.5, 0.5 ] },
						"west": { "texture": "#iron2", "uv": [ 0.0, 0.0, 0.5, 0.5 ] },
						"up": { "texture": "#iron2", "uv": [ 0.0, 0.0, 0.5, 0.5 ] },
						"down": { "texture": "#iron2", "uv": [ 0.0, 0.0, 0.5, 0.5 ] }
					}
				},
				{
					"name": "Cube31",
					"from": [ 1.3129, 0.0, 1.6554 ],
					"to": [ 1.8129, 0.3, 1.8554 ],
					"rotationOrigin": [ 1.2494, 0.0, 1.8114 ],
					"rotationX": -180.0,
					"rotationY": -45.0,
					"rotationZ": -180.0,
					"faces": {
						"north": { "texture": "#iron2", "uv": [ 0.0, 0.0, 0.5, 0.5 ] },
						"east": { "texture": "#iron2", "uv": [ 0.0, 0.0, 0.5, 0.5 ] },
						"south": { "texture": "#iron2", "uv": [ 0.0, 0.0, 0.5, 0.5 ] },
						"west": { "texture": "#iron2", "uv": [ 0.0, 0.0, 0.5, 0.5 ] },
						"up": { "texture": "#iron2", "uv": [ 0.0, 0.0, 0.5, 0.5 ] },
						"down": { "texture": "#iron2", "uv": [ 0.0, 0.0, 0.5, 0.5 ] }
					}
				},
				{
					"name": "Cube32",
					"from": [ 0.98, 0.0, 2.1064 ],
					"to": [ 1.48, 0.3, 2.3064 ],
					"rotationOrigin": [ 0.9494, 0.0, 2.2114 ],
					"rotationX": -180.0,
					"rotationY": -22.5,
					"rotationZ": -180.0,
					"faces": {
						"north": { "texture": "#iron2", "uv": [ 0.0, 0.0, 0.5, 0.5 ] },
						"east": { "texture": "#iron2", "uv": [ 0.0, 0.0, 0.5, 0.5 ] },
						"south": { "texture": "#iron2", "uv": [ 0.0, 0.0, 0.5, 0.5 ] },
						"west": { "texture": "#iron2", "uv": [ 0.0, 0.0, 0.5, 0.5 ] },
						"up": { "texture": "#iron2", "uv": [ 0.0, 0.0, 0.5, 0.5 ] },
						"down": { "texture": "#iron2", "uv": [ 0.0, 0.0, 0.5, 0.5 ] }
					}
				},
				{
					"name": "Cube33",
					"from": [ 0.5968, 0.0, 2.3146 ],
					"to": [ 1.0968, 0.3, 2.5146 ],
					"rotationOrigin": [ 0.5494, 0.0, 2.4114 ],
					"rotationX": -180.0,
					"rotationY": -0.0198,
					"rotationZ": -180.0,
					"faces": {
						"north": { "texture": "#iron2", "uv": [ 0.0, 0.0, 0.5, 0.5 ] },
						"east": { "texture": "#iron2", "uv": [ 0.0, 0.0, 0.5, 0.5 ] },
						"south": { "texture": "#iron2", "uv": [ 0.0, 0.0, 0.5, 0.5 ] },
						"west": { "texture": "#iron2", "uv": [ 0.0, 0.0, 0.5, 0.5 ] },
						"up": { "texture": "#iron2", "uv": [ 0.0, 0.0, 0.5, 0.5 ] },
						"down": { "texture": "#iron2", "uv": [ 0.0, 0.0, 0.5, 0.5 ] }
					},
					"children": [
						{
							"name": "Cube42",
							"from": [ 0.8705, 0.0, 0.1012 ],
							"to": [ 1.3705, 0.3, 0.3012 ],
							"rotationOrigin": [ 0.807, 0.0, 0.2572 ],
							"rotationX": 0.0,
							"rotationY": -45.0,
							"rotationZ": 0.0,
							"faces": {
								"north": { "texture": "#iron2", "uv": [ 0.0, 0.0, 0.5, 0.5 ] },
								"east": { "texture": "#iron2", "uv": [ 0.0, 0.0, 0.5, 0.5 ] },
								"south": { "texture": "#iron2", "uv": [ 0.0, 0.0, 0.5, 0.5 ] },
								"west": { "texture": "#iron2", "uv": [ 0.0, 0.0, 0.5, 0.5 ] },
								"up": { "texture": "#iron2", "uv": [ 0.0, 0.0, 0.5, 0.5 ] },
								"down": { "texture": "#iron2", "uv": [ 0.0, 0.0, 0.5, 0.5 ] }
							}
						},
						{
							"name": "Cube43",
							"from": [ 1.2376, 0.0, 0.4522 ],
							"to": [ 1.7376, 0.3, 0.6522 ],
							"rotationOrigin": [ 1.207, 0.0, 0.5572 ],
							"rotationX": 0.0,
							"rotationY": -67.5,
							"rotationZ": 0.0,
							"faces": {
								"north": { "texture": "#iron2", "uv": [ 0.0, 0.0, 0.5, 0.5 ] },
								"east": { "texture": "#iron2", "uv": [ 0.0, 0.0, 0.5, 0.5 ] },
								"south": { "texture": "#iron2", "uv": [ 0.0, 0.0, 0.5, 0.5 ] },
								"west": { "texture": "#iron2", "uv": [ 0.0, 0.0, 0.5, 0.5 ] },
								"up": { "texture": "#iron2", "uv": [ 0.0, 0.0, 0.5, 0.5 ] },
								"down": { "texture": "#iron2", "uv": [ 0.0, 0.0, 0.5, 0.5 ] }
							}
						},
						{
							"name": "Cube51",
							"from": [ 1.3429, 0.0, 0.7417 ],
							"to": [ 1.8429, 0.3, 0.9417 ],
							"rotationOrigin": [ 1.2916, 0.0, 0.9542 ],
							"rotationX": 0.0198,
							"rotationY": -89.9802,
							"rotationZ": 0.0198,
							"faces": {
								"north": { "texture": "#iron2", "uv": [ 0.0, 0.0, 0.5, 0.5 ] },
								"east": { "texture": "#iron2", "uv": [ 0.0, 0.0, 0.5, 0.5 ] },
								"south": { "texture": "#iron2", "uv": [ 0.0, 0.0, 0.5, 0.5 ] },
								"west": { "texture": "#iron2", "uv": [ 0.0, 0.0, 0.5, 0.5 ] },
								"up": { "texture": "#iron2", "uv": [ 0.0, 0.0, 0.5, 0.5 ] },
								"down": { "texture": "#iron2", "uv": [ 0.0, 0.0, 0.5, 0.5 ] }
							}
						},
						{
							"name": "Cube52",
							"from": [ 1.3731, 0.0, 1.2326 ],
							"to": [ 1.8731, 0.3, 1.4326 ],
							"rotationOrigin": [ 1.3473, 0.0, 1.4129 ],
							"rotationX": 179.9999,
							"rotationY": -67.5198,
							"rotationZ": 180.0,
							"faces": {
								"north": { "texture": "#iron2", "uv": [ 0.0, 0.0, 0.5, 0.5 ] },
								"east": { "texture": "#iron2", "uv": [ 0.0, 0.0, 0.5, 0.5 ] },
								"south": { "texture": "#iron2", "uv": [ 0.0, 0.0, 0.5, 0.5 ] },
								"west": { "texture": "#iron2", "uv": [ 0.0, 0.0, 0.5, 0.5 ] },
								"up": { "texture": "#iron2", "uv": [ 0.0, 0.0, 0.5, 0.5 ] },
								"down": { "texture": "#iron2", "uv": [ 0.0, 0.0, 0.5, 0.5 ] }
							}
						},
						{
							"name": "Cube53",
							"from": [ 1.3109, 0.0, 1.6569 ],
							"to": [ 1.8109, 0.3, 1.8569 ],
							"rotationOrigin": [ 1.2474, 0.0, 1.8129 ],
							"rotationX": 179.9999,
							"rotationY": -45.0198,
							"rotationZ": 180.0,
							"faces": {
								"north": { "texture": "#iron2", "uv": [ 0.0, 0.0, 0.5, 0.5 ] },
								"east": { "texture": "#iron2", "uv": [ 0.0, 0.0, 0.5, 0.5 ] },
								"south": { "texture": "#iron2", "uv": [ 0.0, 0.0, 0.5, 0.5 ] },
								"west": { "texture": "#iron2", "uv": [ 0.0, 0.0, 0.5, 0.5 ] },
								"up": { "texture": "#iron2", "uv": [ 0.0, 0.0, 0.5, 0.5 ] },
								"down": { "texture": "#iron2", "uv": [ 0.0, 0.0, 0.5, 0.5 ] }
							}
						},
						{
							"name": "Cube54",
							"from": [ 0.9782, 0.0, 2.108 ],
							"to": [ 1.4782, 0.3, 2.308 ],
							"rotationOrigin": [ 0.9476, 0.0, 2.213 ],
							"rotationX": 179.9999,
							"rotationY": -22.5198,
							"rotationZ": -180.0,
							"faces": {
								"north": { "texture": "#iron2", "uv": [ 0.0, 0.0, 0.5, 0.5 ] },
								"east": { "texture": "#iron2", "uv": [ 0.0, 0.0, 0.5, 0.5 ] },
								"south": { "texture": "#iron2", "uv": [ 0.0, 0.0, 0.5, 0.5 ] },
								"west": { "texture": "#iron2", "uv": [ 0.0, 0.0, 0.5, 0.5 ] },
								"up": { "texture": "#iron2", "uv": [ 0.0, 0.0, 0.5, 0.5 ] },
								"down": { "texture": "#iron2", "uv": [ 0.0, 0.0, 0.5, 0.5 ] }
							}
						},
						{
							"name": "Cube56",
							"from": [ 0.9782, 0.0, 2.108 ],
							"to": [ 1.4782, 0.3, 2.308 ],
							"rotationOrigin": [ 0.9476, 0.0, 2.213 ],
							"rotationX": 179.9999,
							"rotationY": -22.5198,
							"rotationZ": -180.0,
							"faces": {
								"north": { "texture": "#null", "uv": [ 0.0, 0.0, 0.5, 0.5 ] },
								"east": { "texture": "#null", "uv": [ 0.0, 0.0, 0.5, 0.5 ] },
								"south": { "texture": "#null", "uv": [ 0.0, 0.0, 0.5, 0.5 ] },
								"west": { "texture": "#null", "uv": [ 0.0, 0.0, 0.5, 0.5 ] },
								"up": { "texture": "#null", "uv": [ 0.0, 0.0, 0.5, 0.5 ] },
								"down": { "texture": "#null", "uv": [ 0.0, 0.0, 0.5, 0.5 ] }
							}
						}
					]
				}
			]
		},
		{
			"name": "Cube68",
			"from": [ 9.247, 2.0, 7.401 ],
			"to": [ 9.747, 2.3, 7.601 ],
			"rotationOrigin": [ 9.1, 2.0, 7.6 ],
			"rotationY": -90.0,
			"faces": {
				"north": { "texture": "#iron2", "uv": [ 0.0, 0.0, 0.5, 0.5 ] },
				"east": { "texture": "#iron2", "uv": [ 0.0, 0.0, 0.5, 0.5 ] },
				"south": { "texture": "#iron2", "uv": [ 0.0, 0.0, 0.5, 0.5 ] },
				"west": { "texture": "#iron2", "uv": [ 0.0, 0.0, 0.5, 0.5 ] },
				"up": { "texture": "#iron2", "uv": [ 0.0, 0.0, 0.5, 0.5 ] },
				"down": { "texture": "#iron2", "uv": [ 0.0, 0.0, 0.5, 0.5 ] }
			},
			"children": [
				{
					"name": "Cube69",
					"from": [ 0.4332, 0.0, -0.0233 ],
					"to": [ 0.9332, 0.3, 0.1767 ],
					"rotationOrigin": [ 0.4074, 0.0, 0.157 ],
					"rotationY": -22.5,
					"faces": {
						"north": { "texture": "#iron2", "uv": [ 0.0, 0.0, 0.5, 0.5 ] },
						"east": { "texture": "#iron2", "uv": [ 0.0, 0.0, 0.5, 0.5 ] },
						"south": { "texture": "#iron2", "uv": [ 0.0, 0.0, 0.5, 0.5 ] },
						"west": { "texture": "#iron2", "uv": [ 0.0, 0.0, 0.5, 0.5 ] },
						"up": { "texture": "#iron2", "uv": [ 0.0, 0.0, 0.5, 0.5 ] },
						"down": { "texture": "#iron2", "uv": [ 0.0, 0.0, 0.5, 0.5 ] }
					}
				},
				{
					"name": "Cube70",
					"from": [ 0.8709, 0.0, 0.101 ],
					"to": [ 1.3709, 0.3, 0.301 ],
					"rotationOrigin": [ 0.8074, 0.0, 0.257 ],
					"rotationY": -45.0,
					"faces": {
						"north": { "texture": "#iron2", "uv": [ 0.0, 0.0, 0.5, 0.5 ] },
						"east": { "texture": "#iron2", "uv": [ 0.0, 0.0, 0.5, 0.5 ] },
						"south": { "texture": "#iron2", "uv": [ 0.0, 0.0, 0.5, 0.5 ] },
						"west": { "texture": "#iron2", "uv": [ 0.0, 0.0, 0.5, 0.5 ] },
						"up": { "texture": "#iron2", "uv": [ 0.0, 0.0, 0.5, 0.5 ] },
						"down": { "texture": "#iron2", "uv": [ 0.0, 0.0, 0.5, 0.5 ] }
					}
				},
				{
					"name": "Cube71",
					"from": [ 1.238, 0.0, 0.452 ],
					"to": [ 1.738, 0.3, 0.652 ],
					"rotationOrigin": [ 1.2074, 0.0, 0.557 ],
					"rotationY": -67.5,
					"faces": {
						"north": { "texture": "#iron2", "uv": [ 0.0, 0.0, 0.5, 0.5 ] },
						"east": { "texture": "#iron2", "uv": [ 0.0, 0.0, 0.5, 0.5 ] },
						"south": { "texture": "#iron2", "uv": [ 0.0, 0.0, 0.5, 0.5 ] },
						"west": { "texture": "#iron2", "uv": [ 0.0, 0.0, 0.5, 0.5 ] },
						"up": { "texture": "#iron2", "uv": [ 0.0, 0.0, 0.5, 0.5 ] },
						"down": { "texture": "#iron2", "uv": [ 0.0, 0.0, 0.5, 0.5 ] }
					}
				},
				{
					"name": "Cube73",
					"from": [ 1.238, 0.0, 0.452 ],
					"to": [ 1.738, 0.3, 0.652 ],
					"rotationOrigin": [ 1.2074, 0.0, 0.557 ],
					"rotationY": -67.5,
					"faces": {
						"north": { "texture": "#iron2", "uv": [ 0.0, 0.0, 0.5, 0.5 ] },
						"east": { "texture": "#iron2", "uv": [ 0.0, 0.0, 0.5, 0.5 ] },
						"south": { "texture": "#iron2", "uv": [ 0.0, 0.0, 0.5, 0.5 ] },
						"west": { "texture": "#iron2", "uv": [ 0.0, 0.0, 0.5, 0.5 ] },
						"up": { "texture": "#iron2", "uv": [ 0.0, 0.0, 0.5, 0.5 ] },
						"down": { "texture": "#iron2", "uv": [ 0.0, 0.0, 0.5, 0.5 ] }
					}
				},
				{
					"name": "Cube62",
					"from": [ -0.7521, 0.0, 1.4393 ],
					"to": [ -0.2521, 0.3, 1.6393 ],
					"rotationOrigin": [ -0.847, 0.0, 1.599 ],
					"rotationY": 89.9802,
					"faces": {
						"north": { "texture": "#iron2", "uv": [ 0.0, 0.0, 0.5, 0.5 ] },
						"east": { "texture": "#iron2", "uv": [ 0.0, 0.0, 0.5, 0.5 ] },
						"south": { "texture": "#iron2", "uv": [ 0.0, 0.0, 0.5, 0.5 ] },
						"west": { "texture": "#iron2", "uv": [ 0.0, 0.0, 0.5, 0.5 ] },
						"up": { "texture": "#iron2", "uv": [ 0.0, 0.0, 0.5, 0.5 ] },
						"down": { "texture": "#iron2", "uv": [ 0.0, 0.0, 0.5, 0.5 ] }
					},
					"children": [
						{
							"name": "Cube63",
							"from": [ 0.4332, 0.0, -0.0233 ],
							"to": [ 0.9332, 0.3, 0.1767 ],
							"rotationOrigin": [ 0.4074, 0.0, 0.157 ],
							"rotationY": -22.5,
							"faces": {
								"north": { "texture": "#iron2", "uv": [ 0.0, 0.0, 0.5, 0.5 ] },
								"east": { "texture": "#iron2", "uv": [ 0.0, 0.0, 0.5, 0.5 ] },
								"south": { "texture": "#iron2", "uv": [ 0.0, 0.0, 0.5, 0.5 ] },
								"west": { "texture": "#iron2", "uv": [ 0.0, 0.0, 0.5, 0.5 ] },
								"up": { "texture": "#iron2", "uv": [ 0.0, 0.0, 0.5, 0.5 ] },
								"down": { "texture": "#iron2", "uv": [ 0.0, 0.0, 0.5, 0.5 ] }
							}
						},
						{
							"name": "Cube64",
							"from": [ 0.8709, 0.0, 0.101 ],
							"to": [ 1.3709, 0.3, 0.301 ],
							"rotationOrigin": [ 0.8074, 0.0, 0.257 ],
							"rotationY": -45.0,
							"faces": {
								"north": { "texture": "#iron2", "uv": [ 0.0, 0.0, 0.5, 0.5 ] },
								"east": { "texture": "#iron2", "uv": [ 0.0, 0.0, 0.5, 0.5 ] },
								"south": { "texture": "#iron2", "uv": [ 0.0, 0.0, 0.5, 0.5 ] },
								"west": { "texture": "#iron2", "uv": [ 0.0, 0.0, 0.5, 0.5 ] },
								"up": { "texture": "#iron2", "uv": [ 0.0, 0.0, 0.5, 0.5 ] },
								"down": { "texture": "#iron2", "uv": [ 0.0, 0.0, 0.5, 0.5 ] }
							}
						},
						{
							"name": "Cube65",
							"from": [ 1.238, 0.0, 0.452 ],
							"to": [ 1.738, 0.3, 0.652 ],
							"rotationOrigin": [ 1.2074, 0.0, 0.557 ],
							"rotationY": -67.5,
							"faces": {
								"north": { "texture": "#iron2", "uv": [ 0.0, 0.0, 0.5, 0.5 ] },
								"east": { "texture": "#iron2", "uv": [ 0.0, 0.0, 0.5, 0.5 ] },
								"south": { "texture": "#iron2", "uv": [ 0.0, 0.0, 0.5, 0.5 ] },
								"west": { "texture": "#iron2", "uv": [ 0.0, 0.0, 0.5, 0.5 ] },
								"up": { "texture": "#iron2", "uv": [ 0.0, 0.0, 0.5, 0.5 ] },
								"down": { "texture": "#iron2", "uv": [ 0.0, 0.0, 0.5, 0.5 ] }
							}
						}
					]
				},
				{
					"name": "Cube74",
					"from": [ 0.607, 0.0, 2.084 ],
					"to": [ 1.107, 0.3, 2.284 ],
					"rotationOrigin": [ 0.553, 0.0, 2.299 ],
					"rotationX": -180.0,
					"rotationZ": -180.0,
					"faces": {
						"north": { "texture": "#iron2", "uv": [ 0.0, 0.0, 0.5, 0.5 ] },
						"east": { "texture": "#iron2", "uv": [ 0.0, 0.0, 0.5, 0.5 ] },
						"south": { "texture": "#iron2", "uv": [ 0.0, 0.0, 0.5, 0.5 ] },
						"west": { "texture": "#iron2", "uv": [ 0.0, 0.0, 0.5, 0.5 ] },
						"up": { "texture": "#iron2", "uv": [ 0.0, 0.0, 0.5, 0.5 ] },
						"down": { "texture": "#iron2", "uv": [ 0.0, 0.0, 0.5, 0.5 ] }
					},
					"children": [
						{
							"name": "Cube75",
							"from": [ 0.4332, 0.0, -0.0233 ],
							"to": [ 0.9332, 0.3, 0.1767 ],
							"rotationOrigin": [ 0.4074, 0.0, 0.157 ],
							"rotationY": -22.5,
							"faces": {
								"north": { "texture": "#iron2", "uv": [ 0.0, 0.0, 0.5, 0.5 ] },
								"east": { "texture": "#iron2", "uv": [ 0.0, 0.0, 0.5, 0.5 ] },
								"south": { "texture": "#iron2", "uv": [ 0.0, 0.0, 0.5, 0.5 ] },
								"west": { "texture": "#iron2", "uv": [ 0.0, 0.0, 0.5, 0.5 ] },
								"up": { "texture": "#iron2", "uv": [ 0.0, 0.0, 0.5, 0.5 ] },
								"down": { "texture": "#iron2", "uv": [ 0.0, 0.0, 0.5, 0.5 ] }
							}
						},
						{
							"name": "Cube76",
							"from": [ 0.8709, 0.0, 0.101 ],
							"to": [ 1.3709, 0.3, 0.301 ],
							"rotationOrigin": [ 0.8074, 0.0, 0.257 ],
							"rotationY": -45.0,
							"faces": {
								"north": { "texture": "#iron2", "uv": [ 0.0, 0.0, 0.5, 0.5 ] },
								"east": { "texture": "#iron2", "uv": [ 0.0, 0.0, 0.5, 0.5 ] },
								"south": { "texture": "#iron2", "uv": [ 0.0, 0.0, 0.5, 0.5 ] },
								"west": { "texture": "#iron2", "uv": [ 0.0, 0.0, 0.5, 0.5 ] },
								"up": { "texture": "#iron2", "uv": [ 0.0, 0.0, 0.5, 0.5 ] },
								"down": { "texture": "#iron2", "uv": [ 0.0, 0.0, 0.5, 0.5 ] }
							}
						},
						{
							"name": "Cube77",
							"from": [ 1.238, 0.0, 0.452 ],
							"to": [ 1.738, 0.3, 0.652 ],
							"rotationOrigin": [ 1.2074, 0.0, 0.557 ],
							"rotationY": -67.5,
							"faces": {
								"north": { "texture": "#iron2", "uv": [ 0.0, 0.0, 0.5, 0.5 ] },
								"east": { "texture": "#iron2", "uv": [ 0.0, 0.0, 0.5, 0.5 ] },
								"south": { "texture": "#iron2", "uv": [ 0.0, 0.0, 0.5, 0.5 ] },
								"west": { "texture": "#iron2", "uv": [ 0.0, 0.0, 0.5, 0.5 ] },
								"up": { "texture": "#iron2", "uv": [ 0.0, 0.0, 0.5, 0.5 ] },
								"down": { "texture": "#iron2", "uv": [ 0.0, 0.0, 0.5, 0.5 ] }
							}
						},
						{
							"name": "Cube79",
							"from": [ 1.238, 0.0, 0.452 ],
							"to": [ 1.738, 0.3, 0.652 ],
							"rotationOrigin": [ 1.2074, 0.0, 0.557 ],
							"rotationY": -67.5,
							"faces": {
								"north": { "texture": "#iron2", "uv": [ 0.0, 0.0, 0.5, 0.5 ] },
								"east": { "texture": "#iron2", "uv": [ 0.0, 0.0, 0.5, 0.5 ] },
								"south": { "texture": "#iron2", "uv": [ 0.0, 0.0, 0.5, 0.5 ] },
								"west": { "texture": "#iron2", "uv": [ 0.0, 0.0, 0.5, 0.5 ] },
								"up": { "texture": "#iron2", "uv": [ 0.0, 0.0, 0.5, 0.5 ] },
								"down": { "texture": "#iron2", "uv": [ 0.0, 0.0, 0.5, 0.5 ] }
							}
						}
					]
				},
				{
					"name": "Cube80",
					"from": [ 1.3581, 0.0, 0.648 ],
					"to": [ 1.8581, 0.3, 0.848 ],
					"rotationOrigin": [ 1.253, 0.0, 0.899 ],
					"rotationY": -89.9802,
					"faces": {
						"north": { "texture": "#iron2", "uv": [ 0.0, 0.0, 0.5, 0.5 ] },
						"east": { "texture": "#iron2", "uv": [ 0.0, 0.0, 0.5, 0.5 ] },
						"south": { "texture": "#iron2", "uv": [ 0.0, 0.0, 0.5, 0.5 ] },
						"west": { "texture": "#iron2", "uv": [ 0.0, 0.0, 0.5, 0.5 ] },
						"up": { "texture": "#iron2", "uv": [ 0.0, 0.0, 0.5, 0.5 ] },
						"down": { "texture": "#iron2", "uv": [ 0.0, 0.0, 0.5, 0.5 ] }
					},
					"children": [
						{
							"name": "Cube81",
							"from": [ 0.4332, 0.0, -0.0233 ],
							"to": [ 0.9332, 0.3, 0.1767 ],
							"rotationOrigin": [ 0.4074, 0.0, 0.157 ],
							"rotationY": -22.5,
							"faces": {
								"north": { "texture": "#iron2", "uv": [ 0.0, 0.0, 0.5, 0.5 ] },
								"east": { "texture": "#iron2", "uv": [ 0.0, 0.0, 0.5, 0.5 ] },
								"south": { "texture": "#iron2", "uv": [ 0.0, 0.0, 0.5, 0.5 ] },
								"west": { "texture": "#iron2", "uv": [ 0.0, 0.0, 0.5, 0.5 ] },
								"up": { "texture": "#iron2", "uv": [ 0.0, 0.0, 0.5, 0.5 ] },
								"down": { "texture": "#iron2", "uv": [ 0.0, 0.0, 0.5, 0.5 ] }
							}
						},
						{
							"name": "Cube82",
							"from": [ 0.8709, 0.0, 0.101 ],
							"to": [ 1.3709, 0.3, 0.301 ],
							"rotationOrigin": [ 0.8074, 0.0, 0.257 ],
							"rotationY": -45.0,
							"faces": {
								"north": { "texture": "#iron2", "uv": [ 0.0, 0.0, 0.5, 0.5 ] },
								"east": { "texture": "#iron2", "uv": [ 0.0, 0.0, 0.5, 0.5 ] },
								"south": { "texture": "#iron2", "uv": [ 0.0, 0.0, 0.5, 0.5 ] },
								"west": { "texture": "#iron2", "uv": [ 0.0, 0.0, 0.5, 0.5 ] },
								"up": { "texture": "#iron2", "uv": [ 0.0, 0.0, 0.5, 0.5 ] },
								"down": { "texture": "#iron2", "uv": [ 0.0, 0.0, 0.5, 0.5 ] }
							}
						},
						{
							"name": "Cube83",
							"from": [ 1.238, 0.0, 0.452 ],
							"to": [ 1.738, 0.3, 0.652 ],
							"rotationOrigin": [ 1.2074, 0.0, 0.557 ],
							"rotationY": -67.5,
							"faces": {
								"north": { "texture": "#iron2", "uv": [ 0.0, 0.0, 0.5, 0.5 ] },
								"east": { "texture": "#iron2", "uv": [ 0.0, 0.0, 0.5, 0.5 ] },
								"south": { "texture": "#iron2", "uv": [ 0.0, 0.0, 0.5, 0.5 ] },
								"west": { "texture": "#iron2", "uv": [ 0.0, 0.0, 0.5, 0.5 ] },
								"up": { "texture": "#iron2", "uv": [ 0.0, 0.0, 0.5, 0.5 ] },
								"down": { "texture": "#iron2", "uv": [ 0.0, 0.0, 0.5, 0.5 ] }
							}
						}
					]
				}
			]
		},
		{
			"name": "Cube2",
			"from": [ 7.7926, 0.5, 6.84 ],
			"to": [ 8.2926, 1.3, 7.04 ],
			"rotationOrigin": [ 7.7926, 0.5, 6.843 ],
			"rotationX": -45.0,
			"faces": {
				"north": { "texture": "#iron2", "uv": [ 0.0, 0.0, 0.5, 0.5 ] },
				"east": { "texture": "#iron2", "uv": [ 0.0, 0.0, 0.5, 0.5 ] },
				"south": { "texture": "#iron2", "uv": [ 0.0, 0.0, 0.5, 0.5 ] },
				"west": { "texture": "#iron2", "uv": [ 0.0, 0.0, 0.5, 0.5 ] },
				"up": { "texture": "#iron2", "uv": [ 0.0, 0.0, 0.5, 0.5 ] },
				"down": { "texture": "#iron2", "uv": [ 0.0, 0.0, 0.5, 0.5 ] }
			},
			"children": [
				{
					"name": "Cube3",
					"from": [ 0.0, 1.6971, 0.7785 ],
					"to": [ 0.5, 1.8971, 1.4785 ],
					"rotationOrigin": [ 0.0, 1.6971, 0.8515 ],
					"rotationX": 45.0,
					"faces": {
						"north": { "texture": "#iron2", "uv": [ 0.0, 0.0, 0.5, 0.5 ] },
						"east": { "texture": "#iron2", "uv": [ 0.0, 0.0, 0.5, 0.5 ] },
						"south": { "texture": "#iron2", "uv": [ 0.0, 0.0, 0.5, 0.5 ] },
						"west": { "texture": "#iron2", "uv": [ 0.0, 0.0, 0.5, 0.5 ] },
						"up": { "texture": "#iron2", "uv": [ 0.0, 0.0, 0.5, 0.5 ] },
						"down": { "texture": "#iron2", "uv": [ 0.0, 0.0, 0.5, 0.5 ] }
					}
				},
				{
					"name": "Cube4",
					"from": [ 0.0, 0.8807, -0.3046 ],
					"to": [ 0.5, 1.6807, -0.1046 ],
					"rotationOrigin": [ 0.0, 0.0707, -0.3506 ],
					"rotationX": 22.5,
					"faces": {
						"north": { "texture": "#iron2", "uv": [ 0.0, 0.0, 0.5, 0.5 ] },
						"east": { "texture": "#iron2", "uv": [ 0.0, 0.0, 0.5, 0.5 ] },
						"south": { "texture": "#iron2", "uv": [ 0.0, 0.0, 0.5, 0.5 ] },
						"west": { "texture": "#iron2", "uv": [ 0.0, 0.0, 0.5, 0.5 ] },
						"up": { "texture": "#iron2", "uv": [ 0.0, 0.0, 0.5, 0.5 ] },
						"down": { "texture": "#iron2", "uv": [ 0.0, 0.0, 0.5, 0.5 ] }
					}
				},
				{
					"name": "Cube5",
					"from": [ 0.0, 1.7899, -0.2528 ],
					"to": [ 0.5, 2.4899, -0.0528 ],
					"rotationOrigin": [ 0.0, 0.9899, -0.2798 ],
					"rotationX": 45.0,
					"faces": {
						"north": { "texture": "#iron2", "uv": [ 0.0, 0.0, 0.5, 0.5 ] },
						"east": { "texture": "#iron2", "uv": [ 0.0, 0.0, 0.5, 0.5 ] },
						"south": { "texture": "#iron2", "uv": [ 0.0, 0.0, 0.5, 0.5 ] },
						"west": { "texture": "#iron2", "uv": [ 0.0, 0.0, 0.5, 0.5 ] },
						"up": { "texture": "#iron2", "uv": [ 0.0, 0.0, 0.5, 0.5 ] },
						"down": { "texture": "#iron2", "uv": [ 0.0, 0.0, 0.5, 0.5 ] }
					}
				}
			]
		},
		{
			"name": "Cube47",
			"from": [ 7.43, 0.3, 7.02 ],
			"to": [ 8.63, 0.6, 8.92 ],
			"rotationOrigin": [ 7.4, 0.3, 7.2 ],
			"faces": {
				"north": { "texture": "#wood-generic", "uv": [ 0.0, 0.0, 1.0, 0.5 ] },
				"east": { "texture": "#wood-generic", "uv": [ 0.0, 0.0, 1.5, 0.5 ] },
				"south": { "texture": "#wood-generic", "uv": [ 0.0, 0.0, 1.0, 0.5 ] },
				"west": { "texture": "#wood-generic", "uv": [ 0.0, 0.0, 1.5, 0.5 ] },
				"up": { "texture": "#wood-generic", "uv": [ 0.0, 0.5, 9.0, 16.0 ], "autoUv": false },
				"down": { "texture": "#wood-generic", "uv": [ 0.0, 0.5, 9.0, 16.0 ], "autoUv": false }
			},
			"children": [
				{
					"name": "Cube58",
					"from": [ 1.255, 0.0, 0.0 ],
					"to": [ 2.855, 0.3, 0.25 ],
					"rotationOrigin": [ 1.27, 0.0, 0.18 ],
					"rotationY": -90.0,
					"faces": {
						"north": { "texture": "#wood-generic", "uv": [ 0.0, 0.0, 1.5, 0.5 ] },
						"east": { "texture": "#wood-generic", "uv": [ 0.0, 0.0, 0.5, 0.5 ] },
						"south": { "texture": "#wood-generic", "uv": [ 0.0, 0.0, 1.5, 0.5 ] },
						"west": { "texture": "#wood-generic", "uv": [ 0.0, 0.0, 0.5, 0.5 ] },
						"up": { "texture": "#wood-generic", "uv": [ 0.0, 0.0, 10.5, 1.5 ], "autoUv": false },
						"down": { "texture": "#wood-generic", "uv": [ 0.0, 0.0, 11.5, 1.5 ], "autoUv": false }
					}
				},
				{
					"name": "Cube66",
					"from": [ -0.14, 0.0, 0.05 ],
					"to": [ 1.48, 0.3, 0.3 ],
					"rotationOrigin": [ -0.13, 0.0, 0.18 ],
					"rotationY": -90.0,
					"faces": {
						"north": { "texture": "#wood-generic", "uv": [ 0.0, 0.0, 1.5, 0.5 ] },
						"east": { "texture": "#wood-generic", "uv": [ 0.0, 0.0, 0.5, 0.5 ] },
						"south": { "texture": "#wood-generic", "uv": [ 0.0, 0.0, 1.5, 0.5 ] },
						"west": { "texture": "#wood-generic", "uv": [ 0.0, 0.0, 0.5, 0.5 ] },
						"up": { "texture": "#wood-generic", "uv": [ 0.0, 0.0, 11.5, 1.5 ], "autoUv": false },
						"down": { "texture": "#wood-generic", "uv": [ 0.0, 0.0, 11.5, 1.5 ], "autoUv": false }
					}
				},
				{
					"name": "Cube72",
					"from": [ -0.31, 0.0, 0.4 ],
					"to": [ 0.59, 0.3, 0.5 ],
					"rotationOrigin": [ -0.33, 0.0, 0.48 ],
					"rotationY": -90.0,
					"faces": {
						"north": { "texture": "#wood-generic", "uv": [ 0.0, 0.0, 0.5, 0.5 ] },
						"east": { "texture": "#wood-generic", "uv": [ 0.0, 0.0, 0.5, 0.5 ] },
						"south": { "texture": "#wood-generic", "uv": [ 0.0, 0.0, 0.5, 0.5 ] },
						"west": { "texture": "#wood-generic", "uv": [ 0.0, 0.0, 0.5, 0.5 ] },
						"up": { "texture": "#wood-generic", "uv": [ 0.0, 0.0, 5.5, 1.5 ], "autoUv": false },
						"down": { "texture": "#wood-generic", "uv": [ 0.0, 0.0, 5.5, 1.5 ], "autoUv": false }
					}
				},
				{
					"name": "Cube78",
					"from": [ 1.49, 0.0, 0.35 ],
					"to": [ 2.49, 0.3, 0.5 ],
					"rotationOrigin": [ 1.47, 0.0, 0.48 ],
					"rotationY": -90.0,
					"faces": {
						"north": { "texture": "#wood-generic", "uv": [ 0.0, 0.0, 1.0, 0.5 ], "autoUv": false },
						"east": { "texture": "#wood-generic", "uv": [ 0.0, 0.0, 0.5, 0.5 ] },
						"south": { "texture": "#wood-generic", "uv": [ 0.0, 0.0, 1.0, 0.5 ] },
						"west": { "texture": "#wood-generic", "uv": [ 0.0, 0.0, 0.5, 0.5 ] },
						"up": { "texture": "#wood-generic", "uv": [ 0.0, 0.0, 5.0, 1.5 ], "autoUv": false },
						"down": { "texture": "#wood-generic", "uv": [ 0.0, 0.0, 5.0, 1.5 ], "autoUv": false }
					}
				}
			]
		}
	]}