{
	"editor": {
		"collapsedPaths": "Root/Cube18/Cube24/Cube62,Root/Cube18/Cube33,Root/Cube68,Root/Cube14,Root/Cube47,Root/Cube18/Cube24/Cube46,Root/Cube18/Cube24/Cube57,Root/Cube18/Cube24/Cube35,Root/Cube18/Cube62,Root/Cube2,Root/Cube6,Root/Cube51,Root/Cube62",
		"allAngles": false,
		"entityTextureMode": false
	},
	"textureWidth": 16,
	"textureHeight": 16,
	"textureSizes": {
	},
	"textures": {
	},
	"elements": [
		{
			"name": "Cube55",
			"from": [ 7.43, 0.7, 7.02 ],
			"to": [ 8.63, 0.7, 8.92 ],
			"renderPass": 4,
			"rotationOrigin": [ 7.4, 0.7, 7.2 ],
			"faces": {
				"north": { "texture": "#null", "uv": [ 0.0, 0.0, 0.0, 0.0 ], "autoUv": false },
				"east": { "texture": "#null", "uv": [ 0.0, 0.0, 1.5, 0.5 ] },
				"south": { "texture": "#null", "uv": [ 0.0, 0.0, 1.0, 0.5 ] },
				"west": { "texture": "#null", "uv": [ 0.0, 0.0, 1.0, 1.0 ], "autoUv": false },
				"up": { "texture": "#null", "uv": [ 0.0, 0.0, 1.0, 1.5 ] },
				"down": { "texture": "#null", "uv": [ 0.0, 0.0, 1.0, 1.5 ] }
			},
			"children": [
				{
					"name": "Cube67",
					"from": [ 1.255, 0.0, 0.0 ],
					"to": [ 2.855, 0.0, 0.25 ],
					"renderPass": 4,
					"rotationOrigin": [ 1.27, 0.0, 0.18 ],
					"rotationY": -90.0,
					"faces": {
						"north": { "texture": "#null", "uv": [ 0.0, 0.0, 1.0, 1.0 ], "autoUv": false },
						"east": { "texture": "#null", "uv": [ 0.0, 0.0, 0.5, 0.5 ] },
						"south": { "texture": "#null", "uv": [ 0.0, 0.0, 1.5, 0.5 ] },
						"west": { "texture": "#null", "uv": [ 0.0, 0.0, 0.5, 0.5 ] },
						"up": { "texture": "#null", "uv": [ 0.0, 0.0, 1.5, 0.5 ] },
						"down": { "texture": "#null", "uv": [ 0.0, 0.0, 1.5, 0.5 ] }
					}
				},
				{
					"name": "Cube84",
					"from": [ -0.14, 0.0, 0.05 ],
					"to": [ 1.48, 0.0, 0.3 ],
					"renderPass": 4,
					"rotationOrigin": [ -0.13, 0.0, 0.18 ],
					"rotationY": -90.0,
					"faces": {
						"north": { "texture": "#null", "uv": [ 0.0, 0.0, 1.5, 0.5 ] },
						"east": { "texture": "#null", "uv": [ 0.0, 0.0, 0.5, 0.5 ] },
						"south": { "texture": "#null", "uv": [ 0.0, 0.0, 1.5, 0.5 ] },
						"west": { "texture": "#null", "uv": [ 0.0, 0.0, 0.5, 0.5 ] },
						"up": { "texture": "#null", "uv": [ 0.0, 0.0, 1.5, 0.5 ] },
						"down": { "texture": "#null", "uv": [ 0.0, 0.0, 1.5, 0.5 ] }
					}
				},
				{
					"name": "Cube85",
					"from": [ -0.31, 0.0, 0.4 ],
					"to": [ 0.59, 0.0, 0.5 ],
					"renderPass": 4,
					"rotationOrigin": [ -0.33, 0.0, 0.48 ],
					"rotationY": -90.0,
					"faces": {
						"north": { "texture": "#null", "uv": [ 0.0, 0.0, 3.5, 3.0 ], "autoUv": false },
						"east": { "texture": "#null", "uv": [ 0.0, 0.0, 0.5, 0.5 ] },
						"south": { "texture": "#null", "uv": [ 0.0, 0.0, 0.5, 0.5 ] },
						"west": { "texture": "#null", "uv": [ 0.0, 0.0, 0.5, 0.5 ] },
						"up": { "texture": "#null", "uv": [ 0.0, 0.0, 0.5, 0.5 ] },
						"down": { "texture": "#null", "uv": [ 0.0, 0.0, 0.5, 0.5 ] }
					}
				},
				{
					"name": "Cube86",
					"from": [ 1.49, 0.0, 0.35 ],
					"to": [ 2.49, 0.0, 0.5 ],
					"renderPass": 4,
					"rotationOrigin": [ 1.47, 0.0, 0.48 ],
					"rotationY": -90.0,
					"faces": {
						"north": { "texture": "#null", "uv": [ 0.0, 0.0, 3.0, 1.0 ], "autoUv": false },
						"east": { "texture": "#null", "uv": [ 0.0, 0.0, 0.5, 0.5 ] },
						"south": { "texture": "#null", "uv": [ 0.0, 0.0, 1.0, 0.5 ] },
						"west": { "texture": "#null", "uv": [ 0.0, 0.0, 0.5, 0.5 ] },
						"up": { "texture": "#null", "uv": [ 0.0, 0.0, 1.0, 0.5 ] },
						"down": { "texture": "#null", "uv": [ 0.0, 0.0, 1.0, 0.5 ] }
					}
				}
			]
		}
	]}