{
	"editor": {
		"collapsedPaths": "Root/origin/stem8,Root/origin/stem1",
		"allAngles": true,
		"entityTextureMode": false
	},
	"textureWidth": 16,
	"textureHeight": 16,
	"textureSizes": {
	},
	"textures": {
		"plumphelmet": "block/plant/mushroom/plumphelmet/plumphelmet",
		"mycelium1": "block/plant/mushroom/mycelium1",
		"gills": "block/plant/mushroom/gills"
	},
	"elements": [
		{
			"name": "origin",
			"from": [ 8.0, 0.0, 8.0 ],
			"to": [ 8.0, 0.0, 8.0 ],
			"rotationOrigin": [ 8.0, 0.0, 8.0 ],
			"faces": {
			},
			"children": [
				{
					"name": "stem8",
					"from": [ -1.5, -0.1, 0.6 ],
					"to": [ -0.5, 2.9, 1.6 ],
					"rotationOrigin": [ -1.0, 0.0, 1.1 ],
					"rotationY": 64.0,
					"rotationZ": 8.0,
					"faces": {
						"north": { "texture": "#plumphelmet", "uv": [ 13.0, 10.0, 14.0, 13.0 ] },
						"east": { "texture": "#plumphelmet", "uv": [ 13.0, 10.5, 14.0, 13.5 ] },
						"south": { "texture": "#plumphelmet", "uv": [ 13.0, 10.5, 14.0, 13.5 ] },
						"west": { "texture": "#plumphelmet", "uv": [ 14.0, 9.5, 15.0, 12.5 ] }
					},
					"children": [
						{
							"name": "cap9",
							"from": [ -0.8, 2.8, -0.8 ],
							"to": [ 1.7, 3.8, 1.7 ],
							"rotationOrigin": [ 0.5, 2.8, 0.5 ],
							"rotationX": 6.0,
							"rotationY": 19.0,
							"rotationZ": -8.0,
							"faces": {
								"north": { "texture": "#plumphelmet", "uv": [ 2.0, 9.5, 4.5, 10.5 ] },
								"east": { "texture": "#plumphelmet", "uv": [ 2.0, 9.5, 4.5, 10.5 ] },
								"south": { "texture": "#plumphelmet", "uv": [ 4.0, 10.5, 6.5, 11.5 ] },
								"west": { "texture": "#plumphelmet", "uv": [ 2.0, 10.0, 4.5, 11.0 ] },
								"up": { "texture": "#plumphelmet", "uv": [ 4.0, 10.5, 6.5, 13.0 ] },
								"down": { "texture": "#gills", "uv": [ 9.5, 11.5, 12.0, 14.0 ] }
							},
							"children": [
								{
									"name": "tip9",
									"from": [ 0.5, 1.0, 0.5 ],
									"to": [ 2.0, 2.5, 2.0 ],
									"rotationOrigin": [ 0.5, 1.0, 0.5 ],
									"faces": {
										"north": { "texture": "#plumphelmet", "uv": [ 1.0, 9.5, 2.5, 11.0 ] },
										"east": { "texture": "#plumphelmet", "uv": [ 6.0, 9.0, 7.5, 10.5 ] },
										"south": { "texture": "#plumphelmet", "uv": [ 1.5, 8.0, 3.0, 9.5 ] },
										"west": { "texture": "#plumphelmet", "uv": [ 3.0, 9.0, 4.5, 10.5 ] },
										"up": { "texture": "#plumphelmet", "uv": [ 5.0, 11.0, 6.5, 12.5 ] }
									}
								}
							]
						}
					]
				},
				{
					"name": "stem10",
					"from": [ 0.5, -0.2, -0.5 ],
					"to": [ 1.5, 1.3, 0.5 ],
					"rotationOrigin": [ 1.0, -0.1, 0.0 ],
					"rotationX": 18.0,
					"rotationY": 171.0,
					"rotationZ": 5.0,
					"faces": {
						"north": { "texture": "#plumphelmet", "uv": [ 8.0, 10.0, 9.0, 11.5 ] },
						"east": { "texture": "#plumphelmet", "uv": [ 8.5, 12.0, 9.5, 13.5 ] },
						"south": { "texture": "#plumphelmet", "uv": [ 9.5, 9.0, 10.5, 10.5 ] },
						"west": { "texture": "#plumphelmet", "uv": [ 8.0, 10.0, 9.0, 11.5 ] }
					},
					"children": [
						{
							"name": "cap11",
							"from": [ -0.5, 1.3, -0.5 ],
							"to": [ 1.5, 2.8, 1.5 ],
							"rotationOrigin": [ 0.5, 1.3, 0.5 ],
							"rotationX": -11.0,
							"rotationZ": 8.0,
							"faces": {
								"north": { "texture": "#plumphelmet", "uv": [ 4.5, 2.0, 6.5, 3.5 ] },
								"east": { "texture": "#plumphelmet", "uv": [ 4.5, 3.5, 6.5, 5.0 ] },
								"south": { "texture": "#plumphelmet", "uv": [ 3.5, 3.5, 5.5, 5.0 ] },
								"west": { "texture": "#plumphelmet", "uv": [ 6.5, 2.5, 8.5, 4.0 ] },
								"up": { "texture": "#plumphelmet", "uv": [ 7.0, 5.0, 9.0, 7.0 ] },
								"down": { "texture": "#gills", "uv": [ 9.5, 10.5, 11.5, 12.5 ] }
							},
							"children": [
								{
									"name": "tip12",
									"from": [ 0.3, 1.5, 0.3 ],
									"to": [ 1.7, 2.5, 1.7 ],
									"rotationOrigin": [ 1.0, 1.5, 1.0 ],
									"faces": {
										"north": { "texture": "#plumphelmet", "uv": [ 13.5, 4.5, 14.5, 5.5 ] },
										"east": { "texture": "#plumphelmet", "uv": [ 11.0, 3.0, 12.0, 4.0 ] },
										"south": { "texture": "#plumphelmet", "uv": [ 5.0, 0.5, 6.0, 1.5 ] },
										"west": { "texture": "#plumphelmet", "uv": [ 6.5, 5.0, 7.5, 6.0 ] },
										"up": { "texture": "#plumphelmet", "uv": [ 10.5, 6.0, 11.5, 7.0 ] }
									}
								}
							]
						}
					]
				},
				{
					"name": "stem13",
					"from": [ -1.2, -0.2, -1.5 ],
					"to": [ -0.2, 1.8, -0.5 ],
					"rotationOrigin": [ -0.7, -0.1, -1.0 ],
					"rotationX": -6.0,
					"rotationY": -69.0,
					"rotationZ": 14.0,
					"faces": {
						"north": { "texture": "#plumphelmet", "uv": [ 8.5, 12.0, 9.5, 14.0 ] },
						"east": { "texture": "#plumphelmet", "uv": [ 9.0, 10.5, 10.0, 12.5 ] },
						"south": { "texture": "#plumphelmet", "uv": [ 9.5, 12.0, 10.5, 14.0 ] },
						"west": { "texture": "#plumphelmet", "uv": [ 9.5, 12.0, 10.5, 14.0 ] }
					},
					"children": [
						{
							"name": "cap14",
							"from": [ -0.5, 1.9, -0.5 ],
							"to": [ 1.5, 2.9, 1.5 ],
							"rotationOrigin": [ 0.5, 1.9, 0.5 ],
							"rotationY": 14.0,
							"rotationZ": -14.0,
							"faces": {
								"north": { "texture": "#plumphelmet", "uv": [ 8.0, 2.0, 10.0, 3.0 ] },
								"east": { "texture": "#plumphelmet", "uv": [ 8.0, 0.5, 10.0, 1.5 ] },
								"south": { "texture": "#plumphelmet", "uv": [ 2.0, 3.5, 4.0, 4.5 ] },
								"west": { "texture": "#plumphelmet", "uv": [ 3.5, 4.5, 5.5, 5.5 ] },
								"up": { "texture": "#plumphelmet", "uv": [ 3.0, 4.5, 5.0, 6.5 ] },
								"down": { "texture": "#gills", "uv": [ 10.0, 8.5, 12.0, 10.5 ] }
							},
							"children": [
								{
									"name": "tip15",
									"from": [ 0.3, 1.0, 0.3 ],
									"to": [ 1.7, 2.5, 1.7 ],
									"rotationOrigin": [ 1.0, 1.0, 1.0 ],
									"faces": {
										"north": { "texture": "#plumphelmet", "uv": [ 7.5, 0.0, 8.5, 1.5 ] },
										"east": { "texture": "#plumphelmet", "uv": [ 12.5, 0.0, 13.5, 1.5 ] },
										"south": { "texture": "#plumphelmet", "uv": [ 7.0, 0.5, 8.0, 2.0 ] },
										"west": { "texture": "#plumphelmet", "uv": [ 4.5, 5.5, 5.5, 7.0 ] },
										"up": { "texture": "#plumphelmet", "uv": [ 4.5, 1.0, 5.5, 2.0 ] }
									}
								}
							]
						}
					]
				},
				{
					"name": "mycelium",
					"from": [ -2.0, 0.1, -2.0 ],
					"to": [ 2.0, 0.1, 2.0 ],
					"renderPass": 3,
					"rotationOrigin": [ 0.0, 0.1, 0.0 ],
					"faces": {
						"up": { "texture": "#mycelium1", "uv": [ 6.0, 6.0, 10.0, 10.0 ] }
					}
				}
			]
		}
	]}