{
	"editor": {
		"collapsedPaths": "Root/origin/stem8,Root/origin/stem1",
		"allAngles": true,
		"entityTextureMode": false
	},
	"textureWidth": 16,
	"textureHeight": 16,
	"textureSizes": {
	},
	"textures": {
		"plumphelmet": "block/plant/mushroom/plumphelmet/plumphelmet",
		"mycelium2": "block/plant/mushroom/mycelium2",
		"gills": "block/plant/mushroom/gills"		
	},
	"elements": [
		{
			"name": "origin",
			"from": [ 8.0, 0.0, 8.0 ],
			"to": [ 8.0, 0.0, 8.0 ],
			"rotationOrigin": [ 8.0, 0.0, 8.0 ],
			"faces": {
			},
			"children": [
				{
					"name": "stem1",
					"from": [ -1.5, -0.3, -1.2 ],
					"to": [ -0.5, 1.7, -0.2 ],
					"rotationOrigin": [ -1.0, -0.2, -0.7 ],
					"rotationX": -10.0,
					"rotationY": 27.0,
					"rotationZ": 6.0,
					"faces": {
						"north": { "texture": "#plumphelmet", "uv": [ 8.0, 10.0, 9.0, 12.0 ] },
						"east": { "texture": "#plumphelmet", "uv": [ 10.0, 9.5, 11.0, 11.5 ] },
						"south": { "texture": "#plumphelmet", "uv": [ 8.5, 12.0, 9.5, 14.0 ] },
						"west": { "texture": "#plumphelmet", "uv": [ 9.0, 11.5, 10.0, 13.5 ] }
					},
					"children": [
						{
							"name": "cap1",
							"from": [ -0.5, 1.8, -0.5 ],
							"to": [ 1.5, 3.8, 1.5 ],
							"rotationOrigin": [ 0.5, 1.8, 0.5 ],
							"rotationY": 19.0,
							"rotationZ": 8.0,
							"faces": {
								"north": { "texture": "#plumphelmet", "uv": [ 9.5, 0.5, 11.5, 2.5 ] },
								"east": { "texture": "#plumphelmet", "uv": [ 7.5, 0.0, 9.5, 2.0 ] },
								"south": { "texture": "#plumphelmet", "uv": [ 4.0, 1.5, 6.0, 3.5 ] },
								"west": { "texture": "#plumphelmet", "uv": [ 2.0, 1.0, 4.0, 3.0 ] },
								"up": { "texture": "#plumphelmet", "uv": [ 6.5, 2.0, 8.5, 4.0 ] },
								"down": { "texture": "#gills", "uv": [ 11.5, 10.5, 13.5, 12.5 ] }
							},
							"children": [
								{
									"name": "tip1",
									"from": [ 0.3, 2.0, 0.3 ],
									"to": [ 1.7, 3.0, 1.7 ],
									"rotationOrigin": [ 1.0, 2.0, 1.0 ],
									"faces": {
										"north": { "texture": "#plumphelmet", "uv": [ 8.0, 1.5, 9.0, 2.5 ] },
										"east": { "texture": "#plumphelmet", "uv": [ 7.5, 0.0, 8.5, 1.0 ] },
										"south": { "texture": "#plumphelmet", "uv": [ 8.5, 3.0, 9.5, 4.0 ] },
										"west": { "texture": "#plumphelmet", "uv": [ 7.5, 6.0, 8.5, 7.0 ] },
										"up": { "texture": "#plumphelmet", "uv": [ 8.0, 3.5, 9.0, 4.5 ] }
									}
								}
							]
						}
					]
				},
				{
					"name": "stem13",
					"from": [ -0.5, -0.2, 0.7 ],
					"to": [ 0.5, 0.8, 1.7 ],
					"rotationOrigin": [ 0.0, -0.1, 1.2 ],
					"rotationX": 13.0,
					"rotationY": 55.0,
					"rotationZ": 6.0,
					"faces": {
						"north": { "texture": "#plumphelmet", "uv": [ 10.0, 11.5, 11.0, 12.5 ] },
						"east": { "texture": "#plumphelmet", "uv": [ 9.5, 12.5, 10.5, 13.5 ] },
						"south": { "texture": "#plumphelmet", "uv": [ 9.5, 11.5, 10.5, 12.5 ] },
						"west": { "texture": "#plumphelmet", "uv": [ 9.0, 9.0, 10.0, 10.0 ] }
					},
					"children": [
						{
							"name": "cap14",
							"from": [ -0.5, 0.9, -0.5 ],
							"to": [ 1.5, 1.9, 1.5 ],
							"rotationOrigin": [ 0.5, 0.9, 0.5 ],
							"rotationY": 28.0,
							"faces": {
								"north": { "texture": "#plumphelmet", "uv": [ 6.5, 2.5, 8.5, 3.5 ] },
								"east": { "texture": "#plumphelmet", "uv": [ 5.0, 2.0, 7.0, 3.0 ] },
								"south": { "texture": "#plumphelmet", "uv": [ 6.0, 2.0, 8.0, 3.0 ] },
								"west": { "texture": "#plumphelmet", "uv": [ 4.0, 4.5, 6.0, 5.5 ] },
								"up": { "texture": "#plumphelmet", "uv": [ 8.0, 5.0, 10.0, 7.0 ] },
								"down": { "texture": "#gills", "uv": [ 11.5, 12.0, 13.5, 14.0 ] }
							},
							"children": [
								{
									"name": "tip15",
									"from": [ 0.3, 1.0, 0.3 ],
									"to": [ 1.7, 2.0, 1.7 ],
									"rotationOrigin": [ 1.0, 1.0, 1.0 ],
									"faces": {
										"north": { "texture": "#plumphelmet", "uv": [ 5.0, 2.5, 6.0, 3.5 ] },
										"east": { "texture": "#plumphelmet", "uv": [ 5.0, 1.5, 6.0, 2.5 ] },
										"south": { "texture": "#plumphelmet", "uv": [ 6.5, 3.0, 7.5, 4.0 ] },
										"west": { "texture": "#plumphelmet", "uv": [ 4.0, 4.5, 5.0, 5.5 ] },
										"up": { "texture": "#plumphelmet", "uv": [ 7.5, 5.5, 8.5, 6.5 ] }
									}
								}
							]
						}
					]
				},
				{
					"name": "stem17",
					"from": [ 0.5, -0.2, -1.5 ],
					"to": [ 1.5, 1.8, -0.5 ],
					"rotationOrigin": [ 1.0, -0.1, -1.0 ],
					"rotationX": -5.0,
					"rotationY": -122.0,
					"rotationZ": 6.0,
					"faces": {
						"north": { "texture": "#plumphelmet", "uv": [ 13.0, 9.5, 14.0, 11.5 ] },
						"east": { "texture": "#plumphelmet", "uv": [ 12.0, 9.0, 13.0, 11.0 ] },
						"south": { "texture": "#plumphelmet", "uv": [ 12.5, 10.5, 13.5, 12.5 ] },
						"west": { "texture": "#plumphelmet", "uv": [ 13.5, 9.5, 14.5, 11.5 ] }
					},
					"children": [
						{
							"name": "cap18",
							"from": [ -0.8, 1.8, -0.8 ],
							"to": [ 1.7, 2.8, 1.7 ],
							"rotationOrigin": [ 0.5, 1.8, 0.5 ],
							"rotationX": -6.0,
							"rotationY": 50.0,
							"rotationZ": -3.0,
							"faces": {
								"north": { "texture": "#plumphelmet", "uv": [ 2.0, 10.5, 4.5, 11.5 ] },
								"east": { "texture": "#plumphelmet", "uv": [ 2.5, 8.0, 5.0, 9.0 ] },
								"south": { "texture": "#plumphelmet", "uv": [ 2.0, 8.5, 4.5, 9.5 ] },
								"west": { "texture": "#plumphelmet", "uv": [ 5.5, 10.0, 8.0, 11.0 ] },
								"up": { "texture": "#plumphelmet", "uv": [ 5.0, 9.5, 7.5, 12.0 ] },
								"down": { "texture": "#gills", "uv": [ 3.0, 10.0, 5.5, 12.5 ] }
							},
							"children": [
								{
									"name": "tip8",
									"from": [ 0.5, 1.0, 0.5 ],
									"to": [ 2.0, 2.5, 2.0 ],
									"rotationOrigin": [ 0.5, 1.0, 0.5 ],
									"faces": {
										"north": { "texture": "#plumphelmet", "uv": [ 1.0, 9.0, 2.5, 10.5 ] },
										"east": { "texture": "#plumphelmet", "uv": [ 5.0, 9.5, 6.5, 11.0 ] },
										"south": { "texture": "#plumphelmet", "uv": [ 4.0, 11.5, 5.5, 13.0 ] },
										"west": { "texture": "#plumphelmet", "uv": [ 4.5, 8.5, 6.0, 10.0 ] },
										"up": { "texture": "#plumphelmet", "uv": [ 5.5, 11.5, 7.0, 13.0 ] }
									}
								}
							]
						}
					]
				},
				{
					"name": "mycelium",
					"from": [ -2.0, 0.1, -2.0 ],
					"to": [ 2.0, 0.1, 2.0 ],
					"renderPass": 3,
					"rotationOrigin": [ 0.0, 0.1, 0.0 ],
					"faces": {
						"up": { "texture": "#mycelium2", "uv": [ 6.0, 6.0, 10.0, 10.0 ] }
					}
				}
			]
		}
	]}