{
	"editor": {
		"collapsedPaths": "Root/origin3,Root/origin,Root/origin2",
		"allAngles": false,
		"entityTextureMode": false
	},
	"textureWidth": 16,
	"textureHeight": 16,
	"textureSizes": {
	},
	"textures": {
		"embercap": "M:/Games/VS_18.15 Modbed/Vintagestory/Mods/Mushroomz 1.0.1/assets/game/textures/block/plant/mushroom/embercap/embercap"
	},
	"elements": [
		{
			"name": "origin",
			"from": [ 4.75, 2.6, 2.75 ],
			"to": [ 4.75, 2.6, 2.75 ],
			"rotationOrigin": [ 6.0, -0.4, 4.0 ],
			"rotationY": -22.5,
			"faces": {
			},
			"children": [
				{
					"name": "native2",
					"from": [ 0.25, -3.0, 0.5 ],
					"to": [ 2.25, -2.0, 2.0 ],
					"rotationOrigin": [ 1.0, -3.0, 1.0 ],
					"faces": {
						"north": { "texture": "#embercap", "uv": [ 11.5, 10.0, 13.5, 11.0 ] },
						"east": { "texture": "#embercap", "uv": [ 10.5, 1.5, 12.0, 2.5 ] },
						"south": { "texture": "#embercap", "uv": [ 9.5, 4.5, 11.5, 5.5 ] },
						"west": { "texture": "#embercap", "uv": [ 7.5, 12.0, 9.0, 13.0 ] },
						"up": { "texture": "#embercap", "uv": [ 9.0, 11.0, 11.0, 12.5 ] },
						"down": { "texture": "#embercap", "uv": [ 7.5, 6.0, 9.5, 7.5 ] }
					}
				},
				{
					"name": "native3",
					"from": [ 0.5, -2.0, 0.75 ],
					"to": [ 1.75, -1.75, 2.0 ],
					"rotationOrigin": [ 1.0, -3.0, 1.0 ],
					"faces": {
						"north": { "texture": "#embercap", "uv": [ 11.5, 5.0, 12.75, 5.25 ] },
						"east": { "texture": "#embercap", "uv": [ 6.5, 6.5, 7.75, 6.75 ] },
						"south": { "texture": "#embercap", "uv": [ 6.0, 10.5, 7.25, 10.75 ] },
						"west": { "texture": "#embercap", "uv": [ 0.0, 12.5, 1.25, 12.75 ] },
						"up": { "texture": "#embercap", "uv": [ 4.0, 4.0, 5.25, 5.25 ] }
					}
				},
				{
					"name": "native4",
					"from": [ 0.0, -2.25, 1.0 ],
					"to": [ 0.5, -1.75, 1.75 ],
					"rotationOrigin": [ 1.0, -3.0, 1.0 ],
					"faces": {
						"north": { "texture": "#embercap", "uv": [ 2.0, 5.0, 2.5, 5.5 ] },
						"south": { "texture": "#embercap", "uv": [ 1.5, 8.5, 2.0, 9.0 ] },
						"west": { "texture": "#embercap", "uv": [ 2.5, 11.0, 3.25, 11.5 ] },
						"up": { "texture": "#embercap", "uv": [ 6.0, 6.0, 6.5, 6.75 ] }
					}
				},
				{
					"name": "native5",
					"from": [ 0.0, -3.0, 0.75 ],
					"to": [ 0.25, -2.25, 2.0 ],
					"rotationOrigin": [ 1.0, -3.0, 1.0 ],
					"faces": {
						"north": { "texture": "#embercap", "uv": [ 2.0, 5.0, 2.25, 5.75 ] },
						"south": { "texture": "#embercap", "uv": [ 8.0, 9.0, 8.25, 9.75 ] },
						"west": { "texture": "#embercap", "uv": [ 0.5, 11.5, 1.75, 12.25 ] },
						"up": { "texture": "#embercap", "uv": [ 11.0, 3.5, 11.25, 4.75 ] },
						"down": { "texture": "#embercap", "uv": [ 7.0, 9.5, 7.25, 10.75 ] }
					}
				},
				{
					"name": "native6",
					"from": [ 1.0, -2.75, 2.0 ],
					"to": [ 2.0, -1.75, 2.25 ],
					"rotationOrigin": [ 1.0, -3.0, 1.0 ],
					"faces": {
						"east": { "texture": "#embercap", "uv": [ 7.5, 13.0, 7.75, 14.0 ] },
						"south": { "texture": "#embercap", "uv": [ 1.0, 13.5, 2.0, 14.5 ] },
						"west": { "texture": "#embercap", "uv": [ 10.0, 3.0, 10.25, 4.0 ] },
						"up": { "texture": "#embercap", "uv": [ 5.0, 11.0, 6.0, 11.25 ] },
						"down": { "texture": "#embercap", "uv": [ 7.0, 9.5, 8.0, 9.75 ] }
					}
				},
				{
					"name": "native7",
					"from": [ 1.75, -2.0, 1.0 ],
					"to": [ 2.0, -1.75, 2.0 ],
					"rotationOrigin": [ 1.0, -3.0, 1.0 ],
					"faces": {
						"north": { "texture": "#embercap", "uv": [ 2.0, 5.0, 2.25, 5.25 ] },
						"east": { "texture": "#embercap", "uv": [ 8.5, 10.0, 9.5, 10.25 ] },
						"up": { "texture": "#embercap", "uv": [ 12.5, 8.5, 12.75, 9.5 ] }
					}
				},
				{
					"name": "native8",
					"from": [ 0.25, -3.0, 2.0 ],
					"to": [ 1.0, -2.25, 2.25 ],
					"rotationOrigin": [ 1.0, -3.0, 1.0 ],
					"faces": {
						"east": { "texture": "#embercap", "uv": [ 8.5, 10.0, 8.75, 10.75 ] },
						"south": { "texture": "#embercap", "uv": [ 10.0, 12.5, 10.75, 13.25 ] },
						"west": { "texture": "#embercap", "uv": [ 10.0, 4.0, 10.25, 4.75 ] },
						"up": { "texture": "#embercap", "uv": [ 10.0, 10.5, 10.75, 10.75 ] },
						"down": { "texture": "#embercap", "uv": [ 7.0, 9.5, 7.75, 9.75 ] }
					}
				},
				{
					"name": "native9",
					"from": [ 2.0, -2.75, 0.75 ],
					"to": [ 2.5, -1.75, 1.5 ],
					"rotationOrigin": [ 1.0, -3.0, 1.0 ],
					"faces": {
						"north": { "texture": "#embercap", "uv": [ 5.0, 3.0, 5.5, 4.0 ] },
						"east": { "texture": "#embercap", "uv": [ 8.0, 6.0, 8.75, 7.0 ] },
						"south": { "texture": "#embercap", "uv": [ 8.5, 2.5, 9.0, 3.5 ] },
						"west": { "texture": "#embercap", "uv": [ 10.0, 3.0, 10.75, 4.0 ] },
						"up": { "texture": "#embercap", "uv": [ 12.5, 8.5, 13.0, 9.25 ] },
						"down": { "texture": "#embercap", "uv": [ 7.0, 9.5, 7.5, 10.25 ] }
					}
				},
				{
					"name": "native11",
					"from": [ 0.5, -1.75, 0.75 ],
					"to": [ 1.75, -1.5, 1.5 ],
					"rotationOrigin": [ 1.0, -3.0, 1.0 ],
					"faces": {
						"north": { "texture": "#embercap", "uv": [ 11.5, 5.0, 12.75, 5.25 ] },
						"east": { "texture": "#embercap", "uv": [ 6.5, 6.5, 7.25, 6.75 ] },
						"south": { "texture": "#embercap", "uv": [ 6.0, 10.5, 7.25, 10.75 ] },
						"west": { "texture": "#embercap", "uv": [ 10.0, 7.0, 10.75, 7.25 ] },
						"up": { "texture": "#embercap", "uv": [ 5.0, 5.0, 6.25, 5.75 ] }
					}
				},
				{
					"name": "native10",
					"from": [ 0.75, -2.75, 0.25 ],
					"to": [ 1.75, -1.75, 0.75 ],
					"rotationOrigin": [ 1.0, -3.0, 1.0 ],
					"faces": {
						"north": { "texture": "#embercap", "uv": [ 7.0, 13.5, 8.0, 14.5 ] },
						"east": { "texture": "#embercap", "uv": [ 12.0, 10.5, 12.5, 11.5 ] },
						"west": { "texture": "#embercap", "uv": [ 10.5, 1.5, 11.0, 2.5 ] },
						"up": { "texture": "#embercap", "uv": [ 9.5, 1.5, 10.5, 2.0 ] },
						"down": { "texture": "#embercap", "uv": [ 7.0, 9.5, 8.0, 10.0 ] }
					}
				}
			]
		},
		{
			"name": "origin2",
			"from": [ 9.75, 2.6, 12.75 ],
			"to": [ 9.75, 2.6, 12.75 ],
			"rotationOrigin": [ 11.0, -0.4, 14.0 ],
			"rotationX": -8.5,
			"rotationY": 45.0,
			"faces": {
			},
			"children": [
				{
					"name": "native12",
					"from": [ 0.25, -3.0, 0.5 ],
					"to": [ 2.25, -2.0, 2.0 ],
					"rotationOrigin": [ 1.0, -3.0, 1.0 ],
					"faces": {
						"north": { "texture": "#embercap", "uv": [ 11.5, 10.0, 13.5, 11.0 ] },
						"east": { "texture": "#embercap", "uv": [ 10.5, 1.5, 12.0, 2.5 ] },
						"south": { "texture": "#embercap", "uv": [ 9.5, 4.5, 11.5, 5.5 ] },
						"west": { "texture": "#embercap", "uv": [ 7.5, 12.0, 9.0, 13.0 ] },
						"up": { "texture": "#embercap", "uv": [ 9.0, 11.0, 11.0, 12.5 ] },
						"down": { "texture": "#embercap", "uv": [ 7.5, 6.0, 9.5, 7.5 ] }
					}
				},
				{
					"name": "native13",
					"from": [ 0.5, -2.0, 0.75 ],
					"to": [ 1.75, -1.75, 2.0 ],
					"rotationOrigin": [ 1.0, -3.0, 1.0 ],
					"faces": {
						"north": { "texture": "#embercap", "uv": [ 11.5, 5.0, 12.5, 5.5 ] },
						"east": { "texture": "#embercap", "uv": [ 6.5, 6.5, 7.5, 7.0 ] },
						"south": { "texture": "#embercap", "uv": [ 6.0, 10.5, 7.0, 11.0 ] },
						"west": { "texture": "#embercap", "uv": [ 0.0, 12.5, 1.0, 13.0 ] },
						"up": { "texture": "#embercap", "uv": [ 4.0, 4.0, 5.0, 5.0 ] }
					}
				},
				{
					"name": "native14",
					"from": [ 0.0, -2.25, 1.0 ],
					"to": [ 0.5, -1.75, 1.75 ],
					"rotationOrigin": [ 1.0, -3.0, 1.0 ],
					"faces": {
						"north": { "texture": "#embercap", "uv": [ 2.0, 5.0, 2.5, 5.5 ] },
						"south": { "texture": "#embercap", "uv": [ 1.5, 8.5, 2.0, 9.0 ] },
						"west": { "texture": "#embercap", "uv": [ 2.5, 11.0, 3.0, 11.5 ] },
						"up": { "texture": "#embercap", "uv": [ 6.0, 6.0, 6.5, 6.5 ] }
					}
				},
				{
					"name": "native15",
					"from": [ 0.0, -3.0, 0.75 ],
					"to": [ 0.25, -2.25, 2.0 ],
					"rotationOrigin": [ 1.0, -3.0, 1.0 ],
					"faces": {
						"north": { "texture": "#embercap", "uv": [ 2.0, 5.0, 2.5, 5.5 ] },
						"south": { "texture": "#embercap", "uv": [ 8.0, 9.0, 8.5, 9.5 ] },
						"west": { "texture": "#embercap", "uv": [ 0.5, 11.5, 1.5, 12.0 ] },
						"up": { "texture": "#embercap", "uv": [ 11.0, 3.5, 11.5, 4.5 ] },
						"down": { "texture": "#embercap", "uv": [ 7.0, 9.5, 7.5, 10.5 ] }
					}
				},
				{
					"name": "native16",
					"from": [ 1.0, -2.75, 2.0 ],
					"to": [ 2.0, -1.75, 2.25 ],
					"rotationOrigin": [ 1.0, -3.0, 1.0 ],
					"faces": {
						"east": { "texture": "#embercap", "uv": [ 7.5, 13.0, 8.0, 14.0 ] },
						"south": { "texture": "#embercap", "uv": [ 1.0, 13.5, 2.0, 14.5 ] },
						"west": { "texture": "#embercap", "uv": [ 10.0, 3.0, 10.5, 4.0 ] },
						"up": { "texture": "#embercap", "uv": [ 5.0, 11.0, 6.0, 11.5 ] },
						"down": { "texture": "#embercap", "uv": [ 7.0, 9.5, 8.0, 10.0 ] }
					}
				},
				{
					"name": "native17",
					"from": [ 1.75, -2.0, 1.0 ],
					"to": [ 2.0, -1.75, 2.0 ],
					"rotationOrigin": [ 1.0, -3.0, 1.0 ],
					"faces": {
						"north": { "texture": "#embercap", "uv": [ 2.0, 5.0, 2.5, 5.5 ] },
						"east": { "texture": "#embercap", "uv": [ 8.5, 10.0, 9.5, 10.5 ] },
						"up": { "texture": "#embercap", "uv": [ 12.5, 8.5, 13.0, 9.5 ] }
					}
				},
				{
					"name": "native18",
					"from": [ 0.25, -3.0, 2.0 ],
					"to": [ 1.0, -2.25, 2.25 ],
					"rotationOrigin": [ 1.0, -3.0, 1.0 ],
					"faces": {
						"east": { "texture": "#embercap", "uv": [ 8.5, 10.0, 9.0, 10.5 ] },
						"south": { "texture": "#embercap", "uv": [ 10.0, 12.5, 10.5, 13.0 ] },
						"west": { "texture": "#embercap", "uv": [ 10.0, 4.0, 10.5, 4.5 ] },
						"up": { "texture": "#embercap", "uv": [ 10.0, 10.5, 10.5, 11.0 ] },
						"down": { "texture": "#embercap", "uv": [ 7.0, 9.5, 7.5, 10.0 ] }
					}
				},
				{
					"name": "native19",
					"from": [ 2.0, -2.75, 0.75 ],
					"to": [ 2.5, -1.75, 1.5 ],
					"rotationOrigin": [ 1.0, -3.0, 1.0 ],
					"faces": {
						"north": { "texture": "#embercap", "uv": [ 5.0, 3.0, 5.5, 4.0 ] },
						"east": { "texture": "#embercap", "uv": [ 8.0, 6.0, 8.5, 7.0 ] },
						"south": { "texture": "#embercap", "uv": [ 8.5, 2.5, 9.0, 3.5 ] },
						"west": { "texture": "#embercap", "uv": [ 10.0, 3.0, 10.5, 4.0 ] },
						"up": { "texture": "#embercap", "uv": [ 12.5, 8.5, 13.0, 9.0 ] },
						"down": { "texture": "#embercap", "uv": [ 7.0, 9.5, 7.5, 10.0 ] }
					}
				},
				{
					"name": "native20",
					"from": [ 0.5, -1.75, 0.75 ],
					"to": [ 1.75, -1.5, 1.5 ],
					"rotationOrigin": [ 1.0, -3.0, 1.0 ],
					"faces": {
						"north": { "texture": "#embercap", "uv": [ 11.5, 5.0, 12.5, 5.5 ] },
						"east": { "texture": "#embercap", "uv": [ 6.5, 6.5, 7.0, 7.0 ] },
						"south": { "texture": "#embercap", "uv": [ 6.0, 10.5, 7.0, 11.0 ] },
						"west": { "texture": "#embercap", "uv": [ 10.0, 7.0, 10.5, 7.5 ] },
						"up": { "texture": "#embercap", "uv": [ 5.0, 5.0, 6.0, 5.5 ] }
					}
				},
				{
					"name": "native21",
					"from": [ 0.75, -2.75, 0.25 ],
					"to": [ 1.75, -1.75, 0.75 ],
					"rotationOrigin": [ 1.0, -3.0, 1.0 ],
					"faces": {
						"north": { "texture": "#embercap", "uv": [ 7.0, 13.5, 8.0, 14.5 ] },
						"east": { "texture": "#embercap", "uv": [ 12.0, 10.5, 12.5, 11.5 ] },
						"west": { "texture": "#embercap", "uv": [ 10.5, 1.5, 11.0, 2.5 ] },
						"up": { "texture": "#embercap", "uv": [ 9.5, 1.5, 10.5, 2.0 ] },
						"down": { "texture": "#embercap", "uv": [ 7.0, 9.5, 8.0, 10.0 ] }
					}
				}
			]
		},
		{
			"name": "origin3",
			"from": [ 3.5625, 1.95, 6.5625 ],
			"to": [ 3.5625, 1.95, 6.5625 ],
			"rotationOrigin": [ 4.5, -0.3, 7.5 ],
			"rotationX": 5.5,
			"rotationY": -161.0,
			"rotationZ": -3.0,
			"faces": {
			},
			"children": [
				{
					"name": "native22",
					"from": [ 0.1875, -2.25, 0.375 ],
					"to": [ 1.6875, -1.5, 1.5 ],
					"rotationOrigin": [ 0.75, -2.25, 0.75 ],
					"faces": {
						"north": { "texture": "#embercap", "uv": [ 11.5, 10.0, 13.0, 10.75 ] },
						"east": { "texture": "#embercap", "uv": [ 10.5, 1.5, 11.625, 2.25 ] },
						"south": { "texture": "#embercap", "uv": [ 9.5, 4.5, 11.0, 5.25 ] },
						"west": { "texture": "#embercap", "uv": [ 7.5, 12.0, 8.625, 12.75 ] },
						"up": { "texture": "#embercap", "uv": [ 9.0, 11.0, 10.5, 12.125 ] },
						"down": { "texture": "#embercap", "uv": [ 7.5, 6.0, 9.0, 7.125 ] }
					}
				},
				{
					"name": "native23",
					"from": [ 0.375, -1.5, 0.5625 ],
					"to": [ 1.3125, -1.3125, 1.5 ],
					"rotationOrigin": [ 0.75, -2.25, 0.75 ],
					"faces": {
						"north": { "texture": "#embercap", "uv": [ 11.5, 5.0, 12.25, 5.375 ] },
						"east": { "texture": "#embercap", "uv": [ 6.5, 6.5, 7.25, 6.875 ] },
						"south": { "texture": "#embercap", "uv": [ 6.0, 10.5, 6.75, 10.875 ] },
						"west": { "texture": "#embercap", "uv": [ 0.0, 12.5, 0.75, 12.875 ] },
						"up": { "texture": "#embercap", "uv": [ 4.0, 4.0, 4.75, 4.75 ] }
					}
				},
				{
					"name": "native24",
					"from": [ 0.0, -1.6875, 0.75 ],
					"to": [ 0.375, -1.3125, 1.3125 ],
					"rotationOrigin": [ 0.75, -2.25, 0.75 ],
					"faces": {
						"north": { "texture": "#embercap", "uv": [ 2.0, 5.0, 2.375, 5.375 ] },
						"south": { "texture": "#embercap", "uv": [ 1.5, 8.5, 1.875, 8.875 ] },
						"west": { "texture": "#embercap", "uv": [ 2.5, 11.0, 2.875, 11.375 ] },
						"up": { "texture": "#embercap", "uv": [ 6.0, 6.0, 6.375, 6.375 ] }
					}
				},
				{
					"name": "native25",
					"from": [ 0.0, -2.25, 0.5625 ],
					"to": [ 0.1875, -1.6875, 1.5 ],
					"rotationOrigin": [ 0.75, -2.25, 0.75 ],
					"faces": {
						"north": { "texture": "#embercap", "uv": [ 2.0, 5.0, 2.375, 5.375 ] },
						"south": { "texture": "#embercap", "uv": [ 8.0, 9.0, 8.375, 9.375 ] },
						"west": { "texture": "#embercap", "uv": [ 0.5, 11.5, 1.25, 11.875 ] },
						"up": { "texture": "#embercap", "uv": [ 11.0, 3.5, 11.375, 4.25 ] },
						"down": { "texture": "#embercap", "uv": [ 7.0, 9.5, 7.375, 10.25 ] }
					}
				},
				{
					"name": "native26",
					"from": [ 0.75, -2.0625, 1.5 ],
					"to": [ 1.5, -1.3125, 1.6875 ],
					"rotationOrigin": [ 0.75, -2.25, 0.75 ],
					"faces": {
						"east": { "texture": "#embercap", "uv": [ 7.5, 13.0, 7.875, 13.75 ] },
						"south": { "texture": "#embercap", "uv": [ 1.0, 13.5, 1.75, 14.25 ] },
						"west": { "texture": "#embercap", "uv": [ 10.0, 3.0, 10.375, 3.75 ] },
						"up": { "texture": "#embercap", "uv": [ 5.0, 11.0, 5.75, 11.375 ] },
						"down": { "texture": "#embercap", "uv": [ 7.0, 9.5, 7.75, 9.875 ] }
					}
				},
				{
					"name": "native27",
					"from": [ 1.3125, -1.5, 0.75 ],
					"to": [ 1.5, -1.3125, 1.5 ],
					"rotationOrigin": [ 0.75, -2.25, 0.75 ],
					"faces": {
						"north": { "texture": "#embercap", "uv": [ 2.0, 5.0, 2.375, 5.375 ] },
						"east": { "texture": "#embercap", "uv": [ 8.5, 10.0, 9.25, 10.375 ] },
						"up": { "texture": "#embercap", "uv": [ 12.5, 8.5, 12.875, 9.25 ] }
					}
				},
				{
					"name": "native28",
					"from": [ 0.1875, -2.25, 1.5 ],
					"to": [ 0.75, -1.6875, 1.6875 ],
					"rotationOrigin": [ 0.75, -2.25, 0.75 ],
					"faces": {
						"east": { "texture": "#embercap", "uv": [ 8.5, 10.0, 8.875, 10.375 ] },
						"south": { "texture": "#embercap", "uv": [ 10.0, 12.5, 10.375, 12.875 ] },
						"west": { "texture": "#embercap", "uv": [ 10.0, 4.0, 10.375, 4.375 ] },
						"up": { "texture": "#embercap", "uv": [ 10.0, 10.5, 10.375, 10.875 ] },
						"down": { "texture": "#embercap", "uv": [ 7.0, 9.5, 7.375, 9.875 ] }
					}
				},
				{
					"name": "native29",
					"from": [ 1.5, -2.0625, 0.5625 ],
					"to": [ 1.875, -1.3125, 1.125 ],
					"rotationOrigin": [ 0.75, -2.25, 0.75 ],
					"faces": {
						"north": { "texture": "#embercap", "uv": [ 5.0, 3.0, 5.375, 3.75 ] },
						"east": { "texture": "#embercap", "uv": [ 8.0, 6.0, 8.375, 6.75 ] },
						"south": { "texture": "#embercap", "uv": [ 8.5, 2.5, 8.875, 3.25 ] },
						"west": { "texture": "#embercap", "uv": [ 10.0, 3.0, 10.375, 3.75 ] },
						"up": { "texture": "#embercap", "uv": [ 12.5, 8.5, 12.875, 8.875 ] },
						"down": { "texture": "#embercap", "uv": [ 7.0, 9.5, 7.375, 9.875 ] }
					}
				},
				{
					"name": "native30",
					"from": [ 0.375, -1.3125, 0.5625 ],
					"to": [ 1.3125, -1.125, 1.125 ],
					"rotationOrigin": [ 0.75, -2.25, 0.75 ],
					"faces": {
						"north": { "texture": "#embercap", "uv": [ 11.5, 5.0, 12.25, 5.375 ] },
						"east": { "texture": "#embercap", "uv": [ 6.5, 6.5, 6.875, 6.875 ] },
						"south": { "texture": "#embercap", "uv": [ 6.0, 10.5, 6.75, 10.875 ] },
						"west": { "texture": "#embercap", "uv": [ 10.0, 7.0, 10.375, 7.375 ] },
						"up": { "texture": "#embercap", "uv": [ 5.0, 5.0, 5.75, 5.375 ] }
					}
				},
				{
					"name": "native31",
					"from": [ 0.5625, -2.0625, 0.1875 ],
					"to": [ 1.3125, -1.3125, 0.5625 ],
					"rotationOrigin": [ 0.75, -2.25, 0.75 ],
					"faces": {
						"north": { "texture": "#embercap", "uv": [ 7.0, 13.5, 7.75, 14.25 ] },
						"east": { "texture": "#embercap", "uv": [ 12.0, 10.5, 12.375, 11.25 ] },
						"west": { "texture": "#embercap", "uv": [ 10.5, 1.5, 10.875, 2.25 ] },
						"up": { "texture": "#embercap", "uv": [ 9.5, 1.5, 10.25, 1.875 ] },
						"down": { "texture": "#embercap", "uv": [ 7.0, 9.5, 7.75, 9.875 ] }
					}
				}
			]
		}
	]}